2024-02-10 15:14:46.699	-0.355469	0.438721	-0.827637	15.99121	1.342773	-7.263183
2024-02-10 15:14:46.709	-0.350098	0.437988	-0.826172	16.357422	-0.183105	-7.324218
2024-02-10 15:14:46.719	-0.343018	0.438965	-0.822998	16.845703	-1.159668	-7.019042
2024-02-10 15:14:46.729	-0.334961	0.434814	-0.822998	16.906738	-1.403808	-6.469726
2024-02-10 15:14:46.740	-0.327881	0.431152	-0.825195	16.967773	-1.525879	-5.737304
2024-02-10 15:14:46.750	-0.325928	0.429932	-0.827393	16.723633	-1.403808	-5.065917
2024-02-10 15:14:46.760	-0.330078	0.428467	-0.824463	16.235352	-1.098633	-4.455566
2024-02-10 15:14:46.770	-0.330322	0.426025	-0.820557	15.747069	-0.854492	-4.150391
2024-02-10 15:14:46.780	-0.330566	0.424805	-0.820068	14.648437	-0.793457	-3.967285
2024-02-10 15:14:46.791	-0.333008	0.415283	-0.817627	13.305663	-0.976562	-4.02832
2024-02-10 15:14:46.801	-0.335205	0.407471	-0.8125	12.695312	-1.464844	-3.723144
2024-02-10 15:14:46.811	-0.33374	0.397705	-0.809082	12.634276	-2.01416	-3.234863
2024-02-10 15:14:46.821	-0.334717	0.396484	-0.807373	13.244628	-2.807617	-2.685547
2024-02-10 15:14:46.832	-0.335205	0.40625	-0.812256	14.09912	-3.540039	-2.075195
2024-02-10 15:14:46.842	-0.337158	0.414795	-0.814941	14.526366	-3.967285	-1.342773
2024-02-10 15:14:46.852	-0.338623	0.419678	-0.82251	13.97705	-4.211426	-1.037598
2024-02-10 15:14:46.862	-0.338623	0.422607	-0.832275	12.634276	-4.394531	-0.732422
2024-02-10 15:14:46.873	-0.337646	0.419189	-0.841553	11.047362	-4.333496	-0.427246
2024-02-10 15:14:46.883	-0.333252	0.414307	-0.840088	9.82666	-4.394531	-0.183105
2024-02-10 15:14:46.893	-0.329346	0.409668	-0.838623	8.789063	-4.211426	0.0
2024-02-10 15:14:46.903	-0.327637	0.402588	-0.83667	7.690429	-3.540039	0.244141
2024-02-10 15:14:46.914	-0.323486	0.394043	-0.832031	7.019042	-2.746582	0.488281
2024-02-10 15:14:46.924	-0.324219	0.389404	-0.830078	6.591796	-1.770019	0.793457
2024-02-10 15:14:46.934	-0.324951	0.389648	-0.835449	6.652832	-0.671387	1.037598
2024-02-10 15:14:46.944	-0.326416	0.390869	-0.831299	6.835937	0.610352	1.220703
2024-02-10 15:14:46.955	-0.326416	0.390381	-0.830322	6.958007	1.953125	1.586914
2024-02-10 15:14:46.965	-0.32666	0.392822	-0.829834	6.896972	2.929687	1.89209
2024-02-10 15:14:46.975	-0.333496	0.393555	-0.824707	6.530761	3.784179	2.258301
2024-02-10 15:14:46.986	-0.338623	0.390869	-0.820557	6.713867	4.394531	2.929687
2024-02-10 15:14:46.996	-0.337891	0.387207	-0.82373	7.629394	4.516602	3.845215
2024-02-10 15:14:47.006	-0.339844	0.388428	-0.823975	8.300781	3.967285	4.699707
2024-02-10 15:14:47.016	-0.341553	0.390625	-0.823486	8.239746	3.051758	5.371093
2024-02-10 15:14:47.027	-0.336914	0.391113	-0.826416	7.629394	2.197266	5.554199
2024-02-10 15:14:47.037	-0.331299	0.387207	-0.829834	6.835937	1.220703	5.310058
2024-02-10 15:14:47.047	-0.323975	0.382813	-0.830322	6.530761	0.549316	5.004883
2024-02-10 15:14:47.057	-0.321045	0.382324	-0.82959	6.530761	0.061035	4.699707
2024-02-10 15:14:47.068	-0.31958	0.384766	-0.834229	6.530761	-0.061035	4.272461
2024-02-10 15:14:47.078	-0.318359	0.383545	-0.83252	6.103515	0.0	4.02832
2024-02-10 15:14:47.088	-0.322021	0.378906	-0.83252	5.554199	0.12207	3.967285
2024-02-10 15:14:47.098	-0.32959	0.375732	-0.830566	5.249023	0.12207	4.089355
2024-02-10 15:14:47.109	-0.333008	0.378662	-0.832031	5.065917	-0.12207	4.394531
2024-02-10 15:14:47.119	-0.332275	0.37793	-0.837158	4.577637	-0.793457	4.272461
2024-02-10 15:14:47.129	-0.333008	0.379883	-0.838623	4.516602	-1.708984	4.089355
2024-02-10 15:14:47.139	-0.327393	0.383301	-0.837891	4.943848	-2.441406	3.967285
2024-02-10 15:14:47.150	-0.325195	0.388428	-0.841064	4.882813	-2.807617	3.662109
2024-02-10 15:14:47.159	-0.321045	0.390869	-0.84375	4.333496	-2.929687	3.540039
2024-02-10 15:14:47.169	-0.317383	0.391113	-0.844971	3.540039	-2.563476	3.540039
2024-02-10 15:14:47.180	-0.320801	0.388672	-0.841064	2.502441	-2.075195	3.723144
2024-02-10 15:14:47.189	-0.320801	0.386475	-0.839111	1.708984	-1.647949	4.089355
2024-02-10 15:14:47.200	-0.323486	0.382324	-0.8396	0.976562	-1.403808	4.577637
2024-02-10 15:14:47.209	-0.326416	0.382813	-0.835693	0.488281	-1.342773	5.004883
2024-02-10 15:14:47.220	-0.328125	0.380371	-0.830078	-0.183105	-1.281738	5.249023
2024-02-10 15:14:47.229	-0.328125	0.380859	-0.834961	-0.915527	-1.464844	5.371093
2024-02-10 15:14:47.240	-0.329102	0.375488	-0.83667	-1.525879	-2.01416	5.493164
2024-02-10 15:14:47.250	-0.330078	0.365967	-0.832031	-1.464844	-2.746582	5.798339
2024-02-10 15:14:47.260	-0.32666	0.359863	-0.832275	-0.671387	-3.479004	6.04248
2024-02-10 15:14:47.270	-0.322754	0.361084	-0.83374	0.305176	-4.150391	5.859375
2024-02-10 15:14:47.279	-0.31543	0.366943	-0.839111	0.915527	-4.455566	5.371093
2024-02-10 15:14:47.290	-0.315674	0.379395	-0.844238	1.464844	-4.272461	4.821777
2024-02-10 15:14:47.299	-0.313477	0.391846	-0.845215	1.464844	-3.479004	4.516602
2024-02-10 15:14:47.310	-0.309814	0.397217	-0.850098	0.244141	-2.563476	4.089355
2024-02-10 15:14:47.319	-0.313232	0.393066	-0.851807	-1.037598	-1.708984	3.723144
2024-02-10 15:14:47.330	-0.317383	0.384277	-0.857178	-1.708984	-0.976562	3.662109
2024-02-10 15:14:47.340	-0.324219	0.377686	-0.857178	-1.831055	-0.732422	3.662109
2024-02-10 15:14:47.349	-0.330078	0.376953	-0.856445	-1.647949	-0.915527	3.662109
2024-02-10 15:14:47.360	-0.331299	0.374756	-0.854736	-1.525879	-1.342773	3.479004
2024-02-10 15:14:47.369	-0.32959	0.376465	-0.854736	-1.525879	-1.770019	3.295898
2024-02-10 15:14:47.380	-0.325195	0.381104	-0.851563	-1.098633	-2.075195	3.173828
2024-02-10 15:14:47.389	-0.322998	0.385254	-0.855225	-0.610352	-2.075195	3.112793
2024-02-10 15:14:47.400	-0.323242	0.393311	-0.85791	-0.488281	-1.953125	2.990722
2024-02-10 15:14:47.409	-0.327148	0.394287	-0.856689	-0.915527	-1.831055	2.990722
2024-02-10 15:14:47.419	-0.32959	0.385254	-0.85376	-1.525879	-1.770019	3.173828
2024-02-10 15:14:47.430	-0.331543	0.379639	-0.852295	-1.403808	-1.708984	3.540039
2024-02-10 15:14:47.439	-0.326172	0.377197	-0.850098	-0.854492	-1.953125	3.90625
2024-02-10 15:14:47.450	-0.326904	0.378174	-0.847168	-0.671387	-2.441406	3.967285
2024-02-10 15:14:47.459	-0.32666	0.380127	-0.8479	-0.427246	-2.868652	3.784179
2024-02-10 15:14:47.470	-0.320068	0.380615	-0.849365	-0.244141	-2.929687	3.479004
2024-02-10 15:14:47.479	-0.315918	0.385498	-0.848145	-0.061035	-3.051758	3.112793
2024-02-10 15:14:47.490	-0.313965	0.389404	-0.844482	-0.12207	-2.868652	2.502441
2024-02-10 15:14:47.500	-0.310059	0.38623	-0.844727	-0.488281	-2.380371	2.075195
2024-02-10 15:14:47.510	-0.310791	0.38501	-0.844482	-0.610352	-1.89209	1.831055
2024-02-10 15:14:47.520	-0.312744	0.385498	-0.842529	-0.610352	-1.220703	1.525879
2024-02-10 15:14:47.529	-0.317139	0.385254	-0.840088	-0.671387	-0.427246	1.464844
2024-02-10 15:14:47.540	-0.321777	0.386963	-0.840088	-0.610352	0.366211	1.220703
2024-02-10 15:14:47.549	-0.326172	0.387695	-0.842773	-0.488281	0.976562	0.915527
2024-02-10 15:14:47.560	-0.329834	0.387451	-0.844971	-0.610352	1.281738	0.732422
2024-02-10 15:14:47.570	-0.331299	0.384277	-0.845703	-0.610352	1.098633	0.488281
2024-02-10 15:14:47.580	-0.330811	0.384766	-0.844971	-0.427246	0.793457	0.488281
2024-02-10 15:14:47.590	-0.326904	0.38501	-0.846436	-0.366211	0.427246	0.549316
2024-02-10 15:14:47.601	-0.326172	0.38623	-0.844971	-0.427246	0.244141	0.488281
2024-02-10 15:14:47.611	-0.32373	0.386719	-0.845947	-0.305176	0.183105	0.610352
2024-02-10 15:14:47.621	-0.326172	0.388916	-0.847168	-0.244141	0.244141	0.427246
2024-02-10 15:14:47.632	-0.328125	0.393311	-0.847168	-0.12207	0.061035	0.305176
2024-02-10 15:14:47.642	-0.328369	0.394775	-0.849365	-0.061035	0.061035	0.244141
2024-02-10 15:14:47.652	-0.330322	0.391846	-0.849609	-0.488281	-0.12207	0.305176
2024-02-10 15:14:47.662	-0.331543	0.389404	-0.849121	-0.915527	-0.366211	0.366211
2024-02-10 15:14:47.673	-0.333008	0.388916	-0.850586	-1.281738	-0.549316	0.366211
2024-02-10 15:14:47.683	-0.332764	0.385986	-0.851563	-1.89209	-0.854492	0.305176
2024-02-10 15:14:47.693	-0.335205	0.378906	-0.851807	-2.319336	-1.464844	0.244141
2024-02-10 15:14:47.703	-0.336182	0.375	-0.84668	-1.831055	-2.258301	0.244141
2024-02-10 15:14:47.714	-0.333496	0.372314	-0.844971	-0.915527	-3.234863	0.366211
2024-02-10 15:14:47.724	-0.329834	0.374268	-0.843506	0.244141	-4.455566	0.610352
2024-02-10 15:14:47.734	-0.325684	0.38623	-0.841309	0.915527	-5.065917	0.915527
2024-02-10 15:14:47.744	-0.320557	0.395996	-0.843994	0.915527	-5.004883	1.220703
2024-02-10 15:14:47.755	-0.316162	0.407227	-0.846191	0.427246	-4.455566	1.464844
2024-02-10 15:14:47.765	-0.315186	0.407959	-0.846436	-0.549316	-3.723144	1.708984
2024-02-10 15:14:47.775	-0.316406	0.402588	-0.846436	-1.770019	-2.990722	1.953125
2024-02-10 15:14:47.785	-0.318848	0.395264	-0.8479	-2.807617	-2.258301	2.441406
2024-02-10 15:14:47.796	-0.322754	0.392578	-0.848633	-3.234863	-1.708984	3.356933
2024-02-10 15:14:47.806	-0.327637	0.390869	-0.855957	-3.601074	-1.098633	4.211426
2024-02-10 15:14:47.816	-0.329102	0.393066	-0.862793	-4.394531	-0.366211	4.882813
2024-02-10 15:14:47.826	-0.335449	0.396973	-0.869385	-6.408691	0.488281	5.310058
2024-02-10 15:14:47.837	-0.343018	0.394287	-0.880127	-8.178711	1.586914	6.225585
2024-02-10 15:14:47.847	-0.346436	0.393311	-0.876709	-7.080078	2.441406	8.728027
2024-02-10 15:14:47.857	-0.354492	0.406006	-0.876465	-3.662109	2.624511	13.305663
2024-02-10 15:14:47.867	-0.365967	0.425537	-0.874023	-0.976562	1.89209	19.40918
2024-02-10 15:14:47.877	-0.371582	0.437988	-0.86499	-0.427246	0.183105	26.30615
2024-02-10 15:14:47.888	-0.37207	0.439209	-0.853516	-0.12207	-2.624511	33.569336
2024-02-10 15:14:47.898	-0.364746	0.438477	-0.848633	0.305176	-6.103515	40.52734
2024-02-10 15:14:47.908	-0.350586	0.435059	-0.853516	-0.427246	-9.521484	45.593258
2024-02-10 15:14:47.918	-0.33667	0.424561	-0.859131	-1.953125	-13.061522	48.889156
2024-02-10 15:14:47.929	-0.315186	0.404053	-0.862305	-2.197266	-16.235352	51.208492
2024-02-10 15:14:47.939	-0.298584	0.396729	-0.863281	-0.183105	-18.310547	53.527828
2024-02-10 15:14:47.949	-0.283691	0.396729	-0.86377	2.075195	-19.40918	55.175777
2024-02-10 15:14:47.959	-0.268311	0.397461	-0.865479	3.479004	-20.202635	56.03027
2024-02-10 15:14:47.970	-0.25415	0.394287	-0.859619	3.967285	-20.324705	56.091305
2024-02-10 15:14:47.979	-0.246338	0.38916	-0.861572	4.272461	-20.26367	55.419918
2024-02-10 15:14:47.990	-0.238281	0.382813	-0.861572	5.554199	-19.714355	55.053707
2024-02-10 15:14:48.000	-0.230469	0.382813	-0.86499	7.507324	-18.127441	54.687496
2024-02-10 15:14:48.009	-0.228271	0.391602	-0.86499	9.643555	-16.357422	54.077145
2024-02-10 15:14:48.020	-0.226563	0.401611	-0.861328	11.596679	-14.526366	53.344723
2024-02-10 15:14:48.029	-0.228271	0.411865	-0.86084	12.756347	-12.390136	52.612301
2024-02-10 15:14:48.040	-0.236084	0.42041	-0.854736	12.817382	-10.253905	52.001949
2024-02-10 15:14:48.049	-0.242188	0.42334	-0.847656	12.329101	-8.483887	51.452633
2024-02-10 15:14:48.060	-0.249512	0.417236	-0.843994	11.108397	-7.568359	50.659176
2024-02-10 15:14:48.069	-0.25708	0.412109	-0.838135	10.437011	-7.8125	49.987789
2024-02-10 15:14:48.080	-0.260742	0.404297	-0.834229	10.009766	-8.850098	49.011227
2024-02-10 15:14:48.090	-0.266846	0.397217	-0.835693	10.253905	-10.437011	47.973629
2024-02-10 15:14:48.099	-0.272461	0.398682	-0.834717	11.779784	-12.268065	47.973629
2024-02-10 15:14:48.110	-0.273438	0.412109	-0.829346	13.732909	-14.465331	48.46191
2024-02-10 15:14:48.119	-0.275391	0.427002	-0.823975	14.526366	-17.028809	48.828121
2024-02-10 15:14:48.130	-0.270996	0.433594	-0.831055	13.366698	-19.470215	48.522945
2024-02-10 15:14:48.139	-0.264648	0.430908	-0.830566	11.230468	-21.850584	48.21777
2024-02-10 15:14:48.150	-0.262695	0.427002	-0.834717	9.58252	-23.620604	48.400875
2024-02-10 15:14:48.159	-0.262207	0.422852	-0.838379	9.033203	-24.902342	49.011227
2024-02-10 15:14:48.169	-0.259033	0.425537	-0.839111	9.338379	-25.817869	49.926754
2024-02-10 15:14:48.180	-0.259766	0.436035	-0.830566	9.765625	-26.672361	51.025387
2024-02-10 15:14:48.189	-0.260742	0.436279	-0.822266	9.82666	-27.587889	51.940914
2024-02-10 15:14:48.200	-0.255615	0.433594	-0.815186	9.216309	-28.625486	52.12402
2024-02-10 15:14:48.209	-0.25293	0.433838	-0.816406	8.422852	-29.846189	51.879879
2024-02-10 15:14:48.220	-0.24585	0.428955	-0.821045	7.873535	-30.334471	51.391598
2024-02-10 15:14:48.229	-0.23584	0.433105	-0.814209	8.361816	-29.846189	51.208492
2024-02-10 15:14:48.240	-0.230225	0.444092	-0.813965	9.277344	-28.19824	51.391598
2024-02-10 15:14:48.250	-0.22876	0.450684	-0.804199	9.155273	-26.123045	51.574703
2024-02-10 15:14:48.260	-0.224365	0.453125	-0.804443	8.117676	-23.742674	51.269527
2024-02-10 15:14:48.270	-0.217041	0.450928	-0.809326	6.896972	-20.935057	50.537106
2024-02-10 15:14:48.279	-0.217773	0.440674	-0.815186	5.737304	-18.249512	49.255367
2024-02-10 15:14:48.290	-0.215332	0.428223	-0.821777	4.943848	-15.319823	47.424313
2024-02-10 15:14:48.299	-0.212891	0.417236	-0.819824	4.943848	-12.573241	44.921871
2024-02-10 15:14:48.310	-0.207764	0.410889	-0.816406	5.432128	-9.70459	41.625973
2024-02-10 15:14:48.319	-0.207764	0.412109	-0.812988	6.16455	-6.591796	37.780762
2024-02-10 15:14:48.330	-0.212158	0.416504	-0.812744	6.774902	-3.601074	33.752441
2024-02-10 15:14:48.340	-0.218506	0.418457	-0.817139	7.995605	-0.854492	29.785154
2024-02-10 15:14:48.349	-0.223633	0.427246	-0.818848	9.521484	1.281738	26.06201
2024-02-10 15:14:48.360	-0.235352	0.438477	-0.820313	10.31494	3.112793	22.460936
2024-02-10 15:14:48.370	-0.244873	0.445801	-0.820313	10.131835	4.516602	19.40918
2024-02-10 15:14:48.380	-0.25293	0.448242	-0.824219	9.460449	5.004883	16.784668
2024-02-10 15:14:48.390	-0.256836	0.448975	-0.828369	8.361816	4.760742	14.160155
2024-02-10 15:14:48.401	-0.261963	0.448975	-0.83667	7.873535	3.845215	11.718749
2024-02-10 15:14:48.411	-0.264893	0.452393	-0.843506	8.239746	2.807617	10.131835
2024-02-10 15:14:48.421	-0.263916	0.454834	-0.847656	8.422852	1.647949	8.789063
2024-02-10 15:14:48.431	-0.262939	0.455566	-0.849121	8.422852	0.427246	7.507324
2024-02-10 15:14:48.442	-0.258545	0.461426	-0.855957	8.178711	-0.610352	6.408691
2024-02-10 15:14:48.452	-0.255615	0.462402	-0.861572	7.873535	-1.220703	5.126953
2024-02-10 15:14:48.462	-0.253662	0.458496	-0.865479	7.507324	-1.281738	3.90625
2024-02-10 15:14:48.472	-0.249756	0.454834	-0.867188	7.629394	-1.037598	3.173828
2024-02-10 15:14:48.483	-0.249268	0.448975	-0.869141	8.056641	-0.12207	2.502441
2024-02-10 15:14:48.493	-0.248535	0.442383	-0.879395	8.361816	1.220703	2.197266
2024-02-10 15:14:48.503	-0.249512	0.437256	-0.88623	8.728027	2.624511	1.89209
2024-02-10 15:14:48.513	-0.248779	0.439209	-0.893066	9.277344	3.845215	1.464844
2024-02-10 15:14:48.524	-0.245361	0.43457	-0.901611	9.58252	4.882813	0.244141
2024-02-10 15:14:48.534	-0.235352	0.422363	-0.907227	10.559081	5.981445	-1.281738
2024-02-10 15:14:48.544	-0.22583	0.412109	-0.91333	12.329101	6.652832	-3.173828
2024-02-10 15:14:48.554	-0.221191	0.407715	-0.913086	14.465331	7.385253	-5.371093
2024-02-10 15:14:48.564	-0.219727	0.406006	-0.91333	16.662598	8.728027	-7.324218
2024-02-10 15:14:48.575	-0.216309	0.408203	-0.915039	18.737793	10.742187	-9.033203
2024-02-10 15:14:48.585	-0.217773	0.412598	-0.916504	20.629881	12.756347	-10.498046
2024-02-10 15:14:48.595	-0.229492	0.413818	-0.92041	22.27783	14.831542	-11.474608
2024-02-10 15:14:48.605	-0.241943	0.41626	-0.927002	23.681639	15.99121	-12.329101
2024-02-10 15:14:48.616	-0.253906	0.41748	-0.928223	24.475096	16.174316	-13.366698
2024-02-10 15:14:48.626	-0.26709	0.416992	-0.925049	24.902342	15.624999	-14.343261
2024-02-10 15:14:48.636	-0.280029	0.408447	-0.922852	25.512693	14.404296	-15.014647
2024-02-10 15:14:48.646	-0.283936	0.406006	-0.918457	26.428221	12.145995	-15.441894
2024-02-10 15:14:48.657	-0.282471	0.410156	-0.919678	26.611326	9.399414	-15.86914
2024-02-10 15:14:48.667	-0.278809	0.4104	-0.91748	26.489256	6.469726	-15.99121
2024-02-10 15:14:48.677	-0.269531	0.412354	-0.914307	26.123045	4.089355	-15.441894
2024-02-10 15:14:48.687	-0.262695	0.411621	-0.90918	25.451658	2.258301	-14.465331
2024-02-10 15:14:48.698	-0.25708	0.408691	-0.908691	24.353025	0.671387	-13.427733
2024-02-10 15:14:48.708	-0.255127	0.4021	-0.911133	23.071287	-0.854492	-12.817382
2024-02-10 15:14:48.718	-0.254639	0.393311	-0.914795	21.362303	-2.13623	-12.939452
2024-02-10 15:14:48.729	-0.252686	0.379883	-0.915771	19.65332	-3.173828	-13.061522
2024-02-10 15:14:48.739	-0.246826	0.368896	-0.916504	18.981934	-4.02832	-13.183593
2024-02-10 15:14:48.749	-0.241211	0.360107	-0.919434	19.104004	-4.455566	-12.939452
2024-02-10 15:14:48.759	-0.237305	0.354004	-0.923096	19.104004	-4.577637	-12.756347
2024-02-10 15:14:48.770	-0.236328	0.349609	-0.92627	19.348145	-4.333496	-12.329101
2024-02-10 15:14:48.779	-0.235352	0.345215	-0.925537	20.1416	-4.150391	-11.901855
2024-02-10 15:14:48.790	-0.238525	0.342529	-0.928467	20.812986	-3.90625	-11.901855
2024-02-10 15:14:48.799	-0.236816	0.341797	-0.931885	21.057127	-3.540039	-12.512206
2024-02-10 15:14:48.810	-0.232666	0.335449	-0.928711	21.423338	-2.746582	-13.366698
2024-02-10 15:14:48.819	-0.233154	0.327881	-0.923828	22.3999	-1.831055	-13.97705
2024-02-10 15:14:48.830	-0.231689	0.326172	-0.925781	24.04785	-0.366211	-14.22119
2024-02-10 15:14:48.840	-0.232666	0.326904	-0.925781	25.695799	1.159668	-14.343261
2024-02-10 15:14:48.849	-0.236084	0.328613	-0.930908	26.916502	2.929687	-14.282226
2024-02-10 15:14:48.860	-0.241455	0.328125	-0.933105	27.648924	4.455566	-13.793944
2024-02-10 15:14:48.869	-0.246582	0.320801	-0.929199	27.832029	4.943848	-13.427733
2024-02-10 15:14:48.880	-0.253906	0.311523	-0.928223	28.19824	4.943848	-13.366698
2024-02-10 15:14:48.889	-0.258301	0.307129	-0.929688	28.930662	4.516602	-13.427733
2024-02-10 15:14:48.900	-0.255859	0.297852	-0.929688	29.418943	3.723144	-13.97705
2024-02-10 15:14:48.909	-0.255859	0.287598	-0.924561	30.09033	2.990722	-14.831542
2024-02-10 15:14:48.919	-0.248291	0.284912	-0.917236	31.127928	3.112793	-15.136718
2024-02-10 15:14:48.930	-0.250244	0.2771	-0.914063	31.494139	3.479004	-15.258788
2024-02-10 15:14:48.939	-0.247314	0.270264	-0.912842	32.043457	3.112793	-15.197753
2024-02-10 15:14:48.950	-0.248047	0.266113	-0.914307	32.592773	2.624511	-15.075683
2024-02-10 15:14:48.959	-0.251709	0.26001	-0.919189	32.592773	1.89209	-15.319823
2024-02-10 15:14:48.970	-0.251709	0.247803	-0.918701	32.409668	0.793457	-15.99121
2024-02-10 15:14:48.979	-0.250488	0.240234	-0.91626	32.409668	-0.183105	-16.540527
2024-02-10 15:14:48.990	-0.248535	0.232422	-0.916992	32.897949	-0.793457	-16.906738
2024-02-10 15:14:49.000	-0.248291	0.227539	-0.920654	33.691406	-1.281738	-17.150879
2024-02-10 15:14:49.009	-0.250977	0.226807	-0.919922	34.301758	-1.464844	-17.822266
2024-02-10 15:14:49.020	-0.249023	0.223877	-0.926514	34.057617	-1.464844	-18.737793
2024-02-10 15:14:49.029	-0.245605	0.221924	-0.927246	33.38623	-1.708984	-19.65332
2024-02-10 15:14:49.040	-0.248535	0.216309	-0.928711	32.897949	-2.197266	-20.507811
2024-02-10 15:14:49.049	-0.252441	0.209717	-0.932373	33.02002	-2.929687	-21.118162
2024-02-10 15:14:49.060	-0.253174	0.201172	-0.937256	33.874512	-3.967285	-21.606443
2024-02-10 15:14:49.069	-0.253906	0.196533	-0.939209	34.484863	-4.760742	-22.460936
2024-02-10 15:14:49.080	-0.25	0.19165	-0.945068	34.484863	-4.821777	-23.620604
2024-02-10 15:14:49.090	-0.243896	0.187012	-0.952393	34.240723	-4.516602	-24.841307
2024-02-10 15:14:49.099	-0.24585	0.176758	-0.953125	34.362793	-3.417969	-25.634764
2024-02-10 15:14:49.110	-0.246582	0.170654	-0.959961	35.03418	-2.075195	-25.878904
2024-02-10 15:14:49.119	-0.247314	0.161133	-0.964844	36.132813	-1.342773	-25.817869
2024-02-10 15:14:49.130	-0.248047	0.155029	-0.968018	37.475586	-1.098633	-25.756834
2024-02-10 15:14:49.139	-0.252197	0.14917	-0.970215	38.757324	-1.098633	-25.756834
2024-02-10 15:14:49.150	-0.258301	0.144531	-0.973389	39.916992	-1.342773	-26.30615
2024-02-10 15:14:49.159	-0.261963	0.143799	-0.9729	40.954586	-1.647949	-26.733397
2024-02-10 15:14:49.169	-0.260742	0.137695	-0.975586	41.503902	-1.770019	-26.977537
2024-02-10 15:14:49.180	-0.260986	0.123047	-0.976807	42.175289	-2.380371	-27.038572
2024-02-10 15:14:49.190	-0.26416	0.109375	-0.983643	43.579098	-3.723144	-26.916502
2024-02-10 15:14:49.200	-0.263672	0.095947	-0.987305	45.654293	-5.310058	-26.794432
2024-02-10 15:14:49.210	-0.260986	0.083496	-0.979004	47.668453	-6.835937	-27.038572
2024-02-10 15:14:49.221	-0.257813	0.070313	-0.967041	49.377438	-7.873535	-27.343748
2024-02-10 15:14:49.231	-0.257568	0.057129	-0.95874	51.147457	-8.911133	-27.099607
2024-02-10 15:14:49.241	-0.259277	0.047607	-0.944824	52.734371	-9.521484	-26.672361
2024-02-10 15:14:49.251	-0.26001	0.040771	-0.937012	53.833004	-9.58252	-26.06201
2024-02-10 15:14:49.262	-0.262207	0.029785	-0.938477	54.504391	-8.911133	-25.024412
2024-02-10 15:14:49.272	-0.261475	0.018799	-0.93335	54.992672	-8.422852	-23.742674
2024-02-10 15:14:49.282	-0.26123	0.007324	-0.922119	55.053707	-8.300781	-22.460936
2024-02-10 15:14:49.292	-0.261475	-0.012939	-0.908447	54.443356	-8.728027	-21.423338
2024-02-10 15:14:49.303	-0.259521	-0.022217	-0.897217	53.710934	-8.972168	-20.38574
2024-02-10 15:14:49.313	-0.26123	-0.027344	-0.886963	52.734371	-8.544922	-19.65332
2024-02-10 15:14:49.323	-0.259766	-0.033447	-0.876953	51.025387	-7.873535	-19.165039
2024-02-10 15:14:49.333	-0.26001	-0.04248	-0.867432	49.133297	-6.713867	-18.310547
2024-02-10 15:14:49.344	-0.261475	-0.05249	-0.861084	47.302242	-5.493164	-16.784668
2024-02-10 15:14:49.354	-0.265381	-0.063232	-0.86499	45.227047	-4.02832	-15.258788
2024-02-10 15:14:49.364	-0.269775	-0.078613	-0.870361	43.334957	-2.685547	-14.22119
2024-02-10 15:14:49.375	-0.279297	-0.084229	-0.865234	41.564938	-2.01416	-13.427733
2024-02-10 15:14:49.385	-0.281982	-0.087158	-0.86377	39.611816	-1.770019	-13.122558
2024-02-10 15:14:49.395	-0.284424	-0.087646	-0.861328	36.92627	-1.525879	-13.305663
2024-02-10 15:14:49.405	-0.285889	-0.091797	-0.862793	33.996582	-1.281738	-12.878417
2024-02-10 15:14:49.416	-0.291504	-0.098145	-0.87085	31.249998	-1.403808	-11.96289
2024-02-10 15:14:49.426	-0.295654	-0.106689	-0.875	29.235838	-2.13623	-11.230468
2024-02-10 15:14:49.436	-0.299072	-0.115723	-0.871826	27.465818	-3.234863	-10.986327
2024-02-10 15:14:49.446	-0.303223	-0.114502	-0.872559	25.512693	-4.02832	-10.986327
2024-02-10 15:14:49.457	-0.306885	-0.115234	-0.873779	23.498533	-4.516602	-11.047362
2024-02-10 15:14:49.467	-0.306152	-0.117188	-0.868408	21.118162	-5.249023	-11.108397
2024-02-10 15:14:49.477	-0.308105	-0.121094	-0.878662	18.371582	-5.126953	-11.047362
2024-02-10 15:14:49.487	-0.304443	-0.12207	-0.887939	15.808105	-4.821777	-10.742187
2024-02-10 15:14:49.498	-0.296143	-0.126953	-0.891846	13.305663	-4.516602	-10.19287
2024-02-10 15:14:49.508	-0.293945	-0.132813	-0.894287	10.925292	-3.662109	-9.460449
2024-02-10 15:14:49.518	-0.289307	-0.13623	-0.906006	9.033203	-2.502441	-8.728027
2024-02-10 15:14:49.528	-0.286133	-0.140625	-0.914795	7.202148	-1.159668	-8.117676
2024-02-10 15:14:49.539	-0.284912	-0.145996	-0.920898	5.432128	0.12207	-7.751464
2024-02-10 15:14:49.549	-0.28125	-0.144287	-0.927002	4.02832	0.854492	-7.202148
2024-02-10 15:14:49.559	-0.279053	-0.144531	-0.931152	2.746582	1.525879	-6.652832
2024-02-10 15:14:49.569	-0.279785	-0.146729	-0.934814	1.464844	2.01416	-6.04248
2024-02-10 15:14:49.580	-0.281006	-0.143555	-0.935059	0.549316	2.01416	-5.615234
2024-02-10 15:14:49.590	-0.287842	-0.141846	-0.94043	-0.183105	2.13623	-5.432128
2024-02-10 15:14:49.599	-0.298584	-0.143311	-0.951416	-1.098633	2.075195	-5.310058
2024-02-10 15:14:49.610	-0.30249	-0.147217	-0.951904	-1.586914	1.586914	-4.821777
2024-02-10 15:14:49.619	-0.302734	-0.149414	-0.94873	-2.075195	1.159668	-4.211426
2024-02-10 15:14:49.630	-0.30542	-0.150391	-0.949219	-2.441406	0.549316	-3.601074
2024-02-10 15:14:49.639	-0.306885	-0.152588	-0.949219	-2.502441	-0.427246	-3.051758
2024-02-10 15:14:49.650	-0.305664	-0.152588	-0.947998	-2.380371	-1.342773	-2.502441
2024-02-10 15:14:49.659	-0.30835	-0.154541	-0.95459	-1.831055	-2.319336	-2.01416
2024-02-10 15:14:49.669	-0.305908	-0.151123	-0.958252	-1.159668	-3.234863	-1.89209
2024-02-10 15:14:49.680	-0.303223	-0.150879	-0.956299	-0.549316	-4.150391	-1.708984
2024-02-10 15:14:49.689	-0.302246	-0.153564	-0.958008	-0.061035	-5.065917	-1.281738
2024-02-10 15:14:49.700	-0.298828	-0.154785	-0.959229	0.427246	-6.16455	-1.037598
2024-02-10 15:14:49.709	-0.297119	-0.152588	-0.959961	0.854492	-6.896972	-1.281738
2024-02-10 15:14:49.720	-0.296631	-0.154053	-0.9646	0.854492	-7.263183	-1.89209
2024-02-10 15:14:49.729	-0.295166	-0.154541	-0.961182	0.854492	-7.568359	-2.563476
2024-02-10 15:14:49.740	-0.293945	-0.152344	-0.960938	1.037598	-7.507324	-2.929687
2024-02-10 15:14:49.750	-0.293945	-0.151855	-0.963623	1.281738	-6.774902	-3.173828
2024-02-10 15:14:49.759	-0.295654	-0.155762	-0.965332	1.647949	-5.92041	-3.417969
2024-02-10 15:14:49.770	-0.300781	-0.157715	-0.963135	2.13623	-5.187988	-3.967285
2024-02-10 15:14:49.779	-0.300781	-0.157471	-0.958252	2.380371	-4.577637	-4.699707
2024-02-10 15:14:49.790	-0.300293	-0.157227	-0.955566	2.13623	-3.90625	-5.249023
2024-02-10 15:14:49.799	-0.29834	-0.156982	-0.954102	2.01416	-2.990722	-5.493164
2024-02-10 15:14:49.810	-0.300049	-0.160889	-0.951172	2.075195	-2.197266	-5.554199
2024-02-10 15:14:49.819	-0.301758	-0.165527	-0.955322	2.380371	-1.525879	-5.615234
2024-02-10 15:14:49.830	-0.305908	-0.164795	-0.951416	3.234863	-1.098633	-5.92041
2024-02-10 15:14:49.840	-0.307617	-0.164795	-0.945557	3.90625	-0.976562	-6.652832
2024-02-10 15:14:49.849	-0.309082	-0.161865	-0.940918	4.394531	-0.976562	-7.446289
2024-02-10 15:14:49.860	-0.313721	-0.15918	-0.93457	4.760742	-1.098633	-7.690429
2024-02-10 15:14:49.869	-0.316895	-0.157471	-0.930908	5.065917	-1.525879	-7.507324
2024-02-10 15:14:49.880	-0.317383	-0.157715	-0.934082	4.882813	-1.586914	-7.324218
2024-02-10 15:14:49.889	-0.314453	-0.158936	-0.935547	4.760742	-1.953125	-6.958007
2024-02-10 15:14:49.900	-0.307373	-0.162354	-0.936035	4.821777	-2.502441	-6.652832
2024-02-10 15:14:49.909	-0.302246	-0.166992	-0.935547	4.882813	-2.746582	-6.347656
2024-02-10 15:14:49.919	-0.296875	-0.169434	-0.940186	4.577637	-3.356933	-6.408691
2024-02-10 15:14:49.930	-0.296143	-0.165283	-0.942139	4.272461	-3.845215	-6.958007
2024-02-10 15:14:49.939	-0.294434	-0.164795	-0.941895	3.90625	-3.967285	-7.568359
2024-02-10 15:14:49.950	-0.289307	-0.166748	-0.943115	3.173828	-3.90625	-8.117676
2024-02-10 15:14:49.959	-0.286377	-0.164551	-0.945313	2.624511	-3.479004	-8.422852
2024-02-10 15:14:49.970	-0.289551	-0.161133	-0.941895	2.13623	-2.807617	-8.361816
2024-02-10 15:14:49.979	-0.295654	-0.162842	-0.944092	1.403808	-2.13623	-8.178711
2024-02-10 15:14:49.990	-0.300781	-0.166992	-0.949219	1.037598	-1.525879	-7.873535
2024-02-10 15:14:50.000	-0.307373	-0.169922	-0.948242	1.525879	-1.220703	-7.324218
2024-02-10 15:14:50.010	-0.310303	-0.172607	-0.942871	2.01416	-1.159668	-6.958007
2024-02-10 15:14:50.020	-0.311523	-0.17334	-0.941895	2.258301	-1.464844	-6.713867
2024-02-10 15:14:50.031	-0.312012	-0.174072	-0.94165	2.502441	-1.708984	-6.652832
2024-02-10 15:14:50.041	-0.306396	-0.176514	-0.938721	2.746582	-2.197266	-6.408691
2024-02-10 15:14:50.051	-0.308838	-0.178955	-0.942139	2.868652	-2.563476	-6.04248
2024-02-10 15:14:50.062	-0.309082	-0.175537	-0.941406	2.746582	-3.051758	-5.92041
2024-02-10 15:14:50.072	-0.307617	-0.174805	-0.941895	2.624511	-3.417969	-5.676269
2024-02-10 15:14:50.082	-0.304932	-0.174805	-0.940186	2.441406	-3.417969	-5.493164
2024-02-10 15:14:50.092	-0.30249	-0.174805	-0.936279	2.441406	-2.990722	-5.554199
2024-02-10 15:14:50.103	-0.302734	-0.177246	-0.937256	2.197266	-2.746582	-5.859375
2024-02-10 15:14:50.113	-0.302734	-0.179199	-0.94165	2.13623	-2.563476	-6.04248
2024-02-10 15:14:50.123	-0.304932	-0.179443	-0.937744	2.197266	-2.258301	-6.103515
2024-02-10 15:14:50.133	-0.302979	-0.178955	-0.936768	2.380371	-1.953125	-6.103515
2024-02-10 15:14:50.144	-0.301758	-0.178223	-0.940674	2.441406	-1.586914	-5.798339
2024-02-10 15:14:50.154	-0.304688	-0.181152	-0.942627	2.624511	-0.671387	-5.554199
2024-02-10 15:14:50.164	-0.305664	-0.183105	-0.942383	2.685547	0.0	-5.615234
2024-02-10 15:14:50.174	-0.306152	-0.182617	-0.936279	2.380371	0.244141	-5.798339
2024-02-10 15:14:50.185	-0.302734	-0.179688	-0.934326	2.075195	0.244141	-6.04248
2024-02-10 15:14:50.195	-0.304199	-0.177246	-0.935059	1.770019	0.366211	-6.347656
2024-02-10 15:14:50.205	-0.30127	-0.179443	-0.929199	1.403808	0.549316	-6.469726
2024-02-10 15:14:50.215	-0.299072	-0.179443	-0.928711	1.342773	0.427246	-6.225585
2024-02-10 15:14:50.226	-0.301025	-0.178711	-0.931885	1.037598	0.305176	-5.798339
2024-02-10 15:14:50.236	-0.302246	-0.18042	-0.936035	0.854492	0.305176	-5.615234
2024-02-10 15:14:50.246	-0.303955	-0.1875	-0.941162	0.915527	0.427246	-5.432128
2024-02-10 15:14:50.256	-0.306396	-0.188721	-0.941162	1.770019	0.0	-5.187988
2024-02-10 15:14:50.266	-0.3125	-0.189209	-0.942627	2.685547	-0.671387	-5.187988
2024-02-10 15:14:50.277	-0.310547	-0.187256	-0.939453	3.173828	-1.098633	-5.493164
2024-02-10 15:14:50.287	-0.306885	-0.186523	-0.944092	3.295898	-1.281738	-5.432128
2024-02-10 15:14:50.297	-0.303711	-0.193848	-0.942139	2.990722	-1.159668	-4.882813
2024-02-10 15:14:50.307	-0.304443	-0.193604	-0.946289	2.685547	-0.427246	-4.333496
2024-02-10 15:14:50.318	-0.306396	-0.19873	-0.953613	2.13623	0.183105	-4.150391
2024-02-10 15:14:50.328	-0.302246	-0.207764	-0.959229	2.13623	0.549316	-4.211426
2024-02-10 15:14:50.338	-0.305176	-0.211914	-0.968018	2.380371	1.098633	-4.516602
2024-02-10 15:14:50.348	-0.306885	-0.216064	-0.986084	3.234863	1.831055	-5.554199
2024-02-10 15:14:50.359	-0.310059	-0.220947	-0.997559	4.333496	2.319336	-7.202148
2024-02-10 15:14:50.369	-0.312256	-0.21875	-1.000977	6.04248	2.13623	-8.728027
2024-02-10 15:14:50.379	-0.312012	-0.214844	-1.003418	8.239746	1.770019	-9.58252
2024-02-10 15:14:50.389	-0.310303	-0.208252	-1.002686	10.253905	1.953125	-10.0708
2024-02-10 15:14:50.400	-0.312744	-0.209229	-1.003418	11.535644	2.807617	-10.803222
2024-02-10 15:14:50.410	-0.312012	-0.210205	-0.988281	12.756347	3.662109	-11.474608
2024-02-10 15:14:50.420	-0.304932	-0.212158	-0.973389	14.09912	4.577637	-11.657714
2024-02-10 15:14:50.430	-0.303223	-0.212402	-0.962891	15.624999	5.432128	-11.291503
2024-02-10 15:14:50.441	-0.303711	-0.210693	-0.953125	17.456055	5.798339	-10.864257
2024-02-10 15:14:50.451	-0.299561	-0.213623	-0.943115	18.859863	6.103515	-10.681151
2024-02-10 15:14:50.461	-0.294922	-0.214355	-0.927246	19.714355	6.774902	-10.559081
2024-02-10 15:14:50.472	-0.294922	-0.216797	-0.918457	19.897461	7.202148	-10.437011
2024-02-10 15:14:50.482	-0.292725	-0.219482	-0.905762	19.53125	7.141113	-9.94873
2024-02-10 15:14:50.492	-0.293213	-0.22168	-0.897217	19.104004	6.958007	-9.216309
2024-02-10 15:14:50.502	-0.294434	-0.224121	-0.895264	18.554688	6.408691	-8.605957
2024-02-10 15:14:50.513	-0.289795	-0.224121	-0.891113	18.127441	5.493164	-8.178711
2024-02-10 15:14:50.523	-0.286621	-0.226563	-0.889404	17.211914	4.394531	-7.690429
2024-02-10 15:14:50.533	-0.287109	-0.230713	-0.88916	16.235352	3.234863	-7.324218
2024-02-10 15:14:50.543	-0.285889	-0.236328	-0.893066	15.380858	1.647949	-7.202148
2024-02-10 15:14:50.554	-0.285645	-0.237549	-0.890137	14.831542	-0.305176	-7.080078
2024-02-10 15:14:50.564	-0.277832	-0.23877	-0.88916	14.038085	-2.01416	-6.835937
2024-02-10 15:14:50.574	-0.269043	-0.241455	-0.892334	12.878417	-2.990722	-6.408691
2024-02-10 15:14:50.584	-0.268311	-0.24585	-0.899414	11.108397	-3.417969	-6.16455
2024-02-10 15:14:50.595	-0.270996	-0.252441	-0.907227	9.82666	-3.479004	-6.103515
2024-02-10 15:14:50.605	-0.271973	-0.257568	-0.913818	8.666992	-3.540039	-6.04248
2024-02-10 15:14:50.615	-0.273926	-0.259521	-0.914063	7.751464	-3.540039	-5.798339
2024-02-10 15:14:50.625	-0.274902	-0.258789	-0.920654	6.652832	-3.479004	-5.554199
2024-02-10 15:14:50.636	-0.2771	-0.26001	-0.922363	5.493164	-3.417969	-5.371093
2024-02-10 15:14:50.646	-0.280518	-0.262939	-0.923828	4.272461	-3.417969	-5.310058
2024-02-10 15:14:50.656	-0.280518	-0.26416	-0.924072	3.479004	-3.417969	-4.943848
2024-02-10 15:14:50.666	-0.281006	-0.269531	-0.928711	2.929687	-3.356933	-4.394531
2024-02-10 15:14:50.677	-0.280762	-0.270996	-0.933594	2.685547	-3.479004	-3.601074
2024-02-10 15:14:50.687	-0.282227	-0.276367	-0.936035	2.624511	-3.784179	-3.112793
2024-02-10 15:14:50.697	-0.282715	-0.280518	-0.932373	2.868652	-4.150391	-2.685547
2024-02-10 15:14:50.707	-0.281738	-0.281982	-0.933594	3.417969	-4.333496	-2.197266
2024-02-10 15:14:50.717	-0.27832	-0.2854	-0.934326	4.394531	-4.02832	-1.953125
2024-02-10 15:14:50.728	-0.281982	-0.290527	-0.938965	5.615234	-3.784179	-1.770019
2024-02-10 15:14:50.738	-0.285156	-0.289795	-0.943848	7.141113	-3.967285	-1.342773
2024-02-10 15:14:50.748	-0.286621	-0.287842	-0.935059	8.544922	-4.821777	-0.244141
