2024-02-10 20:49:30.517	-0.498535	0.621094	-0.57959	5.554199	-10.437011	13.244628
2024-02-10 20:49:30.527	-0.490234	0.630615	-0.576172	6.286621	-10.31494	15.075683
2024-02-10 20:49:30.537	-0.48584	0.640869	-0.576172	6.103515	-10.31494	16.235352
2024-02-10 20:49:30.548	-0.484619	0.643311	-0.57373	4.760742	-9.643555	16.784668
2024-02-10 20:49:30.558	-0.477051	0.636475	-0.565674	3.295898	-7.995605	17.150879
2024-02-10 20:49:30.568	-0.474609	0.63208	-0.561523	2.380371	-5.859375	17.76123
2024-02-10 20:49:30.578	-0.481934	0.632568	-0.557861	1.403808	-4.333496	17.883301
2024-02-10 20:49:30.589	-0.494385	0.629883	-0.554199	0.183105	-3.784179	17.211914
2024-02-10 20:49:30.599	-0.504395	0.623047	-0.544922	-0.793457	-3.662109	16.479492
2024-02-10 20:49:30.609	-0.511475	0.619385	-0.534668	-0.610352	-3.540039	16.418457
2024-02-10 20:49:30.619	-0.519287	0.624023	-0.536377	0.061035	-3.90625	16.845703
2024-02-10 20:49:30.630	-0.524902	0.630371	-0.549072	0.732422	-5.126953	18.005371
2024-02-10 20:49:30.639	-0.52832	0.635254	-0.558594	1.342773	-7.8125	20.26367
2024-02-10 20:49:30.649	-0.531006	0.632568	-0.562012	1.89209	-11.596679	22.949217
2024-02-10 20:49:30.659	-0.527832	0.630371	-0.560059	2.502441	-15.808105	24.841307
2024-02-10 20:49:30.670	-0.52002	0.62915	-0.55542	3.173828	-19.836426	25.268553
2024-02-10 20:49:30.680	-0.508301	0.625244	-0.554932	3.90625	-22.949217	25.268553
2024-02-10 20:49:30.690	-0.5	0.625732	-0.557373	5.798339	-24.719236	25.451658
2024-02-10 20:49:30.700	-0.489746	0.632324	-0.563721	7.93457	-25.695799	25.939939
2024-02-10 20:49:30.709	-0.485107	0.641602	-0.57373	9.216309	-26.672361	26.489256
2024-02-10 20:49:30.719	-0.484131	0.650391	-0.581543	9.82666	-27.709959	26.489256
2024-02-10 20:49:30.729	-0.475586	0.663818	-0.585938	9.887695	-28.259275	26.06201
2024-02-10 20:49:30.739	-0.466797	0.672607	-0.583252	8.789063	-27.526854	25.573729
2024-02-10 20:49:30.750	-0.45874	0.680664	-0.580811	6.530761	-24.780272	25.695799
2024-02-10 20:49:30.760	-0.449463	0.679932	-0.574951	4.638672	-20.751951	25.878904
2024-02-10 20:49:30.770	-0.445313	0.678467	-0.575928	3.540039	-16.784668	25.573729
2024-02-10 20:49:30.780	-0.451904	0.678223	-0.572998	2.380371	-13.610839	24.108885
2024-02-10 20:49:30.790	-0.460205	0.669678	-0.574707	1.281738	-11.169433	21.789549
2024-02-10 20:49:30.799	-0.464844	0.665039	-0.566162	0.854492	-8.972168	19.40918
2024-02-10 20:49:30.809	-0.46875	0.663574	-0.56543	1.098633	-7.568359	17.700195
2024-02-10 20:49:30.819	-0.476807	0.659912	-0.566406	1.586914	-6.408691	16.723633
2024-02-10 20:49:30.829	-0.483154	0.661133	-0.564209	2.01416	-5.126953	15.86914
2024-02-10 20:49:30.840	-0.488037	0.667725	-0.562256	1.89209	-4.089355	15.136718
2024-02-10 20:49:30.850	-0.497803	0.670654	-0.560791	1.770019	-3.295898	14.526366
2024-02-10 20:49:30.860	-0.503174	0.669922	-0.563232	1.770019	-3.234863	13.97705
2024-02-10 20:49:30.870	-0.503418	0.670898	-0.565186	1.89209	-3.90625	13.732909
2024-02-10 20:49:30.880	-0.505615	0.668213	-0.564697	2.13623	-4.943848	13.732909
2024-02-10 20:49:30.889	-0.501953	0.668457	-0.562988	2.563476	-5.737304	13.488769
2024-02-10 20:49:30.899	-0.498535	0.669922	-0.560547	3.540039	-6.225585	13.122558
2024-02-10 20:49:30.909	-0.490723	0.671631	-0.561523	5.493164	-6.896972	12.634276
2024-02-10 20:49:30.920	-0.487305	0.678467	-0.558105	7.385253	-7.751464	12.145995
2024-02-10 20:49:30.930	-0.484131	0.687012	-0.552734	8.666992	-8.605957	11.96289
2024-02-10 20:49:30.940	-0.480957	0.697266	-0.550537	9.216309	-9.94873	11.840819
2024-02-10 20:49:30.950	-0.482178	0.699707	-0.549072	8.850098	-11.535644	11.535644
2024-02-10 20:49:30.960	-0.478271	0.699463	-0.547119	8.544922	-13.244628	10.742187
2024-02-10 20:49:30.970	-0.47168	0.699219	-0.546387	8.544922	-14.770507	9.765625
2024-02-10 20:49:30.979	-0.463135	0.694336	-0.551025	8.239746	-15.747069	8.911133
2024-02-10 20:49:30.989	-0.457764	0.688477	-0.554932	7.629394	-16.296387	8.239746
2024-02-10 20:49:31.000	-0.45459	0.681885	-0.557861	7.202148	-16.540527	7.629394
2024-02-10 20:49:31.010	-0.449707	0.674072	-0.558594	6.713867	-16.296387	7.324218
2024-02-10 20:49:31.020	-0.447998	0.669678	-0.553711	6.16455	-15.319823	6.958007
2024-02-10 20:49:31.030	-0.446289	0.660889	-0.555176	5.310058	-13.732909	6.103515
2024-02-10 20:49:31.040	-0.439941	0.648926	-0.556885	5.065917	-11.901855	4.821777
2024-02-10 20:49:31.050	-0.443359	0.648682	-0.555664	6.225585	-9.765625	3.417969
2024-02-10 20:49:31.060	-0.452393	0.661621	-0.553223	7.751464	-7.8125	1.586914
2024-02-10 20:49:31.070	-0.46167	0.677246	-0.550049	8.239746	-6.225585	-0.305176
2024-02-10 20:49:31.081	-0.475342	0.686768	-0.547119	7.507324	-5.493164	-1.770019
2024-02-10 20:49:31.091	-0.484131	0.686035	-0.546875	6.347656	-5.615234	-2.563476
2024-02-10 20:49:31.101	-0.491455	0.683105	-0.551025	5.92041	-6.591796	-2.258301
2024-02-10 20:49:31.111	-0.501709	0.686523	-0.555664	6.652832	-7.141113	-1.159668
2024-02-10 20:49:31.122	-0.506836	0.688232	-0.554443	8.239746	-7.080078	0.061035
2024-02-10 20:49:31.132	-0.516846	0.689453	-0.556641	8.972168	-7.202148	0.549316
2024-02-10 20:49:31.142	-0.520264	0.687256	-0.555908	8.483887	-8.056641	-0.305176
2024-02-10 20:49:31.152	-0.52124	0.672607	-0.557617	7.8125	-9.460449	-1.464844
2024-02-10 20:49:31.163	-0.52124	0.66333	-0.565918	8.300781	-10.620116	-1.708984
2024-02-10 20:49:31.173	-0.523926	0.665283	-0.562988	10.131835	-11.718749	-0.915527
2024-02-10 20:49:31.183	-0.530762	0.666992	-0.555664	11.779784	-13.122558	0.061035
2024-02-10 20:49:31.194	-0.532471	0.665283	-0.552979	12.756347	-15.380858	0.549316
2024-02-10 20:49:31.204	-0.536865	0.661377	-0.55957	14.038085	-18.188477	0.793457
2024-02-10 20:49:31.214	-0.537842	0.655762	-0.568848	16.113281	-21.484373	0.549316
2024-02-10 20:49:31.224	-0.539063	0.654053	-0.582275	18.371582	-24.719236	-0.061035
2024-02-10 20:49:31.235	-0.543457	0.655273	-0.59082	19.65332	-27.648924	-0.854492
2024-02-10 20:49:31.245	-0.54248	0.649658	-0.594238	20.080564	-30.334471	-1.281738
2024-02-10 20:49:31.255	-0.533691	0.644043	-0.600586	20.874022	-32.836914	-1.098633
2024-02-10 20:49:31.265	-0.529541	0.640137	-0.605957	22.583006	-34.729004	-0.610352
2024-02-10 20:49:31.276	-0.528076	0.644287	-0.610596	24.108885	-35.766602	-0.305176
2024-02-10 20:49:31.286	-0.523438	0.641357	-0.606689	24.780272	-35.827637	-0.366211
2024-02-10 20:49:31.296	-0.513672	0.635742	-0.600098	25.024412	-34.729004	-0.854492
2024-02-10 20:49:31.306	-0.503906	0.635254	-0.59375	25.512693	-33.02002	-1.159668
2024-02-10 20:49:31.316	-0.499268	0.641113	-0.588135	25.878904	-30.883787	-1.525879
2024-02-10 20:49:31.327	-0.503174	0.641602	-0.585449	25.451658	-29.113768	-1.953125
2024-02-10 20:49:31.337	-0.507324	0.640137	-0.580078	24.475096	-27.526854	-2.441406
2024-02-10 20:49:31.347	-0.509521	0.631836	-0.575684	23.864744	-25.756834	-2.868652
2024-02-10 20:49:31.357	-0.509033	0.622314	-0.57666	23.071287	-24.230955	-3.173828
2024-02-10 20:49:31.368	-0.508301	0.609131	-0.577637	22.033689	-22.827147	-3.051758
2024-02-10 20:49:31.378	-0.506104	0.597168	-0.570801	21.423338	-21.240232	-3.051758
2024-02-10 20:49:31.388	-0.507568	0.585205	-0.562256	22.033689	-19.348145	-2.990722
2024-02-10 20:49:31.399	-0.511719	0.581299	-0.559326	22.888182	-17.150879	-3.051758
2024-02-10 20:49:31.409	-0.524902	0.586182	-0.557129	23.437498	-14.892577	-3.112793
2024-02-10 20:49:31.419	-0.533203	0.588135	-0.555908	23.315428	-13.183593	-3.356933
2024-02-10 20:49:31.429	-0.538574	0.58374	-0.555664	23.010252	-12.390136	-3.417969
2024-02-10 20:49:31.440	-0.544678	0.586914	-0.556641	23.742674	-12.023925	-2.563476
2024-02-10 20:49:31.450	-0.54541	0.595703	-0.558105	24.841307	-11.840819	-1.525879
2024-02-10 20:49:31.459	-0.552246	0.604492	-0.566895	25.939939	-11.535644	-0.366211
2024-02-10 20:49:31.469	-0.566895	0.618652	-0.57251	26.30615	-11.474608	0.244141
2024-02-10 20:49:31.479	-0.578613	0.620605	-0.570557	25.390623	-12.20703	0.183105
2024-02-10 20:49:31.489	-0.578857	0.61499	-0.567383	24.902342	-13.061522	-0.061035
2024-02-10 20:49:31.500	-0.578125	0.614502	-0.563477	25.268553	-13.793944	0.610352
2024-02-10 20:49:31.510	-0.575439	0.613281	-0.565674	25.878904	-14.770507	2.685547
2024-02-10 20:49:31.520	-0.575928	0.608643	-0.578369	26.489256	-16.906738	5.859375
2024-02-10 20:49:31.530	-0.577637	0.597656	-0.589355	26.733397	-19.958496	9.277344
2024-02-10 20:49:31.540	-0.580322	0.581543	-0.59375	27.587889	-22.766111	12.451171
2024-02-10 20:49:31.549	-0.582275	0.567627	-0.592529	28.320311	-24.719236	14.831542
2024-02-10 20:49:31.559	-0.581299	0.556152	-0.591553	28.991697	-26.428221	16.540527
2024-02-10 20:49:31.569	-0.575439	0.544434	-0.591797	29.602049	-28.015135	17.822266
2024-02-10 20:49:31.579	-0.566895	0.54248	-0.593506	29.724119	-29.846189	19.042969
2024-02-10 20:49:31.590	-0.557129	0.542725	-0.591553	29.113768	-31.921385	20.019531
2024-02-10 20:49:31.600	-0.550537	0.544922	-0.586426	28.625486	-34.606934	20.874022
2024-02-10 20:49:31.610	-0.547852	0.551758	-0.586914	27.9541	-37.475586	21.362303
2024-02-10 20:49:31.620	-0.539063	0.548584	-0.587891	26.000975	-39.367676	21.423338
2024-02-10 20:49:31.630	-0.519775	0.5354	-0.583008	23.925779	-39.550781	21.423338
2024-02-10 20:49:31.639	-0.500732	0.526367	-0.580078	23.437498	-38.574219	21.728514
2024-02-10 20:49:31.649	-0.482666	0.522705	-0.575684	24.16992	-36.315918	22.3999
2024-02-10 20:49:31.659	-0.469971	0.523682	-0.568604	25.024412	-33.081055	23.254393
2024-02-10 20:49:31.670	-0.462158	0.530518	-0.55249	25.817869	-29.418943	23.925779
2024-02-10 20:49:31.680	-0.454102	0.541748	-0.543457	26.550291	-24.963377	24.108885
2024-02-10 20:49:31.690	-0.462158	0.560791	-0.551514	27.038572	-19.470215	23.681639
2024-02-10 20:49:31.700	-0.481689	0.581299	-0.561279	25.817869	-14.282226	21.972654
2024-02-10 20:49:31.709	-0.49585	0.594971	-0.571289	21.911619	-10.31494	19.104004
2024-02-10 20:49:31.719	-0.51001	0.589111	-0.579346	16.540527	-7.873535	15.86914
2024-02-10 20:49:31.729	-0.514648	0.580811	-0.574219	12.20703	-5.554199	13.122558
2024-02-10 20:49:31.739	-0.520508	0.579834	-0.574463	9.82666	-2.746582	11.169433
2024-02-10 20:49:31.750	-0.524414	0.579346	-0.586914	8.483887	0.366211	10.0708
2024-02-10 20:49:31.760	-0.536865	0.581787	-0.5896	7.507324	3.90625	9.765625
2024-02-10 20:49:31.770	-0.551025	0.587158	-0.58252	6.530761	7.507324	9.70459
2024-02-10 20:49:31.780	-0.558105	0.586182	-0.571777	4.821777	10.437011	8.911133
2024-02-10 20:49:31.790	-0.567627	0.591064	-0.569092	3.234863	11.901855	7.690429
2024-02-10 20:49:31.799	-0.59082	0.598633	-0.580811	1.159668	11.474608	6.530761
2024-02-10 20:49:31.809	-0.607422	0.597412	-0.60083	-2.685547	8.911133	6.347656
2024-02-10 20:49:31.819	-0.608398	0.577881	-0.608643	-7.324218	4.638672	7.324218
2024-02-10 20:49:31.829	-0.590576	0.553955	-0.601074	-9.460449	1.342773	9.765625
2024-02-10 20:49:31.840	-0.567627	0.54126	-0.591064	-7.751464	0.305176	12.695312
2024-02-10 20:49:31.850	-0.560059	0.543701	-0.588623	-4.211426	0.854492	14.953612
2024-02-10 20:49:31.860	-0.55542	0.55957	-0.588623	-1.098633	1.708984	15.197753
2024-02-10 20:49:31.870	-0.555664	0.583252	-0.582764	0.549316	2.01416	13.122558
2024-02-10 20:49:31.881	-0.567627	0.604004	-0.587158	0.366211	1.281738	9.94873
2024-02-10 20:49:31.891	-0.562988	0.615479	-0.588867	-1.586914	0.305176	7.019042
2024-02-10 20:49:31.901	-0.54834	0.605713	-0.5896	-4.455566	-0.244141	5.004883
2024-02-10 20:49:31.911	-0.523193	0.585449	-0.574219	-5.493164	-0.183105	4.638672
2024-02-10 20:49:31.922	-0.506592	0.581787	-0.565918	-3.540039	1.159668	5.615234
2024-02-10 20:49:31.932	-0.513184	0.598145	-0.575684	-0.549316	3.90625	6.225585
2024-02-10 20:49:31.942	-0.525879	0.619385	-0.578125	0.061035	6.225585	5.676269
2024-02-10 20:49:31.952	-0.530273	0.625732	-0.576416	-2.13623	7.8125	3.967285
2024-02-10 20:49:31.962	-0.534424	0.623535	-0.579834	-4.821777	8.544922	1.770019
2024-02-10 20:49:31.973	-0.544922	0.62085	-0.588135	-6.652832	8.911133	0.488281
2024-02-10 20:49:31.983	-0.549072	0.615967	-0.587402	-7.995605	8.728027	0.244141
2024-02-10 20:49:31.993	-0.549561	0.60498	-0.588379	-9.521484	8.117676	0.305176
2024-02-10 20:49:32.004	-0.552979	0.599365	-0.585449	-9.887695	7.568359	0.671387
2024-02-10 20:49:32.014	-0.562256	0.600098	-0.580811	-9.399414	7.019042	1.220703
2024-02-10 20:49:32.024	-0.57251	0.599854	-0.587158	-9.216309	6.225585	1.403808
2024-02-10 20:49:32.034	-0.583252	0.601318	-0.600342	-8.728027	5.126953	1.342773
2024-02-10 20:49:32.044	-0.584473	0.602783	-0.604736	-8.178711	3.479004	1.220703
2024-02-10 20:49:32.055	-0.579834	0.603516	-0.601807	-7.385253	0.793457	1.831055
2024-02-10 20:49:32.065	-0.577637	0.60083	-0.603516	-5.737304	-2.380371	3.234863
2024-02-10 20:49:32.075	-0.573486	0.604492	-0.612305	-3.784179	-5.310058	4.821777
2024-02-10 20:49:32.085	-0.562988	0.612061	-0.611816	-2.990722	-8.056641	5.859375
2024-02-10 20:49:32.096	-0.553711	0.621826	-0.60498	-3.479004	-10.925292	6.225585
2024-02-10 20:49:32.106	-0.547119	0.625	-0.596924	-4.821777	-13.244628	5.676269
2024-02-10 20:49:32.116	-0.542969	0.618164	-0.597168	-6.04248	-14.526366	4.821777
2024-02-10 20:49:32.126	-0.547363	0.605957	-0.598145	-6.347656	-14.953612	4.638672
2024-02-10 20:49:32.137	-0.558594	0.598633	-0.596436	-5.493164	-15.258788	5.737304
2024-02-10 20:49:32.147	-0.570068	0.597656	-0.592529	-4.02832	-15.563964	7.995605
2024-02-10 20:49:32.157	-0.584961	0.606934	-0.594727	-2.258301	-16.601563	10.620116
2024-02-10 20:49:32.167	-0.597412	0.617188	-0.600098	-1.037598	-19.104004	13.244628
2024-02-10 20:49:32.178	-0.597412	0.612549	-0.597412	-1.647949	-23.559568	15.563964
2024-02-10 20:49:32.188	-0.587891	0.592285	-0.589844	-2.075195	-28.381346	18.005371
2024-02-10 20:49:32.198	-0.57251	0.57666	-0.581543	0.12207	-32.287598	20.507811
2024-02-10 20:49:32.208	-0.552002	0.574463	-0.568848	4.699707	-34.912109	22.827147
2024-02-10 20:49:32.219	-0.536377	0.593994	-0.567383	9.94873	-36.132813	24.353025
2024-02-10 20:49:32.229	-0.523926	0.616943	-0.558838	13.305663	-36.193848	24.658201
2024-02-10 20:49:32.239	-0.513428	0.621338	-0.550537	14.465331	-35.827637	24.536131
2024-02-10 20:49:32.250	-0.506348	0.620361	-0.547119	14.831542	-35.400391	24.536131
2024-02-10 20:49:32.259	-0.506104	0.624512	-0.543457	15.441894	-34.545898	25.085447
2024-02-10 20:49:32.270	-0.512207	0.632813	-0.542236	16.418457	-33.508301	25.451658
2024-02-10 20:49:32.279	-0.51416	0.64209	-0.543457	16.662598	-32.836914	25.085447
2024-02-10 20:49:32.290	-0.509277	0.643799	-0.544189	15.136718	-32.958984	23.620604
2024-02-10 20:49:32.299	-0.502441	0.633545	-0.550537	13.793944	-33.081055	22.460936
2024-02-10 20:49:32.310	-0.496826	0.628418	-0.557373	13.366698	-31.616209	22.15576
2024-02-10 20:49:32.319	-0.494141	0.626465	-0.56543	12.329101	-27.709959	22.338865
2024-02-10 20:49:32.330	-0.498291	0.615234	-0.566406	10.986327	-22.15576	22.521971
2024-02-10 20:49:32.340	-0.505859	0.602051	-0.559082	10.742187	-16.296387	23.010252
2024-02-10 20:49:32.349	-0.52417	0.594971	-0.557129	12.268065	-11.352538	24.108885
2024-02-10 20:49:32.360	-0.539795	0.604492	-0.558838	15.075683	-7.507324	25.817869
2024-02-10 20:49:32.369	-0.551025	0.623291	-0.558838	17.211914	-5.126953	27.770994
2024-02-10 20:49:32.380	-0.557861	0.640381	-0.567871	18.127441	-4.821777	29.418943
2024-02-10 20:49:32.389	-0.562012	0.653809	-0.575928	17.76123	-5.859375	30.944822
2024-02-10 20:49:32.400	-0.562256	0.658203	-0.577393	15.99121	-7.629394	32.104492
2024-02-10 20:49:32.409	-0.560059	0.651367	-0.569824	13.85498	-9.94873	33.14209
2024-02-10 20:49:32.419	-0.552979	0.635254	-0.577881	13.183593	-12.145995	34.729004
2024-02-10 20:49:32.430	-0.551514	0.62793	-0.57959	14.038085	-14.404296	37.414551
2024-02-10 20:49:32.439	-0.538574	0.630127	-0.571289	14.587401	-16.723633	40.771481
2024-02-10 20:49:32.450	-0.527588	0.636475	-0.559814	14.709472	-19.348145	44.372555
2024-02-10 20:49:32.459	-0.520996	0.637939	-0.546631	14.09912	-22.3999	47.363277
2024-02-10 20:49:32.470	-0.516113	0.627441	-0.5354	13.305663	-26.489256	49.133297
2024-02-10 20:49:32.479	-0.505615	0.616699	-0.536865	13.000487	-31.372068	49.865719
2024-02-10 20:49:32.490	-0.491699	0.60376	-0.541992	13.061522	-35.888672	49.987789
2024-02-10 20:49:32.500	-0.474365	0.590332	-0.54248	14.160155	-38.818359	50.109859
2024-02-10 20:49:32.509	-0.452881	0.582764	-0.545654	15.930175	-38.574219	50.170895
2024-02-10 20:49:32.520	-0.434326	0.582275	-0.546875	18.066406	-35.766602	49.926754
2024-02-10 20:49:32.529	-0.425049	0.595703	-0.551514	20.751951	-31.86035	49.438473
2024-02-10 20:49:32.540	-0.418945	0.614746	-0.557129	22.460936	-27.160643	47.790524
2024-02-10 20:49:32.549	-0.413574	0.637695	-0.55835	22.033689	-22.521971	45.104977
2024-02-10 20:49:32.560	-0.414063	0.658936	-0.555908	20.1416	-17.76123	42.236324
2024-02-10 20:49:32.569	-0.420654	0.675049	-0.559326	18.127441	-12.817382	40.161129
2024-02-10 20:49:32.580	-0.433105	0.686279	-0.566406	15.99121	-8.361816	38.757324
2024-02-10 20:49:32.590	-0.443115	0.688477	-0.568359	13.85498	-5.065917	37.780762
2024-02-10 20:49:32.599	-0.448975	0.688965	-0.5625	11.840819	-2.746582	37.231445
2024-02-10 20:49:32.610	-0.456543	0.684814	-0.553711	10.620116	-1.037598	37.29248
2024-02-10 20:49:32.619	-0.466064	0.681885	-0.554443	10.253905	0.183105	37.963867
2024-02-10 20:49:32.630	-0.474609	0.685547	-0.556641	10.253905	0.671387	38.696289
2024-02-10 20:49:32.639	-0.477783	0.693115	-0.557373	9.399414	0.671387	38.818359
2024-02-10 20:49:32.650	-0.475586	0.693359	-0.556152	8.239746	0.305176	37.841797
2024-02-10 20:49:32.660	-0.477051	0.688477	-0.553711	7.629394	-0.915527	36.621094
2024-02-10 20:49:32.670	-0.480469	0.688232	-0.554932	7.263183	-3.295898	34.973145
2024-02-10 20:49:32.680	-0.476807	0.687744	-0.559814	6.713867	-6.225585	33.203125
2024-02-10 20:49:32.691	-0.474121	0.678711	-0.561035	6.103515	-9.094238	31.372068
2024-02-10 20:49:32.701	-0.468506	0.668213	-0.562012	5.92041	-11.169433	30.151365
2024-02-10 20:49:32.711	-0.458496	0.656982	-0.560303	6.713867	-12.512206	29.541014
2024-02-10 20:49:32.721	-0.442627	0.655273	-0.561768	8.117676	-12.939452	28.625486
2024-02-10 20:49:32.731	-0.425049	0.661621	-0.558594	10.19287	-13.122558	27.160643
2024-02-10 20:49:32.742	-0.421875	0.68335	-0.566895	12.390136	-12.817382	24.902342
2024-02-10 20:49:32.752	-0.419678	0.70874	-0.577637	13.366698	-12.268065	22.033689
2024-02-10 20:49:32.762	-0.42334	0.725342	-0.59082	12.634276	-11.840819	18.798828
2024-02-10 20:49:32.772	-0.430908	0.732666	-0.600586	10.925292	-11.413573	15.86914
2024-02-10 20:49:32.783	-0.430176	0.724365	-0.602539	9.155273	-10.986327	13.671874
2024-02-10 20:49:32.793	-0.424072	0.713135	-0.592529	7.873535	-10.681151	12.634276
2024-02-10 20:49:32.803	-0.41626	0.700195	-0.580566	7.385253	-9.94873	12.145995
2024-02-10 20:49:32.813	-0.411621	0.690186	-0.571533	7.690429	-9.033203	11.413573
2024-02-10 20:49:32.824	-0.411621	0.688965	-0.577393	8.544922	-7.8125	9.94873
2024-02-10 20:49:32.834	-0.422363	0.697021	-0.58374	10.0708	-6.713867	7.446289
2024-02-10 20:49:32.844	-0.425781	0.707031	-0.584229	11.169433	-6.347656	4.394531
2024-02-10 20:49:32.854	-0.42334	0.712158	-0.580078	11.96289	-6.530761	1.525879
2024-02-10 20:49:32.865	-0.412842	0.714355	-0.57666	12.329101	-6.896972	-0.671387
2024-02-10 20:49:32.875	-0.402832	0.712891	-0.571777	12.268065	-6.347656	-2.563476
2024-02-10 20:49:32.885	-0.402832	0.710449	-0.561279	11.901855	-4.882813	-4.333496
2024-02-10 20:49:32.895	-0.408447	0.699951	-0.56665	10.681151	-2.685547	-6.225585
2024-02-10 20:49:32.906	-0.41626	0.690918	-0.57666	9.643555	-0.732422	-8.178711
2024-02-10 20:49:32.916	-0.429688	0.684814	-0.583496	9.460449	0.976562	-9.277344
2024-02-10 20:49:32.926	-0.436768	0.68042	-0.582764	9.277344	1.89209	-9.58252
2024-02-10 20:49:32.937	-0.438232	0.675537	-0.585693	9.216309	1.647949	-9.338379
2024-02-10 20:49:32.947	-0.442383	0.682129	-0.580566	10.375976	0.976562	-8.728027
2024-02-10 20:49:32.957	-0.447266	0.693848	-0.580811	10.986327	-0.183105	-8.666992
2024-02-10 20:49:32.967	-0.453369	0.703613	-0.591309	10.742187	-2.075195	-9.399414
2024-02-10 20:49:32.978	-0.454834	0.703125	-0.604004	9.887695	-4.211426	-10.375976
2024-02-10 20:49:32.988	-0.445801	0.697021	-0.600342	8.789063	-6.530761	-10.803222
2024-02-10 20:49:32.998	-0.4375	0.683105	-0.592529	8.605957	-8.605957	-10.498046
2024-02-10 20:49:33.008	-0.429688	0.668945	-0.593506	10.009766	-9.58252	-9.643555
2024-02-10 20:49:33.019	-0.422852	0.660889	-0.598877	12.939452	-9.765625	-8.422852
2024-02-10 20:49:33.029	-0.42627	0.666748	-0.60791	15.86914	-9.094238	-6.835937
2024-02-10 20:49:33.039	-0.430908	0.677734	-0.61499	17.028809	-7.446289	-5.310058
2024-02-10 20:49:33.049	-0.434814	0.678223	-0.617432	16.601563	-6.591796	-4.089355
2024-02-10 20:49:33.060	-0.446533	0.668213	-0.614258	16.662598	-6.713867	-2.990722
2024-02-10 20:49:33.069	-0.457275	0.660156	-0.616699	18.798828	-7.629394	-1.89209
2024-02-10 20:49:33.080	-0.465332	0.660645	-0.633301	22.521971	-9.643555	-0.549316
2024-02-10 20:49:33.090	-0.466553	0.668701	-0.637939	25.451658	-11.840819	0.915527
2024-02-10 20:49:33.099	-0.458984	0.666748	-0.633545	26.428221	-13.610839	2.258301
2024-02-10 20:49:33.110	-0.450684	0.662354	-0.635498	26.916502	-14.770507	3.295898
2024-02-10 20:49:33.119	-0.442383	0.657471	-0.633545	27.526854	-15.686034	4.333496
2024-02-10 20:49:33.130	-0.435791	0.652344	-0.629883	28.442381	-16.418457	4.882813
2024-02-10 20:49:33.139	-0.432617	0.652344	-0.624756	29.785154	-16.967773	4.516602
2024-02-10 20:49:33.150	-0.430664	0.649414	-0.618408	30.639647	-17.76123	3.784179
2024-02-10 20:49:33.159	-0.431152	0.642334	-0.621582	31.98242	-18.371582	3.234863
2024-02-10 20:49:33.169	-0.432861	0.638428	-0.624512	33.630371	-19.226074	2.807617
2024-02-10 20:49:33.180	-0.44458	0.642334	-0.631592	35.705566	-20.629881	2.990722
2024-02-10 20:49:33.189	-0.454346	0.650391	-0.634277	37.231445	-21.728514	3.662109
2024-02-10 20:49:33.200	-0.453613	0.65332	-0.638916	37.658691	-21.850584	4.394531
2024-02-10 20:49:33.209	-0.45166	0.648926	-0.651855	37.780762	-21.850584	4.638672
2024-02-10 20:49:33.220	-0.448975	0.647461	-0.657471	36.621094	-22.705076	4.394531
2024-02-10 20:49:33.229	-0.44165	0.637207	-0.651123	33.38623	-24.597166	3.173828
2024-02-10 20:49:33.240	-0.434326	0.619873	-0.645264	29.96826	-27.221678	1.403808
2024-02-10 20:49:33.250	-0.429199	0.601074	-0.633789	28.015135	-29.724119	0.061035
2024-02-10 20:49:33.259	-0.420166	0.588135	-0.619141	27.893064	-31.249998	-0.671387
2024-02-10 20:49:33.270	-0.412842	0.581787	-0.618652	28.869627	-31.127928	-0.915527
2024-02-10 20:49:33.279	-0.411865	0.582764	-0.623535	29.663084	-29.785154	-1.281738
2024-02-10 20:49:33.290	-0.421143	0.587158	-0.623047	28.869627	-27.587889	-1.953125
2024-02-10 20:49:33.299	-0.431152	0.591064	-0.615723	26.30615	-24.597166	-3.173828
2024-02-10 20:49:33.310	-0.442139	0.582764	-0.618408	22.27783	-21.545408	-4.638672
2024-02-10 20:49:33.319	-0.44873	0.559326	-0.61377	18.310547	-18.310547	-5.493164
2024-02-10 20:49:33.330	-0.450439	0.537354	-0.603516	15.502929	-13.916015	-5.065917
2024-02-10 20:49:33.340	-0.45752	0.524414	-0.610596	14.587401	-9.58252	-3.295898
2024-02-10 20:49:33.349	-0.463867	0.525146	-0.611572	14.709472	-6.652832	-0.915527
2024-02-10 20:49:33.360	-0.466553	0.529541	-0.601563	14.526366	-4.943848	1.525879
2024-02-10 20:49:33.369	-0.462891	0.537109	-0.596924	14.343261	-3.723144	3.601074
2024-02-10 20:49:33.380	-0.462158	0.552246	-0.600098	14.587401	-3.845215	4.882813
2024-02-10 20:49:33.389	-0.463379	0.568359	-0.611816	14.465331	-4.943848	5.065917
2024-02-10 20:49:33.400	-0.468506	0.587891	-0.620117	13.427733	-6.16455	4.394531
2024-02-10 20:49:33.409	-0.469482	0.596924	-0.631348	11.047362	-6.896972	2.929687
2024-02-10 20:49:33.419	-0.469971	0.592773	-0.642578	7.690429	-6.713867	1.464844
2024-02-10 20:49:33.430	-0.472656	0.586426	-0.660156	4.577637	-6.103515	0.427246
2024-02-10 20:49:33.439	-0.477051	0.57666	-0.661621	0.366211	-5.187988	0.0
2024-02-10 20:49:33.450	-0.480469	0.561768	-0.671143	-4.333496	-3.662109	0.061035
2024-02-10 20:49:33.459	-0.485107	0.550537	-0.675049	-7.93457	-1.647949	0.732422
2024-02-10 20:49:33.470	-0.487793	0.54834	-0.669922	-9.82666	0.793457	1.708984
2024-02-10 20:49:33.480	-0.484619	0.547852	-0.658447	-10.559081	3.051758	2.502441
2024-02-10 20:49:33.490	-0.490723	0.540039	-0.64917	-10.620116	4.577637	3.295898
2024-02-10 20:49:33.500	-0.509766	0.531494	-0.64917	-9.338379	5.859375	3.967285
2024-02-10 20:49:33.511	-0.526367	0.519043	-0.660889	-7.995605	6.347656	4.455566
2024-02-10 20:49:33.521	-0.5354	0.508057	-0.661377	-6.958007	6.16455	5.432128
2024-02-10 20:49:33.531	-0.539795	0.491943	-0.660156	-5.126953	5.737304	7.568359
2024-02-10 20:49:33.541	-0.542725	0.474121	-0.662109	-1.831055	4.699707	10.864257
2024-02-10 20:49:33.552	-0.555908	0.462158	-0.663574	2.807617	2.807617	14.282226
2024-02-10 20:49:33.562	-0.572021	0.462402	-0.665527	8.789063	-0.183105	16.662598
2024-02-10 20:49:33.572	-0.578125	0.478516	-0.66748	15.502929	-4.02832	18.066406
2024-02-10 20:49:33.583	-0.584229	0.501221	-0.671631	22.216795	-8.483887	18.737793
2024-02-10 20:49:33.593	-0.581299	0.529297	-0.689941	27.465818	-12.695312	18.554688
2024-02-10 20:49:33.603	-0.564697	0.563477	-0.70752	31.127928	-16.662598	17.272949
2024-02-10 20:49:33.613	-0.549805	0.597656	-0.716797	32.775879	-20.507811	15.502929
2024-02-10 20:49:33.624	-0.536865	0.62207	-0.726807	31.98242	-23.315428	13.671874
2024-02-10 20:49:33.634	-0.524414	0.630371	-0.738525	29.96826	-24.780272	12.268065
2024-02-10 20:49:33.644	-0.516602	0.626709	-0.740479	27.343748	-25.207518	11.96289
2024-02-10 20:49:33.654	-0.508301	0.606689	-0.73877	25.146482	-24.353025	12.634276
2024-02-10 20:49:33.665	-0.506592	0.580078	-0.732422	24.04785	-22.888182	14.160155
2024-02-10 20:49:33.675	-0.508789	0.553955	-0.737061	24.29199	-22.460936	17.089844
2024-02-10 20:49:33.685	-0.510498	0.53418	-0.73999	25.817869	-23.559568	20.996092
2024-02-10 20:49:33.695	-0.511475	0.525879	-0.733154	28.808592	-26.123045	25.024412
2024-02-10 20:49:33.706	-0.512695	0.532715	-0.722412	32.470703	-29.602049	28.442381
2024-02-10 20:49:33.716	-0.49707	0.546631	-0.71582	35.217285	-34.301758	30.334471
2024-02-10 20:49:33.726	-0.469727	0.556885	-0.707031	37.841797	-39.611816	31.311033
2024-02-10 20:49:33.736	-0.44458	0.577637	-0.689941	40.954586	-43.029781	32.165527
2024-02-10 20:49:33.747	-0.421387	0.604004	-0.67041	42.480465	-43.945309	32.470703
2024-02-10 20:49:33.757	-0.402832	0.612061	-0.662354	41.015621	-43.029781	32.165527
2024-02-10 20:49:33.767	-0.394775	0.601074	-0.663086	38.391113	-40.64941	31.433104
2024-02-10 20:49:33.777	-0.388916	0.58252	-0.662109	36.621094	-36.376953	30.944822
2024-02-10 20:49:33.788	-0.383789	0.570557	-0.657959	35.644531	-30.700682	31.372068
2024-02-10 20:49:33.798	-0.389648	0.563477	-0.659912	34.545898	-24.108885	33.203125
2024-02-10 20:49:33.808	-0.399414	0.552979	-0.6604	32.836914	-17.150879	36.254883
2024-02-10 20:49:33.818	-0.401611	0.537598	-0.663818	31.799314	-10.0708	40.64941
2024-02-10 20:49:33.828	-0.408203	0.530518	-0.660645	32.958984	-3.417969	46.752926
2024-02-10 20:49:33.839	-0.421387	0.537598	-0.653076	35.583496	2.624511	54.687496
2024-02-10 20:49:33.849	-0.428711	0.552002	-0.647217	38.818359	6.652832	63.781734
2024-02-10 20:49:33.859	-0.424316	0.558594	-0.641357	40.771481	7.324218	72.692871
2024-02-10 20:49:33.869	-0.412842	0.552002	-0.630615	40.710445	4.394531	79.956055
2024-02-10 20:49:33.880	-0.39917	0.530518	-0.625488	39.855957	-1.586914	85.754387
2024-02-10 20:49:33.890	-0.394531	0.508301	-0.640869	39.611816	-9.216309	89.233391
2024-02-10 20:49:33.900	-0.393799	0.492432	-0.659424	40.466305	-17.578125	90.576164
2024-02-10 20:49:33.910	-0.394531	0.483643	-0.66748	41.870113	-25.329588	90.637199
2024-02-10 20:49:33.921	-0.379395	0.469238	-0.670166	43.518063	-30.578611	89.599602
2024-02-10 20:49:33.931	-0.356689	0.45752	-0.677979	45.959469	-33.26416	87.707512
2024-02-10 20:49:33.941	-0.339355	0.456299	-0.687744	48.889156	-33.813477	84.228508
2024-02-10 20:49:33.951	-0.336426	0.470703	-0.699951	50.903316	-31.433104	79.284668
2024-02-10 20:49:33.962	-0.342529	0.499268	-0.711914	51.208492	-26.550291	73.791504
2024-02-10 20:49:33.972	-0.35376	0.522705	-0.719238	49.377438	-20.1416	68.54248
2024-02-10 20:49:33.982	-0.366699	0.53418	-0.72583	46.44775	-13.061522	63.537594
2024-02-10 20:49:33.993	-0.383545	0.540771	-0.734375	43.029781	-6.347656	59.020992
2024-02-10 20:49:34.003	-0.39502	0.545166	-0.740967	39.489746	-0.366211	54.992672
2024-02-10 20:49:34.013	-0.415039	0.558594	-0.737305	35.400391	4.455566	50.964352
2024-02-10 20:49:34.023	-0.429688	0.568359	-0.731445	31.311033	7.751464	47.241207
2024-02-10 20:49:34.034	-0.430908	0.569824	-0.731201	27.099607	9.216309	44.006344
2024-02-10 20:49:34.044	-0.433105	0.568115	-0.731201	23.803709	9.338379	40.893551
2024-02-10 20:49:34.054	-0.433838	0.570068	-0.735352	21.667479	8.422852	37.719727
2024-02-10 20:49:34.064	-0.433105	0.578857	-0.740723	19.958496	6.530761	34.545898
2024-02-10 20:49:34.075	-0.431641	0.573242	-0.742676	17.333984	3.540039	30.761717
2024-02-10 20:49:34.085	-0.427734	0.560059	-0.741699	14.892577	0.366211	26.611326
2024-02-10 20:49:34.095	-0.425537	0.546143	-0.739502	13.610839	-2.746582	22.766111
2024-02-10 20:49:34.105	-0.422607	0.539795	-0.739014	13.85498	-4.821777	20.080564
2024-02-10 20:49:34.116	-0.413574	0.536865	-0.743164	14.709472	-6.103515	18.371582
2024-02-10 20:49:34.126	-0.405518	0.53125	-0.75	15.563964	-7.141113	17.51709
2024-02-10 20:49:34.136	-0.402832	0.530762	-0.757568	16.479492	-7.8125	17.333984
2024-02-10 20:49:34.146	-0.398438	0.540283	-0.767334	16.845703	-8.239746	17.089844
2024-02-10 20:49:34.157	-0.394287	0.552002	-0.770264	16.418457	-8.483887	16.235352
2024-02-10 20:49:34.167	-0.386963	0.562012	-0.768555	14.587401	-8.239746	14.160155
2024-02-10 20:49:34.177	-0.377197	0.564941	-0.766602	10.742187	-7.93457	10.803222
2024-02-10 20:49:34.187	-0.377197	0.558105	-0.769043	6.347656	-7.324218	6.713867
2024-02-10 20:49:34.198	-0.388916	0.547363	-0.755371	2.746582	-6.530761	2.868652
2024-02-10 20:49:34.208	-0.394775	0.534912	-0.744873	0.854492	-5.859375	-0.305176
2024-02-10 20:49:34.218	-0.40332	0.526123	-0.737305	0.183105	-6.591796	-2.990722
2024-02-10 20:49:34.228	-0.405762	0.52124	-0.729004	-0.061035	-8.605957	-5.432128
2024-02-10 20:49:34.238	-0.400146	0.517822	-0.713867	-0.610352	-11.108397	-8.178711
2024-02-10 20:49:34.249	-0.392334	0.519775	-0.703125	-0.793457	-13.488769	-11.291503
2024-02-10 20:49:34.259	-0.395508	0.520996	-0.705566	-1.708984	-15.686034	-14.770507
2024-02-10 20:49:34.269	-0.395752	0.524414	-0.709717	-3.112793	-17.883301	-18.493652
2024-02-10 20:49:34.279	-0.391357	0.529053	-0.706543	-4.638672	-19.53125	-21.728514
2024-02-10 20:49:34.290	-0.381348	0.530029	-0.709717	-6.408691	-20.1416	-24.16992
2024-02-10 20:49:34.299	-0.367188	0.525146	-0.703369	-8.544922	-20.26367	-25.878904
2024-02-10 20:49:34.310	-0.364502	0.521729	-0.699951	-9.643555	-19.836426	-26.855467
2024-02-10 20:49:34.319	-0.363525	0.520996	-0.693604	-10.559081	-19.53125	-28.015135
2024-02-10 20:49:34.330	-0.361084	0.514648	-0.692383	-11.718749	-19.714355	-29.602049
2024-02-10 20:49:34.340	-0.357666	0.509033	-0.696289	-12.878417	-20.507811	-31.311033
2024-02-10 20:49:34.349	-0.361328	0.508789	-0.698242	-14.709472	-21.423338	-33.691406
2024-02-10 20:49:34.360	-0.372803	0.511719	-0.708496	-17.39502	-21.484373	-36.621094
2024-02-10 20:49:34.369	-0.375977	0.516357	-0.729248	-20.446775	-20.568846	-40.344234
2024-02-10 20:49:34.380	-0.385498	0.531494	-0.744385	-23.681639	-18.798828	-44.250484
2024-02-10 20:49:34.389	-0.39624	0.553223	-0.738281	-27.9541	-15.502929	-47.973629
2024-02-10 20:49:34.400	-0.392334	0.555908	-0.717529	-34.057617	-10.742187	-52.062984
2024-02-10 20:49:34.409	-0.379395	0.541748	-0.696533	-39.428711	-5.737304	-55.419918
2024-02-10 20:49:34.419	-0.374268	0.525391	-0.696045	-41.442867	0.061035	-56.945797
2024-02-10 20:49:34.430	-0.383057	0.513672	-0.699951	-40.588375	7.019042	-56.518551
2024-02-10 20:49:34.439	-0.393555	0.518555	-0.684814	-38.574219	15.075683	-55.603024
2024-02-10 20:49:34.450	-0.414307	0.517334	-0.673828	-37.231445	23.437498	-56.091305
2024-02-10 20:49:34.459	-0.450928	0.523438	-0.655762	-36.743164	30.944822	-57.800289
2024-02-10 20:49:34.470	-0.482666	0.531738	-0.651611	-36.92627	36.376953	-59.997555
2024-02-10 20:49:34.479	-0.496582	0.535156	-0.666748	-37.109375	40.222164	-62.561031
2024-02-10 20:49:34.490	-0.504395	0.535889	-0.679688	-36.376953	43.029781	-64.51416
2024-02-10 20:49:34.500	-0.514648	0.537598	-0.684082	-35.400391	43.884274	-65.490723
2024-02-10 20:49:34.510	-0.525391	0.535156	-0.693359	-35.339355	42.480465	-66.223145
2024-02-10 20:49:34.520	-0.531006	0.536377	-0.693359	-36.437988	39.245605	-66.711426
2024-02-10 20:49:34.529	-0.532715	0.536865	-0.682861	-38.696289	35.461426	-67.199707
2024-02-10 20:49:34.540	-0.532471	0.535156	-0.684082	-40.64941	30.944822	-67.138672
2024-02-10 20:49:34.549	-0.531494	0.536621	-0.68335	-40.893551	25.939939	-65.734863
2024-02-10 20:49:34.560	-0.516846	0.54248	-0.676025	-39.733887	21.484373	-62.927242
