2024-02-02 00:48:07.940	-0.286865	-0.279541	0.811035	-60.119625	9.338379	-24.16992
2024-02-02 00:48:07.949	-0.30957	-0.209961	0.831787	-57.434078	1.647949	-30.456541
2024-02-02 00:48:07.960	-0.336914	-0.211914	0.803223	-56.396481	-2.685547	-32.348633
2024-02-02 00:48:07.970	-0.356445	-0.279297	0.723877	-58.1665	-4.455566	-28.442381
2024-02-02 00:48:07.980	-0.380127	-0.360596	0.681641	-56.884762	-6.652832	-21.972654
2024-02-02 00:48:07.989	-0.390381	-0.445068	0.670654	-46.874996	-13.916015	-17.944336
2024-02-02 00:48:08.000	-0.368896	-0.538086	0.666992	-28.991697	-29.418943	-19.287109
2024-02-02 00:48:08.010	-0.322998	-0.651855	0.707275	-9.521484	-50.048824	-23.559568
2024-02-02 00:48:08.020	-0.318115	-0.776123	0.800293	0.244141	-64.39209	-26.245115
2024-02-02 00:48:08.029	-0.361572	-0.850342	0.85498	-4.943848	-67.321777	-26.245115
2024-02-02 00:48:08.039	-0.398682	-0.855957	0.837158	-19.958496	-62.316891	-22.827147
2024-02-02 00:48:08.050	-0.416016	-0.825439	0.799316	-32.592773	-52.24609	-17.944336
2024-02-02 00:48:08.059	-0.422852	-0.79126	0.798096	-36.743164	-40.344234	-13.610839
2024-02-02 00:48:08.069	-0.403076	-0.757324	0.814697	-37.04834	-28.869627	-10.620116
2024-02-02 00:48:08.079	-0.343018	-0.725586	0.824951	-35.766602	-17.333984	-9.338379
2024-02-02 00:48:08.090	-0.272949	-0.692139	0.80127	-34.484863	-5.432128	-8.178711
2024-02-02 00:48:08.100	-0.215332	-0.655273	0.761963	-32.836914	5.737304	-5.859375
2024-02-02 00:48:08.110	-0.158691	-0.621582	0.731689	-29.541014	14.831542	-2.13623
2024-02-02 00:48:08.119	-0.10791	-0.60083	0.715332	-25.939939	21.362303	3.112793
2024-02-02 00:48:08.130	-0.068359	-0.602051	0.723145	-21.789549	25.939939	9.094238
2024-02-02 00:48:08.140	-0.03833	-0.638916	0.734619	-17.76123	26.733397	15.014647
2024-02-02 00:48:08.149	-0.020508	-0.695068	0.750732	-15.624999	23.681639	20.690916
2024-02-02 00:48:08.159	-0.025146	-0.757568	0.765381	-15.86914	18.066406	26.489256
2024-02-02 00:48:08.170	-0.05127	-0.812988	0.774414	-17.028809	9.887695	32.531738
2024-02-02 00:48:08.180	-0.085938	-0.85791	0.780518	-18.859863	-0.488281	38.269043
2024-02-02 00:48:08.190	-0.120605	-0.883545	0.785645	-22.705076	-11.596679	43.212887
2024-02-02 00:48:08.199	-0.160156	-0.894043	0.786621	-27.587889	-22.216795	46.32568
2024-02-02 00:48:08.210	-0.204346	-0.892578	0.767578	-33.081055	-33.02002	47.668453
2024-02-02 00:48:08.220	-0.243164	-0.885498	0.746826	-37.231445	-43.945309	47.119137
2024-02-02 00:48:08.229	-0.281006	-0.873779	0.727539	-39.0625	-53.894039	45.471188
2024-02-02 00:48:08.239	-0.317627	-0.851807	0.693359	-38.391113	-61.340328	43.334957
2024-02-02 00:48:08.250	-0.346191	-0.827637	0.657715	-34.973145	-66.223145	41.015621
2024-02-02 00:48:08.260	-0.359619	-0.810303	0.644287	-29.663084	-68.29834	39.123535
2024-02-02 00:48:08.270	-0.348633	-0.789307	0.642578	-26.245115	-67.749023	38.391113
2024-02-02 00:48:08.280	-0.313721	-0.737549	0.643311	-26.123045	-64.880371	39.916992
2024-02-02 00:48:08.290	-0.274658	-0.669189	0.599854	-27.893064	-59.93652	44.067379
2024-02-02 00:48:08.300	-0.246826	-0.616699	0.549316	-28.503416	-54.504391	49.987789
2024-02-02 00:48:08.310	-0.240967	-0.592529	0.528564	-24.719236	-48.33984	54.748531
2024-02-02 00:48:08.321	-0.251709	-0.614014	0.547363	-16.418457	-40.832516	54.809566
2024-02-02 00:48:08.331	-0.269043	-0.670654	0.598145	-7.507324	-32.897949	50.415035
2024-02-02 00:48:08.341	-0.283691	-0.74292	0.651123	-2.807617	-26.672361	44.31152
2024-02-02 00:48:08.352	-0.278564	-0.812744	0.681152	-5.187988	-21.789549	38.085938
2024-02-02 00:48:08.362	-0.265137	-0.861572	0.705322	-13.366698	-15.380858	32.226563
2024-02-02 00:48:08.372	-0.252686	-0.902832	0.726318	-23.681639	-6.16455	28.747557
2024-02-02 00:48:08.382	-0.255371	-0.946777	0.750244	-32.897949	6.347656	30.578611
2024-02-02 00:48:08.392	-0.290039	-0.992432	0.775635	-39.611816	22.094725	36.621094
2024-02-02 00:48:08.403	-0.332031	-1.018311	0.79541	-45.654293	38.208008	41.198727
2024-02-02 00:48:08.413	-0.34375	-1.000488	0.802979	-53.833004	49.621578	37.719727
2024-02-02 00:48:08.423	-0.305908	-0.947021	0.789551	-63.476559	52.612301	25.573729
2024-02-02 00:48:08.434	-0.250244	-0.875977	0.750732	-71.899414	49.011227	11.718749
2024-02-02 00:48:08.444	-0.222656	-0.814209	0.721436	-74.707031	44.799801	2.380371
2024-02-02 00:48:08.454	-0.2229	-0.771973	0.713379	-71.411133	42.602535	-0.732422
2024-02-02 00:48:08.464	-0.240723	-0.748047	0.71875	-65.307617	41.076656	-0.183105
2024-02-02 00:48:08.475	-0.26001	-0.732178	0.708008	-59.265133	37.780762	0.061035
2024-02-02 00:48:08.485	-0.264893	-0.713623	0.6875	-53.588863	31.799314	-2.01416
2024-02-02 00:48:08.495	-0.272461	-0.69873	0.687744	-49.316402	25.390623	-5.737304
2024-02-02 00:48:08.505	-0.293701	-0.676758	0.677246	-45.654293	20.690916	-10.009766
2024-02-02 00:48:08.515	-0.311279	-0.652344	0.660889	-39.550781	17.578125	-13.916015
2024-02-02 00:48:08.526	-0.326904	-0.625732	0.648926	-29.846189	16.418457	-17.272949
2024-02-02 00:48:08.536	-0.332764	-0.605957	0.637451	-18.920898	16.540527	-20.629881
2024-02-02 00:48:08.546	-0.329834	-0.581787	0.605469	-11.230468	17.150879	-24.29199
2024-02-02 00:48:08.557	-0.324707	-0.548828	0.555176	-6.225585	16.967773	-29.052732
2024-02-02 00:48:08.567	-0.311768	-0.522705	0.513184	-0.183105	13.85498	-34.606934
2024-02-02 00:48:08.577	-0.297852	-0.519531	0.48584	7.568359	6.713867	-39.245605
2024-02-02 00:48:08.587	-0.296631	-0.545654	0.476074	16.906738	-1.342773	-40.466305
2024-02-02 00:48:08.597	-0.306885	-0.600342	0.49707	29.113768	-6.16455	-38.085938
2024-02-02 00:48:08.608	-0.344727	-0.697266	0.543701	43.273922	-6.958007	-33.508301
2024-02-02 00:48:08.618	-0.360107	-0.819092	0.59082	54.077145	-5.981445	-28.991697
2024-02-02 00:48:08.628	-0.355225	-0.946289	0.647705	56.884762	-1.831055	-27.160643
2024-02-02 00:48:08.638	-0.345947	-1.041992	0.69873	49.560543	6.652832	-28.381346
2024-02-02 00:48:08.649	-0.342529	-1.088623	0.719971	36.254883	18.737793	-32.348633
2024-02-02 00:48:08.659	-0.320068	-1.092773	0.730713	22.583006	32.531738	-38.269043
2024-02-02 00:48:08.669	-0.272461	-1.068848	0.764648	10.559081	46.813961	-43.823238
2024-02-02 00:48:08.680	-0.213867	-1.029541	0.800781	0.305176	61.218258	-47.729488
2024-02-02 00:48:08.690	-0.136719	-0.986084	0.811035	-6.16455	74.645996	-49.011227
2024-02-02 00:48:08.700	-0.065918	-0.945557	0.795898	-6.286621	85.571281	-47.973629
2024-02-02 00:48:08.710	-0.031738	-0.924072	0.778809	-1.89209	92.712395	-45.654293
2024-02-02 00:48:08.721	-0.020508	-0.901367	0.744629	0.549316	93.139641	-42.602535
2024-02-02 00:48:08.731	-0.023926	-0.87085	0.659424	0.366211	86.242668	-40.954586
2024-02-02 00:48:08.741	-0.054932	-0.82959	0.572998	0.549316	75.744629	-42.724606
2024-02-02 00:48:08.751	-0.097656	-0.786377	0.492188	5.249023	62.866207	-48.095699
2024-02-02 00:48:08.762	-0.133545	-0.769287	0.433594	14.038085	48.156734	-53.833004
2024-02-02 00:48:08.772	-0.166748	-0.780029	0.397461	21.972654	35.766602	-56.884762
2024-02-02 00:48:08.782	-0.208984	-0.81543	0.39917	27.770994	27.893064	-56.701656
2024-02-02 00:48:08.792	-0.265137	-0.867188	0.443359	29.724119	24.658201	-54.38232
2024-02-02 00:48:08.802	-0.315674	-0.895752	0.488037	26.18408	24.414061	-51.940914
2024-02-02 00:48:08.813	-0.342041	-0.881836	0.511719	19.65332	26.367186	-50.537106
2024-02-02 00:48:08.823	-0.335205	-0.845947	0.514648	13.366698	30.944822	-49.926754
2024-02-02 00:48:08.833	-0.310059	-0.807373	0.525879	7.446289	38.757324	-50.292965
2024-02-02 00:48:08.843	-0.294678	-0.776367	0.530762	2.807617	48.400875	-50.964352
2024-02-02 00:48:08.854	-0.282959	-0.763184	0.524414	2.380371	56.15234	-51.513668
2024-02-02 00:48:08.864	-0.26416	-0.770752	0.525635	7.385253	61.95068	-52.978512
2024-02-02 00:48:08.874	-0.248047	-0.79126	0.536865	14.282226	66.955566	-55.236813
2024-02-02 00:48:08.885	-0.231689	-0.811279	0.548584	20.202635	71.594238	-58.28857
2024-02-02 00:48:08.895	-0.207275	-0.836914	0.551514	23.193357	74.21875	-63.415524
2024-02-02 00:48:08.905	-0.193115	-0.866699	0.540527	22.888182	71.472168	-69.152832
2024-02-02 00:48:08.915	-0.200195	-0.91748	0.517822	23.986814	64.025879	-75.561523
2024-02-02 00:48:08.926	-0.206543	-0.98584	0.537598	30.883787	56.091305	-85.815422
2024-02-02 00:48:08.936	-0.218018	-1.044678	0.609619	36.010742	49.560543	-99.914543
2024-02-02 00:48:08.946	-0.249512	-1.078125	0.642334	29.663084	40.954586	-113.525383
2024-02-02 00:48:08.956	-0.255127	-1.048096	0.608887	14.282226	30.456541	-122.497551
2024-02-02 00:48:08.967	-0.269531	-1.005615	0.598877	2.624511	27.404783	-127.563469
2024-02-02 00:48:08.977	-0.270264	-0.981201	0.631592	-3.295898	29.724119	-129.272461
2024-02-02 00:48:08.987	-0.231201	-0.955566	0.670654	-7.324218	36.010742	-128.845215
2024-02-02 00:48:08.997	-0.169434	-0.914795	0.69873	-8.972168	47.241207	-126.525871
2024-02-02 00:48:09.008	-0.099121	-0.866699	0.702881	-9.338379	64.208984	-122.25341
2024-02-02 00:48:09.018	-0.01709	-0.806152	0.679932	-9.765625	84.289543	-117.065422
2024-02-02 00:48:09.028	0.050293	-0.765869	0.65625	-7.080078	101.196281	-113.586418
2024-02-02 00:48:09.038	0.109619	-0.766357	0.64502	-1.831055	110.839836	-113.525383
2024-02-02 00:48:09.048	0.143799	-0.789795	0.630371	1.647949	112.30468	-115.417473
2024-02-02 00:48:09.059	0.152344	-0.819824	0.618896	2.807617	106.323235	-116.882317
2024-02-02 00:48:09.069	0.142822	-0.847412	0.596436	2.197266	96.069328	-116.699211
2024-02-02 00:48:09.079	0.113525	-0.863281	0.560547	1.708984	84.594719	-115.661613
2024-02-02 00:48:09.090	0.065918	-0.888672	0.536133	3.845215	73.120117	-115.539543
2024-02-02 00:48:09.100	0.028809	-0.925293	0.5354	5.310058	62.744137	-115.600578
2024-02-02 00:48:09.110	-0.002197	-0.94165	0.555176	2.624511	55.053707	-114.44091
2024-02-02 00:48:09.119	-0.027588	-0.929199	0.581543	-2.563476	51.574703	-113.037102
2024-02-02 00:48:09.130	-0.031982	-0.896484	0.589355	-8.361816	51.513668	-111.022942
2024-02-02 00:48:09.140	-0.025635	-0.853516	0.59668	-14.160155	54.016109	-108.215324
2024-02-02 00:48:09.149	-0.00415	-0.784668	0.60083	-19.958496	57.006832	-104.675285
2024-02-02 00:48:09.159	0.029053	-0.699463	0.59082	-24.414061	58.1665	-100.036613
2024-02-02 00:48:09.170	0.065918	-0.622803	0.571045	-24.536131	56.518551	-94.78759
2024-02-02 00:48:09.180	0.091797	-0.578613	0.553955	-19.775391	53.771969	-89.477531
2024-02-02 00:48:09.190	0.104004	-0.581787	0.527344	-11.96289	51.818844	-83.557121
2024-02-02 00:48:09.199	0.100586	-0.622559	0.497559	-3.234863	50.842281	-75.927734
2024-02-02 00:48:09.210	0.08667	-0.688232	0.517822	4.943848	49.438473	-67.199707
2024-02-02 00:48:09.220	0.067383	-0.751221	0.548828	11.718749	46.386715	-57.373043
2024-02-02 00:48:09.229	0.052734	-0.809814	0.55542	17.578125	40.161129	-48.767086
2024-02-02 00:48:09.239	0.079834	-0.855469	0.552002	21.789549	26.123045	-42.66357
2024-02-02 00:48:09.250	0.116211	-0.888428	0.593262	24.658201	5.004883	-36.132813
2024-02-02 00:48:09.260	0.124023	-0.92749	0.661133	28.015135	-14.22119	-24.902342
2024-02-02 00:48:09.270	0.095703	-0.964844	0.71167	28.07617	-25.390623	-6.286621
2024-02-02 00:48:09.279	0.042969	-0.987061	0.726074	25.878904	-32.714844	17.39502
2024-02-02 00:48:09.289	-0.018799	-1.008057	0.765381	26.367186	-43.090816	41.381832
2024-02-02 00:48:09.300	-0.083008	-1.042236	0.833252	27.038572	-54.626461	59.814449
2024-02-02 00:48:09.310	-0.164795	-1.055176	0.883545	22.216795	-64.51416	71.044922
2024-02-02 00:48:09.319	-0.235107	-1.021484	0.884521	14.770507	-70.861816	75.439453
2024-02-02 00:48:09.329	-0.290527	-0.948242	0.865479	9.033203	-70.861816	74.035645
2024-02-02 00:48:09.340	-0.305664	-0.856934	0.844727	6.591796	-64.51416	71.105957
2024-02-02 00:48:09.350	-0.291016	-0.772705	0.823975	9.643555	-52.001949	69.152832
2024-02-02 00:48:09.360	-0.248779	-0.719971	0.804932	15.86914	-36.865234	70.495605
2024-02-02 00:48:09.369	-0.20459	-0.692627	0.773682	20.935057	-20.690916	75.317383
2024-02-02 00:48:09.380	-0.160889	-0.681641	0.744629	23.254393	-5.798339	81.29882
2024-02-02 00:48:09.390	-0.120117	-0.681152	0.725586	23.254393	5.798339	86.608879
2024-02-02 00:48:09.399	-0.092773	-0.682373	0.70874	22.216795	13.732909	89.721672
2024-02-02 00:48:09.409	-0.078613	-0.685059	0.689697	22.338865	18.127441	89.11132
2024-02-02 00:48:09.420	-0.073486	-0.693604	0.673096	23.559568	19.40918	86.120598
2024-02-02 00:48:09.430	-0.080078	-0.701172	0.650879	24.841307	18.615723	83.251945
2024-02-02 00:48:09.440	-0.102539	-0.720459	0.640869	26.245115	17.089844	81.420891
2024-02-02 00:48:09.449	-0.131592	-0.762695	0.644775	25.390623	15.808105	79.89502
2024-02-02 00:48:09.460	-0.154785	-0.823975	0.648926	20.1416	15.319823	77.636719
2024-02-02 00:48:09.470	-0.187744	-0.868408	0.653076	12.145995	14.892577	71.777344
2024-02-02 00:48:09.479	-0.205566	-0.841797	0.63916	3.051758	12.634276	61.584469
2024-02-02 00:48:09.489	-0.182129	-0.775879	0.613281	-2.624511	8.422852	49.133297
2024-02-02 00:48:09.500	-0.133545	-0.717773	0.577881	-5.432128	5.676269	39.428711
2024-02-02 00:48:09.510	-0.0896	-0.686523	0.53833	-5.615234	5.92041	33.813477
2024-02-02 00:48:09.520	-0.054199	-0.678955	0.517822	-2.746582	7.690429	30.456541
2024-02-02 00:48:09.531	-0.040039	-0.69458	0.524658	2.197266	9.033203	28.259275
2024-02-02 00:48:09.541	-0.036377	-0.721924	0.542236	7.263183	8.361816	27.832029
2024-02-02 00:48:09.551	-0.034424	-0.760986	0.55957	10.253905	5.432128	28.869627
2024-02-02 00:48:09.561	-0.031738	-0.816162	0.570557	8.422852	0.305176	29.785154
2024-02-02 00:48:09.572	-0.024902	-0.852783	0.572754	2.13623	-6.835937	29.541014
2024-02-02 00:48:09.582	-0.018555	-0.883545	0.587646	-3.784179	-15.380858	26.550291
2024-02-02 00:48:09.592	-0.013672	-0.931885	0.612305	-8.789063	-22.094725	22.644041
2024-02-02 00:48:09.602	-0.024902	-0.997314	0.641602	-15.014647	-24.475096	22.888182
2024-02-02 00:48:09.612	-0.079834	-1.066895	0.694336	-20.324705	-19.836426	28.137205
2024-02-02 00:48:09.623	-0.139404	-1.108398	0.734375	-23.986814	-10.131835	33.203125
2024-02-02 00:48:09.633	-0.152588	-1.100342	0.734863	-31.372068	-0.305176	33.996582
2024-02-02 00:48:09.643	-0.128418	-1.030029	0.709961	-45.349117	7.995605	31.921385
2024-02-02 00:48:09.654	-0.106445	-0.913086	0.679932	-58.532711	14.770507	28.808592
2024-02-02 00:48:09.664	-0.096191	-0.814209	0.666016	-63.171383	20.26367	25.329588
2024-02-02 00:48:09.674	-0.093506	-0.753418	0.656738	-60.913082	24.414061	21.484373
2024-02-02 00:48:09.684	-0.086914	-0.728271	0.637695	-55.297848	26.489256	18.310547
2024-02-02 00:48:09.694	-0.075439	-0.726807	0.619385	-47.241207	27.648924	17.333984
2024-02-02 00:48:09.705	-0.075439	-0.747803	0.616455	-37.17041	29.541014	18.493652
2024-02-02 00:48:09.715	-0.086914	-0.791992	0.63623	-27.648924	32.409668	20.202635
2024-02-02 00:48:09.725	-0.099365	-0.842285	0.658203	-21.545408	34.362793	20.324705
2024-02-02 00:48:09.736	-0.109863	-0.886719	0.663818	-20.446775	34.423828	18.066406
2024-02-02 00:48:09.746	-0.123291	-0.901611	0.658936	-22.3999	32.409668	13.244628
2024-02-02 00:48:09.756	-0.12793	-0.913574	0.660645	-23.803709	28.686522	8.178711
2024-02-02 00:48:09.766	-0.134277	-0.901367	0.64502	-25.939939	26.550291	5.310058
2024-02-02 00:48:09.777	-0.147461	-0.881836	0.60498	-26.672361	27.709959	4.760742
2024-02-02 00:48:09.787	-0.172363	-0.875732	0.553467	-24.230955	31.555174	4.455566
2024-02-02 00:48:09.797	-0.195313	-0.874268	0.514404	-20.507811	35.400391	2.01416
2024-02-02 00:48:09.807	-0.215576	-0.878418	0.503174	-16.967773	37.04834	-2.746582
2024-02-02 00:48:09.817	-0.242432	-0.859619	0.49707	-13.916015	37.963867	-9.277344
2024-02-02 00:48:09.828	-0.262451	-0.820801	0.477051	-8.178711	39.001465	-18.432617
2024-02-02 00:48:09.838	-0.262695	-0.78125	0.470703	1.281738	39.123535	-29.541014
2024-02-02 00:48:09.848	-0.26001	-0.748535	0.477539	11.047362	38.085938	-40.100098
2024-02-02 00:48:09.859	-0.268799	-0.721924	0.484619	18.981934	36.499023	-49.011227
2024-02-02 00:48:09.869	-0.283691	-0.699463	0.523193	26.06201	34.057617	-56.640621
2024-02-02 00:48:09.879	-0.275635	-0.688965	0.573242	32.897949	33.691406	-62.499996
2024-02-02 00:48:09.889	-0.265869	-0.695313	0.599854	37.597656	38.208008	-66.40625
2024-02-02 00:48:09.899	-0.256348	-0.712646	0.602783	39.245605	42.968746	-70.129395
2024-02-02 00:48:09.909	-0.22583	-0.740967	0.587891	39.978027	42.66357	-75.439453
2024-02-02 00:48:09.920	-0.186035	-0.793213	0.567627	40.771481	38.208008	-81.115715
2024-02-02 00:48:09.930	-0.158936	-0.859619	0.565674	39.611816	33.630371	-84.655754
2024-02-02 00:48:09.940	-0.142334	-0.913818	0.556885	34.057617	32.043457	-84.472649
2024-02-02 00:48:09.949	-0.132324	-0.933594	0.545898	25.085447	33.26416	-81.420891
2024-02-02 00:48:09.960	-0.130127	-0.931396	0.531738	17.39502	35.705566	-77.880859
2024-02-02 00:48:09.970	-0.125244	-0.931885	0.523438	13.305663	37.17041	-75.378418
2024-02-02 00:48:09.979	-0.125244	-0.937012	0.527832	11.840819	36.804199	-74.157715
2024-02-02 00:48:09.989	-0.121582	-0.951904	0.525391	11.657714	34.484863	-74.279785
2024-02-02 00:48:10.000	-0.116211	-0.977051	0.528564	11.96289	31.005857	-75.195313
2024-02-02 00:48:10.010	-0.116211	-1.006104	0.544678	10.925292	28.869627	-75.683594
2024-02-02 00:48:10.020	-0.114502	-1.008545	0.578857	8.361816	29.418943	-74.890137
2024-02-02 00:48:10.030	-0.099365	-0.988037	0.615967	6.835937	31.616209	-73.608398
2024-02-02 00:48:10.039	-0.086426	-0.97168	0.632324	7.080078	35.15625	-70.922852
2024-02-02 00:48:10.050	-0.071045	-0.97876	0.632324	6.04248	38.879395	-66.040039
2024-02-02 00:48:10.060	-0.057617	-0.973633	0.605469	1.159668	43.029781	-59.509274
2024-02-02 00:48:10.069	-0.054199	-0.949707	0.571777	-3.051758	46.44775	-53.771969
2024-02-02 00:48:10.079	-0.055176	-0.917725	0.541992	-3.479004	47.790524	-50.47607
2024-02-02 00:48:10.090	-0.061523	-0.901855	0.530518	-0.671387	47.241207	-48.889156
2024-02-02 00:48:10.100	-0.070557	-0.900391	0.520508	2.075195	46.142574	-48.095699
2024-02-02 00:48:10.110	-0.078125	-0.901611	0.515137	1.831055	44.921871	-47.058102
2024-02-02 00:48:10.119	-0.082764	-0.887939	0.49707	-1.098633	44.128414	-45.715328
2024-02-02 00:48:10.130	-0.08667	-0.859131	0.471191	-3.967285	44.128414	-44.250484
2024-02-02 00:48:10.140	-0.090576	-0.831787	0.453125	-3.967285	44.677731	-42.846676
2024-02-02 00:48:10.149	-0.077881	-0.819336	0.425781	0.0	44.189449	-41.503902
2024-02-02 00:48:10.159	-0.054932	-0.848633	0.42627	8.117676	42.053219	-40.222164
2024-02-02 00:48:10.170	-0.023926	-0.932129	0.462646	17.150879	37.902832	-38.024902
2024-02-02 00:48:10.180	0.012939	-1.015381	0.525635	19.226074	32.226563	-33.935547
2024-02-02 00:48:10.190	0.015137	-1.020996	0.577881	14.526366	26.611326	-28.320311
2024-02-02 00:48:10.200	-0.000244	-0.959717	0.580322	9.765625	19.287109	-23.925779
2024-02-02 00:48:10.210	-0.024658	-0.899658	0.553711	7.324218	9.094238	-22.521971
2024-02-02 00:48:10.220	-0.047852	-0.883301	0.53833	7.446289	-3.173828	-23.559568
2024-02-02 00:48:10.230	-0.082275	-0.887695	0.557373	9.277344	-14.160155	-25.390623
2024-02-02 00:48:10.239	-0.125	-0.89917	0.580078	10.742187	-20.202635	-26.428221
2024-02-02 00:48:10.250	-0.160645	-0.906738	0.583008	9.399414	-21.118162	-26.367186
2024-02-02 00:48:10.260	-0.168701	-0.903564	0.567627	4.638672	-18.493652	-26.06201
2024-02-02 00:48:10.270	-0.160645	-0.886475	0.546631	-0.305176	-13.793944	-24.16992
2024-02-02 00:48:10.280	-0.143799	-0.865479	0.539551	-4.089355	-8.605957	-19.897461
2024-02-02 00:48:10.289	-0.123779	-0.833008	0.529541	-7.446289	-3.234863	-14.160155
2024-02-02 00:48:10.300	-0.099609	-0.802002	0.508789	-8.178711	1.831055	-8.361816
2024-02-02 00:48:10.310	-0.070801	-0.788086	0.502441	-5.554199	6.04248	-3.601074
2024-02-02 00:48:10.320	-0.046875	-0.792236	0.51416	-1.098633	9.155273	-0.12207
2024-02-02 00:48:10.330	-0.030273	-0.810059	0.529785	3.662109	10.681151	2.258301
2024-02-02 00:48:10.340	-0.018311	-0.836426	0.545654	8.056641	9.765625	4.211426
2024-02-02 00:48:10.351	-0.016113	-0.868408	0.564941	11.169433	6.591796	5.981445
2024-02-02 00:48:10.361	-0.020508	-0.905029	0.585449	11.047362	2.01416	7.8125
2024-02-02 00:48:10.371	-0.032715	-0.928955	0.608887	7.385253	-3.112793	9.521484
2024-02-02 00:48:10.381	-0.04541	-0.93335	0.621826	1.831055	-8.239746	11.413573
2024-02-02 00:48:10.392	-0.062012	-0.915771	0.622803	-3.90625	-12.023925	14.038085
2024-02-02 00:48:10.402	-0.081543	-0.88916	0.61084	-7.751464	-14.038085	16.906738
2024-02-02 00:48:10.412	-0.098145	-0.871826	0.592285	-9.399414	-14.892577	19.348145
2024-02-02 00:48:10.423	-0.101318	-0.867676	0.575439	-9.399414	-15.624999	21.545408
2024-02-02 00:48:10.433	-0.102295	-0.874268	0.566895	-9.094238	-16.479492	23.193357
2024-02-02 00:48:10.443	-0.103516	-0.879395	0.567627	-9.58252	-16.418457	23.925779
2024-02-02 00:48:10.453	-0.109131	-0.882568	0.570313	-10.31494	-15.319823	24.230955
2024-02-02 00:48:10.464	-0.108643	-0.881836	0.568848	-10.925292	-13.244628	25.329588
2024-02-02 00:48:10.474	-0.095947	-0.878662	0.574951	-11.291503	-10.925292	27.221678
2024-02-02 00:48:10.484	-0.095703	-0.869873	0.586914	-11.108397	-7.93457	29.418943
2024-02-02 00:48:10.494	-0.098633	-0.859863	0.585693	-9.155273	-5.065917	30.639647
2024-02-02 00:48:10.505	-0.098877	-0.852539	0.598633	-5.371093	-3.845215	30.09033
2024-02-02 00:48:10.515	-0.081299	-0.85791	0.619385	-2.075195	-5.432128	28.015135
2024-02-02 00:48:10.525	-0.066895	-0.876465	0.61792	0.061035	-6.347656	26.489256
2024-02-02 00:48:10.535	-0.064697	-0.903564	0.624756	0.671387	-6.225585	27.282713
2024-02-02 00:48:10.545	-0.074707	-0.919922	0.633301	-2.01416	-7.141113	29.479979
2024-02-02 00:48:10.556	-0.087891	-0.914795	0.617432	-6.530761	-10.19287	30.517576
2024-02-02 00:48:10.566	-0.099609	-0.897217	0.585693	-9.82666	-14.648437	29.785154
2024-02-02 00:48:10.576	-0.108154	-0.887207	0.549805	-11.047362	-18.737793	27.9541
2024-02-02 00:48:10.586	-0.125244	-0.883545	0.529053	-10.925292	-21.118162	25.695799
2024-02-02 00:48:10.597	-0.14209	-0.882324	0.531738	-10.253905	-21.972654	22.705076
2024-02-02 00:48:10.607	-0.14917	-0.869385	0.536133	-10.19287	-21.423338	19.958496
2024-02-02 00:48:10.617	-0.146729	-0.847656	0.527588	-9.277344	-19.65332	18.432617
2024-02-02 00:48:10.628	-0.136719	-0.834473	0.526123	-7.019042	-17.272949	17.578125
2024-02-02 00:48:10.638	-0.129639	-0.828125	0.536133	-3.173828	-13.916015	16.784668
2024-02-02 00:48:10.648	-0.123779	-0.831299	0.548584	1.525879	-10.131835	16.113281
2024-02-02 00:48:10.658	-0.123535	-0.842285	0.564697	6.225585	-6.286621	14.953612
2024-02-02 00:48:10.669	-0.123779	-0.857178	0.591064	10.131835	-2.807617	12.756347
2024-02-02 00:48:10.679	-0.11499	-0.863525	0.605713	12.023925	-0.305176	10.31494
2024-02-02 00:48:10.689	-0.101074	-0.86499	0.61084	12.573241	1.220703	8.056641
2024-02-02 00:48:10.699	-0.096436	-0.871826	0.608887	12.329101	2.380371	5.981445
2024-02-02 00:48:10.710	-0.088867	-0.876221	0.605225	10.620116	2.746582	4.02832
2024-02-02 00:48:10.720	-0.088867	-0.880127	0.606689	8.728027	2.319336	2.13623
2024-02-02 00:48:10.729	-0.095459	-0.885742	0.606934	7.385253	1.586914	0.061035
2024-02-02 00:48:10.739	-0.105713	-0.895508	0.601807	5.981445	0.793457	-2.01416
2024-02-02 00:48:10.750	-0.115723	-0.901855	0.592529	4.333496	0.183105	-4.150391
2024-02-02 00:48:10.760	-0.122803	-0.906738	0.593994	2.563476	-0.244141	-6.286621
2024-02-02 00:48:10.770	-0.132324	-0.908447	0.603271	0.488281	0.549316	-8.178711
2024-02-02 00:48:10.779	-0.133789	-0.893799	0.601074	-2.197266	2.563476	-9.887695
2024-02-02 00:48:10.789	-0.129883	-0.875977	0.5896	-4.089355	5.310058	-10.559081
2024-02-02 00:48:10.800	-0.121826	-0.858887	0.58667	-4.394531	7.629394	-10.437011
2024-02-02 00:48:10.809	-0.115723	-0.846436	0.593506	-3.662109	9.521484	-9.94873
2024-02-02 00:48:10.819	-0.113281	-0.840576	0.594971	-1.831055	11.291503	-9.70459
2024-02-02 00:48:10.829	-0.112793	-0.82959	0.592285	1.159668	13.488769	-9.460449
2024-02-02 00:48:10.840	-0.121338	-0.820801	0.593018	5.554199	16.418457	-8.789063
2024-02-02 00:48:10.850	-0.131104	-0.823242	0.600098	10.0708	18.920898	-7.629394
2024-02-02 00:48:10.860	-0.138184	-0.840332	0.609131	13.183593	20.629881	-5.859375
2024-02-02 00:48:10.869	-0.146973	-0.865479	0.617676	13.305663	22.216795	-3.845215
2024-02-02 00:48:10.880	-0.151367	-0.874512	0.618164	10.559081	23.742674	-1.770019
2024-02-02 00:48:10.890	-0.155762	-0.864746	0.620117	7.080078	25.329588	0.244141
2024-02-02 00:48:10.899	-0.156006	-0.857666	0.613525	4.699707	26.855467	1.89209
2024-02-02 00:48:10.909	-0.148438	-0.849609	0.596924	3.601074	27.587889	3.051758
2024-02-02 00:48:10.920	-0.143311	-0.852295	0.581055	3.662109	27.648924	3.234863
2024-02-02 00:48:10.930	-0.142822	-0.867432	0.577881	4.699707	26.611326	2.319336
2024-02-02 00:48:10.940	-0.145508	-0.879639	0.581055	5.493164	24.04785	0.732422
2024-02-02 00:48:10.949	-0.150146	-0.883057	0.580566	5.432128	20.38574	-1.403808
2024-02-02 00:48:10.960	-0.157227	-0.882324	0.587158	5.065917	16.479492	-3.723144
2024-02-02 00:48:10.970	-0.157715	-0.876709	0.600098	4.577637	13.244628	-5.676269
2024-02-02 00:48:10.979	-0.155762	-0.868164	0.605713	3.540039	11.352538	-6.896972
2024-02-02 00:48:10.989	-0.165039	-0.852295	0.595459	3.967285	10.986327	-7.385253
2024-02-02 00:48:11.000	-0.180176	-0.841064	0.600586	8.178711	10.986327	-8.483887
2024-02-02 00:48:11.010	-0.189941	-0.840332	0.621826	12.573241	11.291503	-10.986327
2024-02-02 00:48:11.020	-0.187256	-0.84082	0.642822	14.709472	12.390136	-13.97705
2024-02-02 00:48:11.030	-0.181885	-0.842529	0.657715	16.540527	14.343261	-17.211914
2024-02-02 00:48:11.039	-0.170898	-0.850586	0.65918	18.554688	17.51709	-20.507811
2024-02-02 00:48:11.050	-0.15332	-0.852051	0.657471	19.775391	21.057127	-23.437498
2024-02-02 00:48:11.060	-0.138428	-0.852783	0.647949	21.057127	23.864744	-25.756834
2024-02-02 00:48:11.069	-0.124512	-0.868896	0.641357	22.033689	25.878904	-28.137205
2024-02-02 00:48:11.079	-0.110596	-0.891602	0.643799	20.996092	26.794432	-30.151365
2024-02-02 00:48:11.090	-0.096191	-0.906738	0.646484	17.39502	27.038572	-31.494139
2024-02-02 00:48:11.100	-0.088623	-0.906006	0.63623	13.061522	26.977537	-32.043457
2024-02-02 00:48:11.110	-0.09375	-0.891113	0.617676	9.521484	26.794432	-31.921385
2024-02-02 00:48:11.120	-0.10791	-0.864502	0.601318	7.93457	25.756834	-32.348633
2024-02-02 00:48:11.130	-0.116211	-0.842529	0.592773	8.972168	24.16992	-34.362793
2024-02-02 00:48:11.140	-0.120605	-0.827637	0.587402	10.864257	23.254393	-36.92627
2024-02-02 00:48:11.151	-0.125732	-0.81958	0.583496	12.390136	23.925779	-39.367676
2024-02-02 00:48:11.161	-0.124756	-0.82373	0.586182	13.793944	25.634764	-41.259762
2024-02-02 00:48:11.171	-0.120361	-0.827148	0.590088	15.014647	27.343748	-42.358395
2024-02-02 00:48:11.181	-0.110352	-0.830078	0.5979	16.052246	28.808592	-42.602535
2024-02-02 00:48:11.192	-0.093018	-0.825195	0.602295	16.357422	29.96826	-41.687008
2024-02-02 00:48:11.202	-0.074463	-0.813965	0.609863	16.601563	30.700682	-39.855957
2024-02-02 00:48:11.212	-0.054932	-0.807861	0.621338	17.089844	30.761717	-36.987305
2024-02-02 00:48:11.222	-0.044434	-0.797852	0.633057	17.944336	30.2124	-33.38623
2024-02-02 00:48:11.232	-0.041992	-0.793457	0.647949	18.859863	28.564451	-29.541014
2024-02-02 00:48:11.243	-0.042236	-0.789795	0.659912	19.226074	26.000975	-25.756834
2024-02-02 00:48:11.253	-0.041748	-0.790527	0.668457	19.348145	23.254393	-22.094725
2024-02-02 00:48:11.263	-0.043701	-0.788086	0.672119	19.775391	20.629881	-18.249512
2024-02-02 00:48:11.274	-0.049561	-0.788086	0.669678	19.897461	18.554688	-14.09912
2024-02-02 00:48:11.284	-0.057861	-0.788574	0.670166	20.1416	16.784668	-9.887695
2024-02-02 00:48:11.294	-0.067871	-0.793457	0.667969	20.874022	14.648437	-6.347656
2024-02-02 00:48:11.304	-0.079102	-0.801514	0.673096	22.27783	11.96289	-3.845215
2024-02-02 00:48:11.315	-0.090088	-0.815674	0.680664	23.376463	9.216309	-2.441406
2024-02-02 00:48:11.325	-0.098145	-0.827148	0.683105	23.132322	6.958007	-1.525879
2024-02-02 00:48:11.335	-0.107178	-0.828613	0.683105	22.033689	4.943848	-0.671387
2024-02-02 00:48:11.345	-0.11792	-0.825684	0.684814	20.507811	3.540039	-0.427246
2024-02-02 00:48:11.355	-0.129639	-0.818359	0.67627	19.226074	2.807617	-0.610352
2024-02-02 00:48:11.366	-0.138428	-0.803467	0.674561	18.554688	2.929687	-1.159668
2024-02-02 00:48:11.376	-0.14209	-0.79541	0.674561	18.249512	3.845215	-1.770019
2024-02-02 00:48:11.386	-0.141602	-0.789795	0.674072	18.066406	5.371093	-2.502441
2024-02-02 00:48:11.397	-0.134521	-0.789795	0.67334	17.578125	7.446289	-3.784179
2024-02-02 00:48:11.407	-0.12915	-0.787354	0.676025	16.662598	9.521484	-4.821777
2024-02-02 00:48:11.417	-0.119873	-0.783447	0.669434	15.624999	11.901855	-5.371093
2024-02-02 00:48:11.427	-0.112793	-0.778809	0.665771	14.282226	14.343261	-5.065917
2024-02-02 00:48:11.437	-0.105957	-0.770752	0.661133	12.451171	16.784668	-4.577637
2024-02-02 00:48:11.448	-0.101074	-0.760986	0.650146	10.620116	18.737793	-4.211426
2024-02-02 00:48:11.458	-0.098877	-0.758057	0.640869	9.460449	19.714355	-4.150391
2024-02-02 00:48:11.468	-0.092285	-0.755371	0.634766	8.544922	19.592285	-3.90625
2024-02-02 00:48:11.479	-0.089111	-0.756104	0.633545	7.8125	18.859863	-3.417969
2024-02-02 00:48:11.489	-0.095215	-0.764893	0.632813	7.019042	17.578125	-2.441406
2024-02-02 00:48:11.499	-0.099365	-0.773438	0.636475	5.615234	16.357422	-0.976562
2024-02-02 00:48:11.509	-0.103027	-0.777832	0.631104	3.90625	15.380858	0.549316
2024-02-02 00:48:11.520	-0.10791	-0.780762	0.624512	2.502441	13.793944	1.342773
2024-02-02 00:48:11.529	-0.109863	-0.783691	0.619629	1.464844	11.596679	1.525879
2024-02-02 00:48:11.539	-0.11084	-0.786621	0.617188	0.915527	9.216309	1.281738
2024-02-02 00:48:11.550	-0.114746	-0.795166	0.626953	1.342773	6.835937	0.793457
2024-02-02 00:48:11.559	-0.122559	-0.807861	0.642334	1.586914	5.004883	0.305176
2024-02-02 00:48:11.569	-0.125244	-0.804932	0.654541	-0.366211	3.967285	-0.061035
2024-02-02 00:48:11.579	-0.125732	-0.792236	0.651855	-2.685547	3.234863	0.0
2024-02-02 00:48:11.590	-0.125732	-0.790039	0.654053	-2.990722	2.502441	-0.183105
2024-02-02 00:48:11.600	-0.125977	-0.798096	0.67041	-1.770019	1.403808	-0.732422
2024-02-02 00:48:11.609	-0.126709	-0.813721	0.684814	-0.915527	0.061035	-1.647949
2024-02-02 00:48:11.619	-0.133789	-0.825928	0.698486	-1.220703	-1.281738	-2.929687
2024-02-02 00:48:11.630	-0.140381	-0.828613	0.706787	-2.990722	-2.13623	-4.211426
2024-02-02 00:48:11.640	-0.146973	-0.821533	0.703369	-5.004883	-2.502441	-5.310058
2024-02-02 00:48:11.649	-0.151367	-0.80835	0.704102	-5.859375	-2.746582	-6.652832
2024-02-02 00:48:11.659	-0.154541	-0.799805	0.712402	-5.981445	-2.685547	-7.873535
2024-02-02 00:48:11.670	-0.157471	-0.797852	0.71875	-6.591796	-2.563476	-9.338379
2024-02-02 00:48:11.680	-0.156006	-0.793701	0.716553	-7.751464	-2.380371	-10.742187
2024-02-02 00:48:11.690	-0.155273	-0.786133	0.705078	-8.850098	-1.525879	-11.108397
2024-02-02 00:48:11.699	-0.158203	-0.778564	0.692383	-9.216309	0.244141	-10.253905
2024-02-02 00:48:11.710	-0.156738	-0.776367	0.684814	-8.117676	3.295898	-8.972168
2024-02-02 00:48:11.720	-0.148682	-0.781494	0.682129	-6.591796	7.263183	-7.507324
2024-02-02 00:48:11.729	-0.134521	-0.788818	0.681885	-5.371093	11.901855	-5.737304
2024-02-02 00:48:11.739	-0.123779	-0.792236	0.682861	-4.02832	16.418457	-4.760742
2024-02-02 00:48:11.750	-0.118652	-0.795898	0.677734	-2.13623	20.324705	-5.615234
2024-02-02 00:48:11.760	-0.111572	-0.803955	0.669922	-1.098633	23.193357	-7.568359
2024-02-02 00:48:11.770	-0.109375	-0.809326	0.674072	-2.13623	24.841307	-9.643555
2024-02-02 00:48:11.779	-0.109375	-0.798096	0.679688	-4.211426	25.573729	-11.657714
2024-02-02 00:48:11.789	-0.103271	-0.786377	0.696533	-5.493164	25.695799	-13.183593
2024-02-02 00:48:11.800	-0.099121	-0.783203	0.698242	-6.774902	25.451658	-13.671874
2024-02-02 00:48:11.809	-0.111084	-0.805908	0.690186	-7.8125	24.719236	-13.793944
2024-02-02 00:48:11.819	-0.120361	-0.835205	0.689209	-9.94873	22.094725	-14.404296
2024-02-02 00:48:11.829	-0.123291	-0.863037	0.693604	-13.366698	20.568846	-16.418457
2024-02-02 00:48:11.840	-0.149658	-0.875244	0.682373	-18.432617	21.118162	-19.958496
2024-02-02 00:48:11.850	-0.188232	-0.881592	0.67334	-22.216795	21.179197	-26.18408
2024-02-02 00:48:11.860	-0.222656	-0.887451	0.662109	-23.681639	20.324705	-34.851074
2024-02-02 00:48:11.869	-0.245605	-0.891357	0.640869	-24.29199	21.118162	-44.799801
2024-02-02 00:48:11.880	-0.240723	-0.883057	0.620605	-24.475096	26.428221	-55.358883
2024-02-02 00:48:11.890	-0.215088	-0.875732	0.610352	-23.498533	36.315918	-66.162109
2024-02-02 00:48:11.899	-0.173584	-0.859863	0.608887	-22.27783	48.400875	-76.35498
2024-02-02 00:48:11.909	-0.112305	-0.833252	0.603027	-21.362303	59.631344	-84.899895
2024-02-02 00:48:11.920	-0.050049	-0.80542	0.604004	-20.507811	67.443848	-90.393059
2024-02-02 00:48:11.930	0.009766	-0.7771	0.612305	-20.019531	71.777344	-92.407219
2024-02-02 00:48:11.940	0.068359	-0.758301	0.626953	-18.493652	72.08252	-91.674797
2024-02-02 00:48:11.950	0.113037	-0.744873	0.639893	-15.808105	68.603516	-88.439934
2024-02-02 00:48:11.961	0.131348	-0.743164	0.659912	-12.817382	61.462399	-83.862297
2024-02-02 00:48:11.971	0.133545	-0.75293	0.684326	-10.681151	52.307125	-78.491211
2024-02-02 00:48:11.981	0.119873	-0.76001	0.702637	-10.19287	42.907711	-73.303223
