2024-02-02 19:46:02.923	-0.42041	-0.689941	0.657471	10.498046	-2.441406	6.835937
2024-02-02 19:46:02.933	-0.415527	-0.711914	0.641846	11.901855	-4.455566	4.333496
2024-02-02 19:46:02.944	-0.406006	-0.737061	0.652588	11.291503	-5.065917	1.403808
2024-02-02 19:46:02.954	-0.396973	-0.744629	0.665039	7.629394	-4.699707	-0.610352
2024-02-02 19:46:02.964	-0.397217	-0.735596	0.667969	3.845215	-3.723144	-1.647949
2024-02-02 19:46:02.974	-0.409912	-0.737061	0.646973	3.234863	-1.89209	-2.075195
2024-02-02 19:46:02.985	-0.412598	-0.765625	0.611084	2.746582	-1.647949	-1.525879
2024-02-02 19:46:02.995	-0.420654	-0.768311	0.61377	-0.244141	-3.356933	1.220703
2024-02-02 19:46:03.005	-0.447754	-0.775146	0.66626	-1.037598	-4.272461	4.699707
2024-02-02 19:46:03.015	-0.470215	-0.883545	0.718018	-3.967285	-2.685547	5.615234
2024-02-02 19:46:03.026	-0.447998	-1.053711	0.776367	-25.878904	4.821777	1.220703
2024-02-02 19:46:03.036	-0.422607	-1.085938	0.826172	-62.866207	17.51709	-9.399414
2024-02-02 19:46:03.046	-0.414551	-0.9729	0.777832	-92.468254	27.099607	-22.827147
2024-02-02 19:46:03.056	-0.397949	-0.756348	0.70752	-103.332512	26.489256	-31.188963
2024-02-02 19:46:03.067	-0.376709	-0.532959	0.686035	-89.11132	20.629881	-32.165527
2024-02-02 19:46:03.077	-0.352295	-0.363281	0.662598	-54.992672	14.404296	-26.18408
2024-02-02 19:46:03.087	-0.307861	-0.296875	0.590332	-13.366698	5.92041	-14.953612
2024-02-02 19:46:03.097	-0.277832	-0.355957	0.495117	17.883301	-3.90625	-1.220703
2024-02-02 19:46:03.108	-0.284424	-0.428223	0.483887	32.714844	-12.756347	12.20703
2024-02-02 19:46:03.118	-0.321045	-0.503662	0.537109	42.785641	-18.798828	22.3999
2024-02-02 19:46:03.128	-0.374756	-0.623535	0.576904	52.185055	-23.986814	26.550291
2024-02-02 19:46:03.138	-0.411865	-0.766602	0.607666	52.185055	-29.113768	26.18408
2024-02-02 19:46:03.149	-0.429199	-0.879395	0.654297	41.076656	-32.043457	24.16992
2024-02-02 19:46:03.159	-0.448242	-0.923096	0.732422	26.733397	-29.479979	20.202635
2024-02-02 19:46:03.169	-0.469238	-0.911621	0.798096	16.479492	-22.827147	14.831542
2024-02-02 19:46:03.179	-0.469238	-0.87793	0.769287	10.803222	-16.174316	10.803222
2024-02-02 19:46:03.190	-0.445068	-0.841309	0.696533	6.713867	-11.96289	9.277344
2024-02-02 19:46:03.200	-0.405518	-0.809326	0.647705	1.708984	-10.19287	9.216309
2024-02-02 19:46:03.210	-0.368408	-0.760742	0.610596	-4.150391	-9.94873	9.277344
2024-02-02 19:46:03.220	-0.344482	-0.711914	0.600342	-6.591796	-11.108397	8.483887
2024-02-02 19:46:03.230	-0.341553	-0.684326	0.607666	-4.943848	-13.122558	8.605957
2024-02-02 19:46:03.240	-0.362793	-0.671875	0.618652	-2.441406	-14.953612	11.291503
2024-02-02 19:46:03.250	-0.39502	-0.666504	0.634277	-0.366211	-16.418457	15.747069
2024-02-02 19:46:03.260	-0.42041	-0.676025	0.659912	2.01416	-17.39502	18.981934
2024-02-02 19:46:03.269	-0.432129	-0.693359	0.668701	2.685547	-17.456055	19.592285
2024-02-02 19:46:03.279	-0.435791	-0.711182	0.670654	2.441406	-17.211914	17.51709
2024-02-02 19:46:03.289	-0.431885	-0.730225	0.679688	2.319336	-17.63916	13.427733
2024-02-02 19:46:03.300	-0.429199	-0.744141	0.666992	0.061035	-18.676758	10.437011
2024-02-02 19:46:03.310	-0.431152	-0.751465	0.634277	-3.784179	-21.179197	10.498046
2024-02-02 19:46:03.320	-0.438721	-0.769043	0.588135	-6.408691	-23.864744	11.596679
2024-02-02 19:46:03.330	-0.452393	-0.800293	0.607422	-8.056641	-27.221678	12.939452
2024-02-02 19:46:03.340	-0.484619	-0.893555	0.711914	-12.573241	-27.343748	13.732909
2024-02-02 19:46:03.350	-0.480957	-1.034668	0.798584	-28.869627	-21.606443	11.047362
2024-02-02 19:46:03.360	-0.415771	-1.13208	0.823242	-58.410641	-9.643555	-0.488281
2024-02-02 19:46:03.370	-0.384766	-1.051514	0.793457	-88.378899	6.16455	-17.822266
2024-02-02 19:46:03.380	-0.377686	-0.907715	0.700928	-101.928703	15.563964	-31.127928
2024-02-02 19:46:03.390	-0.327881	-0.762939	0.627197	-104.248039	15.86914	-33.447266
2024-02-02 19:46:03.400	-0.26709	-0.549316	0.655518	-92.956535	9.70459	-24.719236
2024-02-02 19:46:03.410	-0.237549	-0.347412	0.676758	-60.424801	0.610352	-10.864257
2024-02-02 19:46:03.420	-0.226807	-0.279053	0.577148	-22.644041	-13.183593	4.150391
2024-02-02 19:46:03.430	-0.216064	-0.294434	0.505615	4.577637	-31.188963	18.859863
2024-02-02 19:46:03.440	-0.231201	-0.357178	0.480713	23.498533	-45.043941	31.555174
2024-02-02 19:46:03.450	-0.282959	-0.461426	0.492676	36.560059	-53.344723	41.381832
2024-02-02 19:46:03.460	-0.362549	-0.584229	0.559326	44.55566	-59.692379	48.034664
2024-02-02 19:46:03.470	-0.445801	-0.703613	0.712402	48.156734	-64.819336	48.950191
2024-02-02 19:46:03.480	-0.505859	-0.826416	0.828613	46.142574	-64.575195	42.846676
2024-02-02 19:46:03.490	-0.546631	-0.924561	0.829834	37.719727	-58.28857	33.38623
2024-02-02 19:46:03.500	-0.576416	-0.973633	0.773193	27.587889	-48.21777	23.803709
2024-02-02 19:46:03.510	-0.571045	-0.964844	0.721191	18.371582	-35.03418	15.136718
2024-02-02 19:46:03.520	-0.551025	-0.942627	0.680664	11.596679	-19.165039	8.178711
2024-02-02 19:46:03.530	-0.510986	-0.909912	0.63208	5.065917	-3.90625	3.601074
2024-02-02 19:46:03.540	-0.463623	-0.828125	0.616943	0.061035	9.155273	2.13623
2024-02-02 19:46:03.550	-0.440674	-0.750732	0.677246	1.281738	17.944336	2.13623
2024-02-02 19:46:03.560	-0.428467	-0.714111	0.717285	5.493164	21.484373	2.380371
2024-02-02 19:46:03.570	-0.411377	-0.688965	0.708252	8.361816	20.751951	3.051758
2024-02-02 19:46:03.580	-0.384521	-0.667969	0.69043	12.08496	18.249512	4.02832
2024-02-02 19:46:03.590	-0.372559	-0.6604	0.698242	17.456055	16.052246	4.516602
2024-02-02 19:46:03.600	-0.378662	-0.668701	0.724854	23.132322	14.282226	4.211426
2024-02-02 19:46:03.610	-0.386963	-0.692627	0.725586	26.916502	11.840819	3.723144
2024-02-02 19:46:03.620	-0.377441	-0.716553	0.704834	27.893064	8.544922	3.479004
2024-02-02 19:46:03.631	-0.379639	-0.730469	0.678711	28.137205	7.141113	3.479004
2024-02-02 19:46:03.641	-0.393311	-0.736084	0.688965	28.991697	6.347656	3.784179
2024-02-02 19:46:03.651	-0.404541	-0.752441	0.69873	29.174803	4.272461	2.807617
2024-02-02 19:46:03.661	-0.411621	-0.762695	0.6875	26.000975	1.281738	0.610352
2024-02-02 19:46:03.672	-0.435547	-0.740967	0.689697	23.925779	-1.159668	-2.624511
2024-02-02 19:46:03.682	-0.450928	-0.723389	0.689697	26.916502	-0.854492	-6.225585
2024-02-02 19:46:03.692	-0.455566	-0.748779	0.618408	29.541014	2.380371	-9.399414
2024-02-02 19:46:03.702	-0.473877	-0.81543	0.52417	26.000975	4.577637	-11.535644
2024-02-02 19:46:03.713	-0.471436	-0.845215	0.561523	16.967773	3.356933	-14.709472
2024-02-02 19:46:03.723	-0.399902	-0.84082	0.622314	3.90625	8.972168	-20.507811
2024-02-02 19:46:03.733	-0.310059	-0.823486	0.661621	-11.901855	24.108885	-27.465818
2024-02-02 19:46:03.743	-0.266113	-0.750977	0.697998	-20.812986	36.92627	-34.667969
2024-02-02 19:46:03.754	-0.252686	-0.700928	0.700684	-16.967773	40.64941	-41.809078
2024-02-02 19:46:03.764	-0.249756	-0.67334	0.675293	-10.375976	34.545898	-42.724606
2024-02-02 19:46:03.774	-0.249756	-0.588135	0.692871	-4.516602	23.986814	-32.653809
2024-02-02 19:46:03.784	-0.249023	-0.522217	0.671143	3.845215	14.648437	-15.136718
2024-02-02 19:46:03.795	-0.275391	-0.48584	0.628662	9.58252	3.234863	1.159668
2024-02-02 19:46:03.805	-0.321289	-0.432129	0.666504	15.808105	-9.338379	9.277344
2024-02-02 19:46:03.815	-0.343018	-0.430176	0.681641	27.526854	-17.333984	8.789063
2024-02-02 19:46:03.825	-0.348633	-0.493164	0.702637	39.733887	-18.127441	5.371093
2024-02-02 19:46:03.835	-0.391602	-0.579102	0.834473	48.46191	-19.348145	3.173828
2024-02-02 19:46:03.846	-0.432373	-0.67334	0.847168	53.466793	-23.620604	1.281738
2024-02-02 19:46:03.856	-0.416016	-0.75293	0.751953	49.499508	-26.977537	1.953125
2024-02-02 19:46:03.866	-0.387207	-0.821289	0.643555	36.92627	-25.756834	6.225585
2024-02-02 19:46:03.877	-0.402344	-0.843262	0.619141	21.362303	-22.338865	12.329101
2024-02-02 19:46:03.887	-0.420898	-0.822754	0.68335	8.361816	-20.38574	15.136718
2024-02-02 19:46:03.897	-0.40625	-0.782959	0.723633	0.0	-18.005371	10.803222
2024-02-02 19:46:03.907	-0.384521	-0.75293	0.719727	-3.295898	-14.648437	2.441406
2024-02-02 19:46:03.918	-0.371826	-0.730713	0.698486	-3.784179	-11.230468	-4.394531
2024-02-02 19:46:03.928	-0.379639	-0.688477	0.685547	-3.540039	-8.300781	-7.690429
2024-02-02 19:46:03.938	-0.386963	-0.62793	0.702393	-2.197266	-6.04248	-8.666992
2024-02-02 19:46:03.948	-0.386963	-0.587646	0.718018	2.807617	-4.211426	-9.460449
2024-02-02 19:46:03.959	-0.375244	-0.591797	0.722656	10.559081	-2.563476	-9.216309
2024-02-02 19:46:03.969	-0.36084	-0.620361	0.727783	16.662598	-1.342773	-6.896972
2024-02-02 19:46:03.979	-0.361084	-0.650635	0.726807	18.798828	-0.427246	-4.516602
2024-02-02 19:46:03.989	-0.361572	-0.673584	0.725586	17.211914	-0.061035	-2.624511
2024-02-02 19:46:04.000	-0.359863	-0.665283	0.742188	13.183593	-1.464844	-1.403808
2024-02-02 19:46:04.010	-0.369873	-0.643066	0.755371	10.559081	-2.13623	-1.159668
2024-02-02 19:46:04.019	-0.380127	-0.625977	0.750977	10.742187	-0.915527	-0.366211
2024-02-02 19:46:04.029	-0.378174	-0.614502	0.739014	12.268065	0.793457	0.305176
2024-02-02 19:46:04.039	-0.378174	-0.61377	0.73291	14.648437	2.990722	0.610352
2024-02-02 19:46:04.050	-0.375977	-0.624756	0.735596	17.028809	4.638672	0.488281
2024-02-02 19:46:04.059	-0.368164	-0.638916	0.740967	19.348145	5.554199	-0.915527
2024-02-02 19:46:04.069	-0.363525	-0.654297	0.73999	20.751951	6.591796	-2.929687
2024-02-02 19:46:04.079	-0.351074	-0.667236	0.737305	20.26367	7.202148	-4.089355
2024-02-02 19:46:04.090	-0.340088	-0.692139	0.720947	17.39502	7.446289	-4.882813
2024-02-02 19:46:04.099	-0.340088	-0.679199	0.732422	12.817382	9.765625	-5.737304
2024-02-02 19:46:04.110	-0.377441	-0.643311	0.736084	12.573241	13.305663	-6.530761
2024-02-02 19:46:04.119	-0.432129	-0.678467	0.689697	15.502929	13.793944	-6.225585
2024-02-02 19:46:04.130	-0.428467	-0.765381	0.720215	10.375976	11.108397	-6.469726
2024-02-02 19:46:04.140	-0.395508	-0.818848	0.739258	-4.455566	13.061522	-8.605957
2024-02-02 19:46:04.150	-0.393066	-0.789307	0.74585	-18.737793	22.583006	-11.596679
2024-02-02 19:46:04.159	-0.419678	-0.697266	0.780518	-21.484373	32.165527	-16.479492
2024-02-02 19:46:04.170	-0.408936	-0.590576	0.805908	-11.535644	37.536621	-20.874022
2024-02-02 19:46:04.180	-0.334717	-0.545654	0.783447	2.075195	41.931149	-23.254393
2024-02-02 19:46:04.190	-0.242188	-0.555908	0.708496	7.93457	44.921871	-23.864744
2024-02-02 19:46:04.199	-0.195557	-0.552002	0.648926	4.943848	41.137691	-20.080564
2024-02-02 19:46:04.210	-0.193604	-0.522217	0.658447	2.990722	27.099607	-10.742187
2024-02-02 19:46:04.220	-0.20459	-0.523438	0.685303	6.04248	6.774902	-1.098633
2024-02-02 19:46:04.230	-0.223877	-0.539063	0.679932	8.239746	-14.465331	5.310058
2024-02-02 19:46:04.239	-0.292236	-0.525146	0.766113	9.033203	-29.479979	9.216309
2024-02-02 19:46:04.250	-0.410645	-0.54834	0.868408	15.441894	-37.414551	14.09912
2024-02-02 19:46:04.260	-0.46875	-0.630127	0.887451	20.080564	-42.236324	15.930175
2024-02-02 19:46:04.269	-0.484131	-0.702881	0.856689	16.113281	-41.076656	13.85498
2024-02-02 19:46:04.279	-0.526855	-0.783691	0.727051	9.399414	-35.888672	8.605957
2024-02-02 19:46:04.289	-0.522217	-0.800781	0.719727	-1.525879	-28.137205	4.089355
2024-02-02 19:46:04.300	-0.487549	-0.778809	0.72168	-8.666992	-15.197753	-0.244141
2024-02-02 19:46:04.310	-0.442627	-0.728271	0.719238	-12.023925	-1.525879	-4.333496
2024-02-02 19:46:04.320	-0.396973	-0.672852	0.7854	-9.521484	8.117676	-4.821777
2024-02-02 19:46:04.329	-0.311523	-0.694092	0.552734	-8.056641	10.498046	-7.93457
2024-02-02 19:46:04.340	-0.283691	-0.565186	0.613525	-16.418457	10.925292	-6.713867
2024-02-02 19:46:04.350	-0.339111	-0.497559	0.802246	-3.051758	8.300781	0.793457
2024-02-02 19:46:04.360	-0.353271	-0.544434	0.852539	12.390136	1.220703	3.112793
2024-02-02 19:46:04.369	-0.345947	-0.601318	0.848145	12.634276	-3.112793	1.708984
2024-02-02 19:46:04.380	-0.375488	-0.660156	0.749023	8.666992	-1.89209	0.427246
2024-02-02 19:46:04.390	-0.384521	-0.644531	0.717529	2.075195	0.732422	-0.549316
2024-02-02 19:46:04.400	-0.412109	-0.587646	0.804199	1.831055	2.990722	3.112793
2024-02-02 19:46:04.410	-0.438721	-0.616211	0.836182	11.840819	3.540039	4.272461
2024-02-02 19:46:04.420	-0.413574	-0.690918	0.737793	13.305663	4.943848	0.610352
2024-02-02 19:46:04.430	-0.36377	-0.673828	0.756592	5.371093	4.882813	0.366211
2024-02-02 19:46:04.441	-0.363281	-0.630127	0.839844	4.882813	2.380371	0.183105
2024-02-02 19:46:04.451	-0.375977	-0.612549	0.872803	5.615234	-0.915527	-3.051758
2024-02-02 19:46:04.461	-0.369629	-0.618164	0.841797	3.845215	-5.615234	-5.737304
2024-02-02 19:46:04.471	-0.366211	-0.611328	0.756836	2.13623	-9.765625	-5.92041
2024-02-02 19:46:04.482	-0.36792	-0.569092	0.76001	3.234863	-13.061522	-2.258301
2024-02-02 19:46:04.492	-0.383545	-0.567627	0.783936	10.131835	-16.418457	2.807617
2024-02-02 19:46:04.502	-0.376221	-0.630615	0.724854	13.183593	-17.51709	4.272461
2024-02-02 19:46:04.512	-0.332031	-0.670898	0.694336	7.690429	-15.86914	3.112793
2024-02-02 19:46:04.523	-0.303223	-0.664795	0.763916	5.249023	-14.892577	2.929687
2024-02-02 19:46:04.533	-0.321533	-0.661621	0.825928	6.04248	-16.357422	4.699707
2024-02-02 19:46:04.543	-0.336914	-0.657471	0.83667	2.746582	-19.348145	4.333496
2024-02-02 19:46:04.553	-0.354492	-0.664307	0.788574	0.854492	-19.40918	1.525879
2024-02-02 19:46:04.564	-0.387939	-0.64624	0.749512	1.220703	-15.99121	0.976562
2024-02-02 19:46:04.574	-0.439941	-0.615234	0.747559	3.479004	-12.20703	3.90625
2024-02-02 19:46:04.584	-0.478516	-0.644775	0.75708	4.577637	-7.324218	7.995605
2024-02-02 19:46:04.594	-0.500244	-0.709961	0.772949	0.793457	0.488281	10.742187
2024-02-02 19:46:04.605	-0.484863	-0.757324	0.825195	-3.967285	10.131835	6.652832
2024-02-02 19:46:04.615	-0.433594	-0.753906	0.823975	-7.080078	19.470215	-6.469726
2024-02-02 19:46:04.625	-0.394287	-0.723633	0.769531	-6.347656	23.681639	-21.606443
2024-02-02 19:46:04.635	-0.347656	-0.698486	0.726563	-7.93457	22.3999	-30.395506
2024-02-02 19:46:04.645	-0.312988	-0.656982	0.708984	-13.916015	19.65332	-30.2124
2024-02-02 19:46:04.656	-0.283691	-0.600342	0.658447	-20.629881	14.343261	-24.719236
2024-02-02 19:46:04.666	-0.250244	-0.537598	0.612305	-23.620604	8.117676	-18.005371
2024-02-02 19:46:04.676	-0.24292	-0.502197	0.635986	-18.066406	4.943848	-12.329101
2024-02-02 19:46:04.687	-0.253662	-0.470459	0.712402	-6.530761	2.807617	-6.591796
2024-02-02 19:46:04.697	-0.271484	-0.45459	0.789307	7.690429	0.305176	-0.183105
2024-02-02 19:46:04.707	-0.302246	-0.472412	0.80957	20.507811	-5.004883	7.080078
2024-02-02 19:46:04.717	-0.30957	-0.52002	0.763428	25.817869	-11.779784	14.160155
2024-02-02 19:46:04.728	-0.337646	-0.560547	0.815918	23.071287	-17.333984	19.40918
2024-02-02 19:46:04.738	-0.386475	-0.623047	0.864014	21.850584	-19.165039	19.40918
2024-02-02 19:46:04.748	-0.385986	-0.685791	0.858154	22.27783	-17.39502	14.526366
2024-02-02 19:46:04.758	-0.35498	-0.715088	0.806396	19.40918	-13.97705	7.751464
2024-02-02 19:46:04.769	-0.330078	-0.729736	0.736084	14.282226	-11.901855	2.380371
2024-02-02 19:46:04.779	-0.306152	-0.727783	0.711182	7.019042	-12.878417	-0.244141
2024-02-02 19:46:04.789	-0.290527	-0.715576	0.710449	-1.647949	-14.831542	-0.427246
2024-02-02 19:46:04.799	-0.283936	-0.686768	0.705566	-9.094238	-15.319823	1.098633
2024-02-02 19:46:04.810	-0.283936	-0.640137	0.716309	-12.756347	-15.319823	3.417969
2024-02-02 19:46:04.820	-0.296631	-0.595215	0.724609	-11.230468	-15.747069	6.103515
2024-02-02 19:46:04.829	-0.324219	-0.572021	0.734131	-6.408691	-16.967773	9.033203
2024-02-02 19:46:04.840	-0.349854	-0.57373	0.749756	-2.929687	-18.005371	10.864257
2024-02-02 19:46:04.850	-0.372314	-0.579346	0.776611	-1.770019	-17.150879	10.253905
2024-02-02 19:46:04.860	-0.390625	-0.597168	0.802246	0.366211	-14.09912	7.019042
2024-02-02 19:46:04.869	-0.4021	-0.626953	0.814209	2.075195	-10.253905	2.929687
2024-02-02 19:46:04.880	-0.398193	-0.6521	0.81958	1.220703	-6.469726	-1.098633
2024-02-02 19:46:04.890	-0.385498	-0.672363	0.833252	-1.403808	-2.075195	-4.943848
2024-02-02 19:46:04.900	-0.373047	-0.687744	0.831543	-6.16455	1.831055	-7.8125
2024-02-02 19:46:04.909	-0.354248	-0.682617	0.802246	-14.709472	4.211426	-9.643555
2024-02-02 19:46:04.920	-0.327637	-0.663574	0.766846	-25.390623	5.798339	-10.437011
2024-02-02 19:46:04.930	-0.311768	-0.636719	0.746094	-34.240723	7.507324	-10.620116
2024-02-02 19:46:04.940	-0.304932	-0.614258	0.720947	-41.320797	8.422852	-10.19287
2024-02-02 19:46:04.949	-0.285889	-0.600586	0.689209	-43.823238	6.652832	-9.58252
2024-02-02 19:46:04.960	-0.26123	-0.602051	0.663086	-40.039063	2.746582	-9.216309
2024-02-02 19:46:04.970	-0.242432	-0.614502	0.661865	-34.240723	-2.01416	-7.324218
2024-02-02 19:46:04.980	-0.233643	-0.630371	0.674316	-31.066893	-6.103515	-4.089355
2024-02-02 19:46:04.989	-0.239746	-0.636719	0.720703	-30.456541	-8.544922	-0.915527
2024-02-02 19:46:05.000	-0.286133	-0.649414	0.743164	-30.273436	-8.850098	2.01416
2024-02-02 19:46:05.010	-0.342529	-0.674561	0.750488	-29.907225	-7.446289	6.408691
2024-02-02 19:46:05.020	-0.368164	-0.713379	0.749023	-29.235838	-5.92041	13.122558
2024-02-02 19:46:05.030	-0.390137	-0.72876	0.746582	-31.738279	-3.417969	20.080564
2024-02-02 19:46:05.039	-0.427002	-0.690186	0.737549	-32.287598	0.549316	22.460936
2024-02-02 19:46:05.050	-0.465576	-0.609619	0.755127	-22.644041	3.295898	17.272949
2024-02-02 19:46:05.060	-0.498047	-0.638428	0.743896	-5.676269	4.760742	5.981445
2024-02-02 19:46:05.070	-0.494385	-0.802002	0.697998	-0.244141	8.239746	-7.019042
2024-02-02 19:46:05.079	-0.439697	-0.958008	0.749756	-12.20703	15.99121	-19.104004
2024-02-02 19:46:05.090	-0.418701	-1.01709	0.811279	-31.98242	24.902342	-30.578611
2024-02-02 19:46:05.100	-0.407227	-0.936035	0.814941	-47.607418	30.2124	-37.475586
2024-02-02 19:46:05.110	-0.356934	-0.838135	0.741699	-51.391598	33.630371	-38.94043
2024-02-02 19:46:05.119	-0.288574	-0.759033	0.658936	-50.354	35.461426	-37.841797
2024-02-02 19:46:05.130	-0.223145	-0.707031	0.581055	-48.645016	39.306641	-35.27832
2024-02-02 19:46:05.140	-0.20752	-0.628906	0.546387	-47.546383	42.968746	-27.526854
2024-02-02 19:46:05.150	-0.240234	-0.505859	0.736084	-41.870113	38.085938	-16.784668
2024-02-02 19:46:05.159	-0.302734	-0.43457	0.872559	-25.085447	26.855467	-8.239746
2024-02-02 19:46:05.170	-0.289063	-0.452637	0.84082	-3.417969	11.230468	-2.624511
2024-02-02 19:46:05.180	-0.277344	-0.525635	0.752686	10.253905	-4.211426	2.746582
2024-02-02 19:46:05.190	-0.310059	-0.594238	0.677002	13.671874	-15.319823	10.742187
2024-02-02 19:46:05.199	-0.320557	-0.62793	0.637939	13.183593	-22.705076	18.554688
2024-02-02 19:46:05.210	-0.313232	-0.652344	0.635254	14.343261	-25.390623	22.888182
2024-02-02 19:46:05.220	-0.306152	-0.685303	0.637451	16.174316	-24.04785	26.733397
2024-02-02 19:46:05.230	-0.295898	-0.701416	0.630615	16.113281	-22.27783	32.043457
2024-02-02 19:46:05.240	-0.304199	-0.70752	0.622314	15.014647	-23.132322	37.475586
2024-02-02 19:46:05.250	-0.321045	-0.705811	0.641113	14.09912	-27.221678	41.564938
2024-02-02 19:46:05.261	-0.346191	-0.701416	0.683594	13.916015	-32.043457	43.151852
2024-02-02 19:46:05.271	-0.38501	-0.715088	0.700684	13.671874	-34.851074	42.297359
2024-02-02 19:46:05.281	-0.422852	-0.739258	0.720947	12.20703	-34.484863	39.733887
2024-02-02 19:46:05.291	-0.45459	-0.776611	0.74707	9.277344	-30.2124	34.790039
2024-02-02 19:46:05.302	-0.473145	-0.8125	0.752441	4.455566	-22.27783	27.465818
2024-02-02 19:46:05.312	-0.479492	-0.841553	0.755615	-2.624511	-13.366698	19.226074
2024-02-02 19:46:05.322	-0.471191	-0.834717	0.763916	-11.291503	-5.615234	11.535644
2024-02-02 19:46:05.333	-0.462891	-0.793701	0.744385	-18.676758	0.12207	5.432128
2024-02-02 19:46:05.343	-0.467773	-0.725098	0.728516	-20.38574	2.868652	0.915527
2024-02-02 19:46:05.353	-0.459229	-0.656738	0.717285	-14.09912	4.089355	-3.784179
2024-02-02 19:46:05.363	-0.437744	-0.670166	0.641602	-3.540039	6.408691	-10.131835
2024-02-02 19:46:05.374	-0.412842	-0.761963	0.619629	-0.610352	9.460449	-16.113281
2024-02-02 19:46:05.384	-0.343018	-0.853271	0.652344	-11.718749	13.244628	-21.972654
2024-02-02 19:46:05.394	-0.285889	-0.891846	0.650391	-27.465818	17.456055	-30.029295
2024-02-02 19:46:05.404	-0.274414	-0.861572	0.664307	-37.231445	17.272949	-39.428711
2024-02-02 19:46:05.414	-0.270264	-0.800049	0.679932	-39.672852	12.20703	-46.020504
2024-02-02 19:46:05.425	-0.251465	-0.758545	0.632324	-38.879395	6.469726	-46.203609
2024-02-02 19:46:05.435	-0.207275	-0.706055	0.58374	-39.0625	0.854492	-40.52734
2024-02-02 19:46:05.445	-0.190674	-0.662842	0.582275	-35.095215	-3.540039	-32.775879
2024-02-02 19:46:05.456	-0.184814	-0.639648	0.607178	-27.282713	-4.150391	-25.756834
2024-02-02 19:46:05.466	-0.199219	-0.605469	0.631104	-18.615723	-4.333496	-19.287109
2024-02-02 19:46:05.476	-0.217041	-0.573975	0.688721	-7.446289	-8.422852	-13.183593
2024-02-02 19:46:05.486	-0.24585	-0.578613	0.70166	6.103515	-10.559081	-7.080078
2024-02-02 19:46:05.497	-0.269043	-0.622559	0.673584	16.418457	-10.375976	0.305176
2024-02-02 19:46:05.507	-0.300537	-0.665527	0.731201	19.836426	-11.901855	9.643555
2024-02-02 19:46:05.517	-0.34375	-0.712158	0.770264	21.789549	-12.878417	18.371582
2024-02-02 19:46:05.527	-0.361084	-0.774658	0.733643	20.690916	-11.718749	24.719236
2024-02-02 19:46:05.538	-0.358887	-0.80957	0.633789	13.183593	-9.399414	28.442381
2024-02-02 19:46:05.548	-0.341553	-0.826172	0.5896	7.080078	-7.8125	27.221678
2024-02-02 19:46:05.558	-0.320557	-0.839111	0.605713	1.281738	-7.751464	22.705076
2024-02-02 19:46:05.568	-0.3125	-0.813232	0.62085	-9.82666	-9.277344	19.104004
2024-02-02 19:46:05.579	-0.317871	-0.754639	0.621094	-18.310547	-11.352538	15.686034
2024-02-02 19:46:05.589	-0.325195	-0.710205	0.649658	-17.211914	-14.038085	11.474608
2024-02-02 19:46:05.599	-0.344238	-0.702393	0.696045	-10.131835	-15.99121	7.446289
2024-02-02 19:46:05.609	-0.38208	-0.718994	0.740723	-4.089355	-15.258788	4.638672
2024-02-02 19:46:05.619	-0.405762	-0.739258	0.771973	-2.990722	-12.08496	2.990722
2024-02-02 19:46:05.630	-0.411865	-0.750244	0.754395	-4.943848	-7.263183	1.89209
2024-02-02 19:46:05.640	-0.410645	-0.751221	0.709961	-6.530761	-2.502441	1.159668
2024-02-02 19:46:05.650	-0.396973	-0.747314	0.700439	-7.019042	0.610352	1.220703
2024-02-02 19:46:05.661	-0.376465	-0.736816	0.720947	-7.202148	2.990722	1.281738
2024-02-02 19:46:05.671	-0.377686	-0.733643	0.722412	-6.896972	6.835937	0.183105
2024-02-02 19:46:05.681	-0.395508	-0.746582	0.671387	-5.676269	10.31494	-1.403808
2024-02-02 19:46:05.691	-0.375	-0.773682	0.630127	-5.615234	11.352538	-2.502441
2024-02-02 19:46:05.702	-0.344482	-0.785645	0.637695	-6.408691	12.634276	-2.746582
2024-02-02 19:46:05.712	-0.334717	-0.783936	0.659668	-7.568359	15.197753	-2.380371
2024-02-02 19:46:05.722	-0.340576	-0.778564	0.661377	-8.544922	15.86914	-1.464844
2024-02-02 19:46:05.732	-0.345703	-0.752686	0.62085	-8.605957	14.709472	-0.915527
2024-02-02 19:46:05.743	-0.339844	-0.707031	0.593994	-4.455566	13.916015	-1.342773
2024-02-02 19:46:05.753	-0.342773	-0.722656	0.592041	6.286621	12.023925	-2.380371
2024-02-02 19:46:05.763	-0.360107	-0.812744	0.632568	9.033203	11.108397	-2.685547
2024-02-02 19:46:05.773	-0.360352	-0.924561	0.671387	-3.479004	14.343261	-4.211426
2024-02-02 19:46:05.784	-0.32666	-1.000977	0.684082	-23.681639	17.089844	-9.521484
2024-02-02 19:46:05.794	-0.32373	-0.966797	0.71167	-40.283199	18.188477	-16.601563
2024-02-02 19:46:05.804	-0.333252	-0.880615	0.693359	-45.776363	18.554688	-22.827147
2024-02-02 19:46:05.814	-0.306396	-0.795898	0.634766	-45.227047	20.935057	-26.06201
2024-02-02 19:46:05.825	-0.281738	-0.726807	0.632813	-39.550781	22.827147	-25.085447
2024-02-02 19:46:05.835	-0.277344	-0.654541	0.683594	-28.503416	20.996092	-21.972654
2024-02-02 19:46:05.845	-0.273438	-0.628418	0.662109	-14.343261	16.479492	-18.859863
2024-02-02 19:46:05.855	-0.272949	-0.617676	0.613037	-4.699707	9.82666	-14.160155
2024-02-02 19:46:05.866	-0.284912	-0.59668	0.624756	3.845215	0.549316	-9.155273
2024-02-02 19:46:05.876	-0.322021	-0.597656	0.705078	12.939452	-7.629394	-5.554199
2024-02-02 19:46:05.886	-0.357422	-0.651367	0.749268	19.958496	-15.197753	-2.624511
2024-02-02 19:46:05.896	-0.368896	-0.733154	0.693604	23.864744	-21.606443	-0.12207
2024-02-02 19:46:05.907	-0.344238	-0.807373	0.602783	24.353025	-25.268553	4.211426
2024-02-02 19:46:05.917	-0.31543	-0.857422	0.577881	20.629881	-22.949217	10.620116
2024-02-02 19:46:05.927	-0.306641	-0.871582	0.597656	11.352538	-17.51709	17.700195
2024-02-02 19:46:05.937	-0.305176	-0.848145	0.606934	0.793457	-14.770507	22.888182
2024-02-02 19:46:05.947	-0.30127	-0.800537	0.599365	-5.065917	-15.075683	24.658201
2024-02-02 19:46:05.958	-0.303711	-0.754395	0.601563	-4.943848	-18.188477	24.108885
2024-02-02 19:46:05.968	-0.312012	-0.721436	0.617432	-2.075195	-22.094725	23.498533
2024-02-02 19:46:05.978	-0.343506	-0.70874	0.633057	2.258301	-23.986814	23.254393
2024-02-02 19:46:05.989	-0.387939	-0.718994	0.653076	5.981445	-24.230955	23.010252
2024-02-02 19:46:05.999	-0.415039	-0.738525	0.669922	7.751464	-22.827147	22.15576
2024-02-02 19:46:06.009	-0.415771	-0.76001	0.675537	8.666992	-18.432617	20.38574
2024-02-02 19:46:06.019	-0.410156	-0.771729	0.68335	8.728027	-11.596679	18.493652
2024-02-02 19:46:06.030	-0.414307	-0.767334	0.707031	7.019042	-4.760742	16.906738
2024-02-02 19:46:06.039	-0.432617	-0.7771	0.666992	5.676269	-0.915527	15.136718
2024-02-02 19:46:06.050	-0.420654	-0.775635	0.635254	4.455566	0.244141	14.038085
2024-02-02 19:46:06.060	-0.400391	-0.754395	0.658936	6.16455	3.234863	13.366698
2024-02-02 19:46:06.070	-0.390869	-0.750244	0.678467	8.605957	7.263183	11.840819
2024-02-02 19:46:06.079	-0.373291	-0.754395	0.646729	8.605957	9.033203	10.19287
2024-02-02 19:46:06.090	-0.361084	-0.73291	0.612061	8.117676	9.155273	8.056641
2024-02-02 19:46:06.100	-0.37085	-0.696777	0.610107	12.329101	10.131835	5.798339
2024-02-02 19:46:06.110	-0.416992	-0.73584	0.650635	20.935057	8.483887	5.493164
2024-02-02 19:46:06.119	-0.466309	-0.830811	0.689941	19.348145	5.187988	6.04248
2024-02-02 19:46:06.130	-0.426025	-0.916748	0.709961	6.591796	4.760742	4.02832
2024-02-02 19:46:06.140	-0.3479	-0.923096	0.717041	-3.90625	9.643555	-0.244141
2024-02-02 19:46:06.150	-0.305664	-0.88916	0.70874	-5.249023	15.075683	-5.676269
2024-02-02 19:46:06.159	-0.292236	-0.845459	0.669678	-7.080078	14.770507	-10.0708
2024-02-02 19:46:06.170	-0.271729	-0.773682	0.640381	-11.474608	4.699707	-12.145995
2024-02-02 19:46:06.180	-0.242676	-0.704834	0.601318	-13.549804	-7.202148	-13.000487
2024-02-02 19:46:06.190	-0.234863	-0.668213	0.587158	-12.878417	-12.145995	-12.573241
2024-02-02 19:46:06.199	-0.276367	-0.6521	0.611328	-11.108397	-13.183593	-9.765625
2024-02-02 19:46:06.210	-0.366211	-0.63208	0.659424	-7.751464	-12.145995	-4.638672
2024-02-02 19:46:06.220	-0.413574	-0.616211	0.774902	-3.356933	-11.474608	2.01416
2024-02-02 19:46:06.230	-0.44043	-0.631348	0.824463	2.441406	-9.094238	7.751464
2024-02-02 19:46:06.240	-0.435303	-0.675293	0.764404	10.131835	-2.990722	10.131835
2024-02-02 19:46:06.250	-0.388184	-0.731689	0.619629	13.000487	2.990722	11.230468
2024-02-02 19:46:06.260	-0.319824	-0.776855	0.513916	10.986327	5.371093	11.779784
2024-02-02 19:46:06.270	-0.255127	-0.799072	0.489014	5.859375	6.408691	10.681151
2024-02-02 19:46:06.280	-0.233643	-0.793945	0.495361	-0.366211	5.554199	9.58252
2024-02-02 19:46:06.289	-0.227295	-0.749268	0.523682	-3.967285	-0.671387	8.850098
2024-02-02 19:46:06.300	-0.225342	-0.693359	0.558105	-1.89209	-9.70459	8.239746
2024-02-02 19:46:06.310	-0.237061	-0.649658	0.592529	5.126953	-19.65332	8.117676
2024-02-02 19:46:06.320	-0.266357	-0.632568	0.632324	14.282226	-29.479979	9.094238
2024-02-02 19:46:06.329	-0.304932	-0.639648	0.674561	22.827147	-37.109375	10.864257
2024-02-02 19:46:06.340	-0.352783	-0.677979	0.691162	27.465818	-41.564938	13.793944
2024-02-02 19:46:06.350	-0.399658	-0.72876	0.697266	27.282713	-44.189449	16.723633
2024-02-02 19:46:06.360	-0.429688	-0.762451	0.715332	23.559568	-45.104977	17.944336
2024-02-02 19:46:06.369	-0.43335	-0.779297	0.710938	19.104004	-42.66357	16.174316
2024-02-02 19:46:06.380	-0.410156	-0.767822	0.734131	15.441894	-37.231445	12.268065
2024-02-02 19:46:06.390	-0.389404	-0.766113	0.780029	16.662598	-31.555174	6.652832
2024-02-02 19:46:06.400	-0.384033	-0.806152	0.779053	18.859863	-26.916502	2.197266
2024-02-02 19:46:06.409	-0.348389	-0.83252	0.770264	16.113281	-23.742674	1.037598
2024-02-02 19:46:06.420	-0.312744	-0.819336	0.760254	10.253905	-20.080564	1.098633
2024-02-02 19:46:06.430	-0.310791	-0.779053	0.732178	3.356933	-16.174316	1.281738
2024-02-02 19:46:06.440	-0.337891	-0.710205	0.727051	-0.732422	-14.09912	1.953125
2024-02-02 19:46:06.450	-0.336182	-0.662109	0.765381	1.708984	-13.122558	2.441406
2024-02-02 19:46:06.460	-0.378174	-0.704346	0.760498	6.469726	-10.986327	3.540039
2024-02-02 19:46:06.471	-0.457764	-0.813232	0.743896	2.807617	-11.413573	5.371093
2024-02-02 19:46:06.481	-0.472656	-0.918457	0.743896	-9.765625	-10.31494	4.760742
2024-02-02 19:46:06.491	-0.395996	-0.934814	0.74292	-23.010252	-2.807617	-0.183105
2024-02-02 19:46:06.501	-0.343994	-0.846191	0.730469	-26.733397	6.958007	-8.300781
2024-02-02 19:46:06.512	-0.3396	-0.751465	0.725098	-23.315428	8.300781	-14.587401
2024-02-02 19:46:06.522	-0.306641	-0.685303	0.638916	-25.268553	2.13623	-17.76123
2024-02-02 19:46:06.532	-0.240479	-0.620117	0.556885	-29.663084	-5.249023	-21.362303
2024-02-02 19:46:06.542	-0.206543	-0.571289	0.556152	-27.282713	-9.94873	-26.550291
2024-02-02 19:46:06.553	-0.23584	-0.548584	0.60791	-17.51709	-6.896972	-30.151365
2024-02-02 19:46:06.563	-0.277344	-0.531006	0.696777	-5.92041	-2.319336	-28.808592
2024-02-02 19:46:06.573	-0.325439	-0.562988	0.802734	8.544922	1.281738	-22.27783
2024-02-02 19:46:06.583	-0.373535	-0.635254	0.844238	18.127441	7.629394	-11.291503
2024-02-02 19:46:06.593	-0.403076	-0.703369	0.75708	18.432617	16.418457	1.647949
2024-02-02 19:46:06.604	-0.349854	-0.749268	0.616455	13.671874	24.536131	11.352538
2024-02-02 19:46:06.614	-0.280518	-0.775879	0.5354	8.972168	32.653809	15.380858
2024-02-02 19:46:06.624	-0.244873	-0.791016	0.529297	2.01416	35.949707	15.86914
2024-02-02 19:46:06.635	-0.21875	-0.779297	0.568604	-5.92041	31.677244	14.160155
2024-02-02 19:46:06.645	-0.203613	-0.758057	0.522461	-7.446289	22.15576	10.0708
2024-02-02 19:46:06.655	-0.166016	-0.712891	0.536865	-4.882813	13.427733	4.943848
2024-02-02 19:46:06.665	-0.193604	-0.661133	0.639893	2.075195	4.882813	2.01416
2024-02-02 19:46:06.676	-0.255859	-0.651855	0.735107	14.526366	-5.615234	1.770019
2024-02-02 19:46:06.686	-0.302734	-0.662842	0.765869	20.996092	-17.76123	3.234863
2024-02-02 19:46:06.696	-0.344971	-0.690674	0.752441	20.751951	-28.381346	5.798339
2024-02-02 19:46:06.706	-0.39917	-0.746094	0.750244	16.479492	-32.226563	8.239746
2024-02-02 19:46:06.717	-0.445801	-0.813477	0.743896	9.58252	-28.930662	8.789063
2024-02-02 19:46:06.727	-0.46167	-0.857422	0.744873	1.89209	-19.714355	7.446289
2024-02-02 19:46:06.737	-0.459961	-0.858643	0.762207	-5.126953	-6.225585	4.455566
2024-02-02 19:46:06.747	-0.427979	-0.82251	0.751953	-11.535644	6.286621	-0.244141
2024-02-02 19:46:06.758	-0.365967	-0.763916	0.715088	-14.953612	13.671874	-4.638672
2024-02-02 19:46:06.768	-0.306396	-0.704346	0.690186	-12.329101	16.174316	-6.591796
2024-02-02 19:46:06.778	-0.268555	-0.669678	0.680176	-5.859375	15.380858	-6.103515
2024-02-02 19:46:06.788	-0.248535	-0.65625	0.687988	-0.244141	12.023925	-4.150391
2024-02-02 19:46:06.799	-0.252686	-0.660156	0.709229	4.150391	7.263183	-2.075195
2024-02-02 19:46:06.809	-0.270752	-0.669922	0.739746	7.629394	2.502441	-0.061035
2024-02-02 19:46:06.819	-0.301025	-0.68457	0.744629	9.82666	-1.89209	2.746582
2024-02-02 19:46:06.829	-0.34082	-0.708008	0.723877	9.399414	-5.065917	5.859375
2024-02-02 19:46:06.840	-0.379639	-0.731934	0.718506	5.798339	-7.507324	8.178711
2024-02-02 19:46:06.850	-0.402588	-0.756836	0.70166	0.488281	-8.178711	7.8125
2024-02-02 19:46:06.860	-0.403076	-0.759521	0.672363	-5.859375	-5.493164	5.432128
2024-02-02 19:46:06.869	-0.388672	-0.724854	0.644043	-10.498046	-0.12207	2.13623
2024-02-02 19:46:06.880	-0.364014	-0.677979	0.671387	-8.117676	6.896972	-2.258301
2024-02-02 19:46:06.890	-0.383545	-0.65918	0.686523	0.610352	14.404296	-6.469726
2024-02-02 19:46:06.900	-0.413086	-0.696289	0.676514	7.446289	15.624999	-8.666992
2024-02-02 19:46:06.909	-0.390381	-0.810791	0.647461	6.347656	14.22119	-10.253905
2024-02-02 19:46:06.920	-0.309814	-0.940918	0.633545	-6.225585	18.249512	-13.610839
2024-02-02 19:46:06.930	-0.27832	-0.996338	0.662598	-24.841307	24.108885	-18.005371
2024-02-02 19:46:06.940	-0.284424	-0.967285	0.743408	-37.17041	26.428221	-19.958496
2024-02-02 19:46:06.950	-0.278564	-0.894531	0.750244	-39.672852	25.329588	-16.784668
2024-02-02 19:46:06.960	-0.243896	-0.835693	0.626465	-41.320797	24.963377	-11.840819
2024-02-02 19:46:06.970	-0.214844	-0.766357	0.509766	-41.992184	24.353025	-8.117676
