2024-02-02 19:47:37.044	-0.212646	-0.268555	0.56665	42.175289	-6.16455	-46.508785
2024-02-02 19:47:37.054	-0.249512	-0.369629	0.594971	61.035152	-2.990722	-27.648924
2024-02-02 19:47:37.064	-0.3125	-0.48877	0.676514	71.228027	-3.356933	-7.568359
2024-02-02 19:47:37.075	-0.362061	-0.603271	0.69458	77.148438	-3.479004	8.666992
2024-02-02 19:47:37.085	-0.38916	-0.705322	0.671143	79.711914	-0.610352	18.249512
2024-02-02 19:47:37.095	-0.358398	-0.875977	0.618896	75.439453	6.530761	17.63916
2024-02-02 19:47:37.105	-0.3125	-0.898193	0.587646	56.640621	18.920898	6.774902
2024-02-02 19:47:37.116	-0.371094	-0.407471	0.697754	63.293453	15.380858	-1.159668
2024-02-02 19:47:37.126	-0.274658	-0.418701	0.648438	103.027336	8.483887	-8.666992
2024-02-02 19:47:37.136	-0.158691	-0.726563	0.594238	110.900871	19.348145	-10.0708
2024-02-02 19:47:37.146	-0.193604	-0.906006	0.70874	96.618645	25.512693	-5.187988
2024-02-02 19:47:37.157	-0.278076	-0.977539	0.731934	75.012207	25.024412	-3.90625
2024-02-02 19:47:37.167	-0.264404	-0.985352	0.656006	46.264645	23.376463	-7.385253
2024-02-02 19:47:37.177	-0.222656	-0.915283	0.658203	22.15576	21.118162	-13.305663
2024-02-02 19:47:37.187	-0.237549	-0.817383	0.728271	7.690429	18.249512	-18.798828
2024-02-02 19:47:37.198	-0.279053	-0.72583	0.754395	0.732422	11.535644	-20.1416
2024-02-02 19:47:37.208	-0.280273	-0.661133	0.726563	-1.342773	1.159668	-16.967773
2024-02-02 19:47:37.218	-0.278564	-0.594482	0.678955	-0.793457	-5.004883	-11.230468
2024-02-02 19:47:37.229	-0.283447	-0.532227	0.649902	4.211426	-4.882813	-5.310058
2024-02-02 19:47:37.239	-0.291016	-0.511963	0.62793	10.620116	-0.549316	0.793457
2024-02-02 19:47:37.249	-0.346436	-0.511963	0.677002	14.709472	4.211426	8.972168
2024-02-02 19:47:37.259	-0.437988	-0.527344	0.753662	16.784668	5.92041	16.174316
2024-02-02 19:47:37.270	-0.502686	-0.536377	0.772949	16.052246	7.507324	19.042969
2024-02-02 19:47:37.279	-0.537354	-0.522949	0.753662	17.944336	12.145995	16.967773
2024-02-02 19:47:37.290	-0.554688	-0.550537	0.780762	21.362303	17.883301	8.789063
2024-02-02 19:47:37.299	-0.569824	-0.579102	0.802979	21.606443	26.550291	-4.760742
2024-02-02 19:47:37.310	-0.598633	-0.591553	0.810791	21.118162	38.452148	-22.033689
2024-02-02 19:47:37.319	-0.611816	-0.600342	0.82959	19.958496	49.438473	-42.053219
2024-02-02 19:47:37.330	-0.585449	-0.598633	0.853027	16.235352	58.04443	-62.133785
2024-02-02 19:47:37.340	-0.543945	-0.562744	0.861572	10.559081	66.101074	-79.406738
2024-02-02 19:47:37.349	-0.484131	-0.519531	0.825439	5.310058	73.791504	-93.01757
2024-02-02 19:47:37.360	-0.407715	-0.5	0.79541	4.211426	79.467773	-103.576653
2024-02-02 19:47:37.369	-0.311279	-0.509277	0.814697	6.591796	83.496086	-113.098137
2024-02-02 19:47:37.380	-0.210205	-0.529297	0.835205	6.04248	87.036125	-120.23925
2024-02-02 19:47:37.389	-0.139893	-0.556396	0.859131	2.502441	86.669914	-122.924797
2024-02-02 19:47:37.400	-0.091064	-0.575195	0.817383	-4.760742	82.275383	-119.323723
2024-02-02 19:47:37.409	-0.063477	-0.565674	0.786621	-11.96289	72.875977	-108.581535
2024-02-02 19:47:37.419	-0.043945	-0.540771	0.769043	-13.305663	57.983395	-93.01757
2024-02-02 19:47:37.430	-0.037842	-0.519775	0.738525	-10.559081	41.748043	-75.012207
2024-02-02 19:47:37.439	-0.045654	-0.525391	0.693359	-5.737304	27.099607	-58.898922
2024-02-02 19:47:37.450	-0.074951	-0.561768	0.69165	-1.220703	14.526366	-47.912594
2024-02-02 19:47:37.459	-0.125488	-0.643799	0.712646	-3.479004	1.708984	-42.724606
2024-02-02 19:47:37.470	-0.183594	-0.726563	0.701904	-16.296387	-10.803222	-42.358395
2024-02-02 19:47:37.479	-0.227295	-0.756592	0.672852	-34.301758	-19.836426	-47.424313
2024-02-02 19:47:37.490	-0.276611	-0.716064	0.673096	-48.33984	-24.963377	-57.067867
2024-02-02 19:47:37.500	-0.32666	-0.670166	0.677002	-56.15234	-23.010252	-69.213867
2024-02-02 19:47:37.509	-0.358154	-0.613281	0.682373	-60.791012	-15.563964	-79.528809
2024-02-02 19:47:37.520	-0.370117	-0.570068	0.656494	-61.767574	-5.432128	-86.669914
2024-02-02 19:47:37.529	-0.342285	-0.568115	0.590088	-59.814449	6.774902	-92.102043
2024-02-02 19:47:37.540	-0.316406	-0.596191	0.543213	-56.213375	16.906738	-98.69384
2024-02-02 19:47:37.549	-0.294434	-0.633057	0.559326	-50.354	24.108885	-109.069817
2024-02-02 19:47:37.560	-0.290771	-0.656982	0.58374	-45.959469	32.592773	-119.750969
2024-02-02 19:47:37.569	-0.302246	-0.682861	0.575684	-42.236324	41.198727	-129.272461
2024-02-02 19:47:37.580	-0.322754	-0.723389	0.583984	-35.949707	50.537106	-137.573242
2024-02-02 19:47:37.590	-0.346191	-0.776367	0.630371	-30.151365	62.255856	-144.897461
2024-02-02 19:47:37.599	-0.337891	-0.807861	0.70166	-27.587889	75.866699	-148.742676
2024-02-02 19:47:37.610	-0.300781	-0.806641	0.75708	-28.991697	92.77343	-147.094727
2024-02-02 19:47:37.619	-0.233154	-0.772949	0.776367	-32.958984	112.30468	-140.197754
2024-02-02 19:47:37.630	-0.174805	-0.723633	0.787109	-35.339355	130.310059	-131.408691
2024-02-02 19:47:37.639	-0.128418	-0.691895	0.803223	-30.2124	138.977051	-123.168938
2024-02-02 19:47:37.650	-0.060547	-0.692627	0.828125	-21.301268	136.59668	-113.586418
2024-02-02 19:47:37.659	-0.015869	-0.707275	0.839355	-15.747069	131.347656	-102.050774
2024-02-02 19:47:37.669	-0.001709	-0.724854	0.830811	-12.573241	125.732414	-90.820305
2024-02-02 19:47:37.680	0.001953	-0.734619	0.806885	-9.82666	119.323723	-81.665031
2024-02-02 19:47:37.690	-0.006104	-0.741943	0.778076	-5.981445	111.694328	-75.561523
2024-02-02 19:47:37.700	-0.030273	-0.750244	0.746582	0.671387	101.806633	-72.937012
2024-02-02 19:47:37.710	-0.069336	-0.773682	0.732178	10.986327	91.186516	-72.570801
2024-02-02 19:47:37.721	-0.105225	-0.81958	0.740723	19.53125	81.420891	-71.594238
2024-02-02 19:47:37.731	-0.146484	-0.86792	0.745117	22.094725	73.974609	-68.29834
2024-02-02 19:47:37.741	-0.196533	-0.901123	0.743408	20.26367	69.763184	-64.147949
2024-02-02 19:47:37.751	-0.22998	-0.904297	0.724854	16.418457	67.749023	-60.363766
2024-02-02 19:47:37.762	-0.23584	-0.884521	0.710693	13.305663	67.260742	-57.617184
2024-02-02 19:47:37.772	-0.218018	-0.846436	0.701172	10.620116	68.237305	-54.13818
2024-02-02 19:47:37.782	-0.189209	-0.79541	0.692871	7.019042	69.091797	-48.767086
2024-02-02 19:47:37.792	-0.164795	-0.748047	0.689453	3.356933	69.213867	-42.053219
2024-02-02 19:47:37.803	-0.162109	-0.71167	0.689941	1.281738	68.786621	-35.03418
2024-02-02 19:47:37.813	-0.149902	-0.690918	0.682129	1.89209	67.626953	-29.724119
2024-02-02 19:47:37.823	-0.140381	-0.672607	0.6521	4.394531	66.772461	-24.902342
2024-02-02 19:47:37.833	-0.135986	-0.654785	0.640869	10.0708	66.101074	-20.812986
2024-02-02 19:47:37.844	-0.136475	-0.653076	0.648193	18.432617	64.208984	-16.479492
2024-02-02 19:47:37.854	-0.137451	-0.677246	0.648193	27.038572	60.546871	-10.681151
2024-02-02 19:47:37.864	-0.146729	-0.730225	0.646973	33.691406	55.847164	-4.211426
2024-02-02 19:47:37.875	-0.165283	-0.800049	0.653076	34.790039	49.682613	2.868652
2024-02-02 19:47:37.885	-0.208984	-0.84375	0.639893	28.869627	45.104977	10.253905
2024-02-02 19:47:37.895	-0.248291	-0.863525	0.63623	22.3999	39.916992	15.624999
2024-02-02 19:47:37.905	-0.277588	-0.862793	0.656738	19.104004	33.996582	18.737793
2024-02-02 19:47:37.916	-0.304932	-0.849609	0.658203	17.822266	29.663084	19.897461
2024-02-02 19:47:37.926	-0.335449	-0.833252	0.669434	18.005371	26.123045	18.920898
2024-02-02 19:47:37.936	-0.373047	-0.830566	0.671143	18.066406	21.606443	16.723633
2024-02-02 19:47:37.946	-0.406494	-0.817627	0.64502	15.808105	17.272949	14.404296
2024-02-02 19:47:37.957	-0.405762	-0.80542	0.638184	14.404296	12.695312	10.31494
2024-02-02 19:47:37.967	-0.391357	-0.80957	0.651855	15.014647	11.413573	5.249023
2024-02-02 19:47:37.977	-0.377686	-0.824951	0.658447	14.709472	12.878417	0.305176
2024-02-02 19:47:37.987	-0.350098	-0.833984	0.6521	12.878417	11.291503	-2.807617
2024-02-02 19:47:37.998	-0.293701	-0.84375	0.689453	12.451171	5.798339	-3.967285
2024-02-02 19:47:38.008	-0.224121	-0.861084	0.773193	12.756347	-0.915527	-4.394531
2024-02-02 19:47:38.018	-0.13916	-0.855225	0.780762	8.361816	-7.751464	-3.051758
2024-02-02 19:47:38.028	-0.05542	-0.806641	0.736816	1.770019	-12.817382	1.464844
2024-02-02 19:47:38.039	-0.009277	-0.755859	0.716797	1.708984	-14.22119	7.385253
2024-02-02 19:47:38.049	-0.016602	-0.736328	0.699707	7.629394	-14.160155	14.343261
2024-02-02 19:47:38.059	-0.06958	-0.755371	0.711426	13.549804	-16.296387	23.193357
2024-02-02 19:47:38.069	-0.162109	-0.813721	0.742676	14.648437	-21.789549	32.592773
2024-02-02 19:47:38.080	-0.279053	-0.881836	0.750488	8.605957	-27.832029	40.52734
2024-02-02 19:47:38.090	-0.395264	-0.91333	0.734375	-2.01416	-31.616209	44.494625
2024-02-02 19:47:38.099	-0.487793	-0.911377	0.700684	-12.817382	-33.874512	42.66357
2024-02-02 19:47:38.110	-0.544922	-0.887939	0.664551	-21.240232	-33.935547	34.606934
2024-02-02 19:47:38.119	-0.565186	-0.855225	0.639893	-26.000975	-30.578611	21.423338
2024-02-02 19:47:38.130	-0.554932	-0.811768	0.616699	-27.526854	-24.230955	6.713867
2024-02-02 19:47:38.139	-0.519775	-0.762207	0.589844	-25.695799	-15.86914	-6.286621
2024-02-02 19:47:38.150	-0.472168	-0.708496	0.569092	-19.836426	-6.286621	-16.052246
2024-02-02 19:47:38.159	-0.415527	-0.69165	0.591309	-9.216309	2.319336	-21.667479
2024-02-02 19:47:38.169	-0.353271	-0.739746	0.642578	0.366211	8.728027	-22.888182
2024-02-02 19:47:38.180	-0.317871	-0.802246	0.682617	0.610352	13.793944	-20.38574
2024-02-02 19:47:38.189	-0.302246	-0.826416	0.693604	-6.408691	18.615723	-15.99121
2024-02-02 19:47:38.200	-0.279541	-0.82373	0.696533	-13.244628	23.803709	-12.390136
2024-02-02 19:47:38.209	-0.272461	-0.819336	0.696777	-17.883301	29.724119	-11.352538
2024-02-02 19:47:38.220	-0.282715	-0.81543	0.704834	-21.057127	32.653809	-13.610839
2024-02-02 19:47:38.229	-0.304199	-0.814941	0.728027	-21.667479	31.799314	-17.578125
2024-02-02 19:47:38.240	-0.320313	-0.830566	0.729248	-20.690916	29.663084	-21.972654
2024-02-02 19:47:38.250	-0.3125	-0.85376	0.70459	-19.836426	25.817869	-25.878904
2024-02-02 19:47:38.259	-0.275391	-0.88208	0.710693	-19.348145	20.446775	-28.381346
2024-02-02 19:47:38.270	-0.247559	-0.90918	0.735352	-20.935057	16.113281	-26.245115
2024-02-02 19:47:38.279	-0.244873	-0.945068	0.727783	-28.625486	15.99121	-19.287109
2024-02-02 19:47:38.290	-0.239258	-0.958008	0.709961	-44.250484	17.272949	-11.657714
2024-02-02 19:47:38.299	-0.23584	-0.914795	0.667969	-58.471676	16.113281	-6.530761
2024-02-02 19:47:38.310	-0.21582	-0.839355	0.619141	-62.499996	8.911133	-3.356933
2024-02-02 19:47:38.319	-0.160889	-0.80127	0.5979	-57.556149	-3.601074	0.610352
2024-02-02 19:47:38.330	-0.140137	-0.809814	0.549561	-53.588863	-12.695312	9.216309
2024-02-02 19:47:38.340	-0.14624	-0.801758	0.469971	-53.222652	-19.470215	20.446775
2024-02-02 19:47:38.349	-0.154053	-0.774658	0.452881	-51.391598	-27.9541	30.761717
2024-02-02 19:47:38.360	-0.167236	-0.761963	0.479492	-46.813961	-36.804199	40.588375
2024-02-02 19:47:38.369	-0.190674	-0.774414	0.495605	-44.189449	-43.945309	49.072262
2024-02-02 19:47:38.380	-0.205811	-0.797852	0.519287	-45.166012	-51.086422	56.396481
2024-02-02 19:47:38.389	-0.229004	-0.804199	0.536621	-47.546383	-55.419918	64.819336
2024-02-02 19:47:38.400	-0.28125	-0.777588	0.502686	-50.354	-54.687496	72.692871
2024-02-02 19:47:38.409	-0.326172	-0.73291	0.458496	-50.354	-54.504391	76.660156
2024-02-02 19:47:38.419	-0.362549	-0.682129	0.437012	-46.44775	-55.969234	76.416016
2024-02-02 19:47:38.430	-0.391846	-0.64502	0.414063	-40.161129	-56.701656	73.181152
2024-02-02 19:47:38.439	-0.422119	-0.625	0.388916	-32.104492	-56.335445	68.359375
2024-02-02 19:47:38.450	-0.453857	-0.610107	0.369873	-23.498533	-56.335445	63.84277
2024-02-02 19:47:38.459	-0.473145	-0.600586	0.350586	-15.075683	-55.114742	61.706539
2024-02-02 19:47:38.470	-0.479492	-0.602783	0.330811	-6.408691	-54.077145	61.645504
2024-02-02 19:47:38.479	-0.486084	-0.61792	0.309082	2.319336	-55.175777	62.377926
2024-02-02 19:47:38.490	-0.476807	-0.647461	0.327881	11.657714	-58.715816	63.476559
2024-02-02 19:47:38.500	-0.449219	-0.697266	0.371582	20.812986	-62.377926	63.232418
2024-02-02 19:47:38.510	-0.415771	-0.770752	0.427246	26.916502	-64.880371	60.363766
2024-02-02 19:47:38.520	-0.37915	-0.846191	0.454102	27.709959	-67.199707	54.504391
2024-02-02 19:47:38.531	-0.343506	-0.911865	0.487549	25.573729	-70.678711	45.410152
2024-02-02 19:47:38.541	-0.297363	-0.966553	0.545898	23.254393	-72.08252	34.973145
2024-02-02 19:47:38.551	-0.251465	-0.993652	0.604004	18.676758	-69.519043	27.343748
2024-02-02 19:47:38.562	-0.217773	-0.994873	0.644775	11.352538	-64.575195	23.681639
2024-02-02 19:47:38.572	-0.207275	-0.971924	0.666992	2.807617	-58.715816	21.972654
2024-02-02 19:47:38.582	-0.211182	-0.94751	0.680664	-5.310058	-54.504391	19.40918
2024-02-02 19:47:38.592	-0.214844	-0.924561	0.677002	-13.305663	-53.527828	16.601563
2024-02-02 19:47:38.603	-0.21582	-0.898438	0.674316	-21.118162	-55.175777	14.282226
2024-02-02 19:47:38.613	-0.218994	-0.87207	0.669189	-27.587889	-58.105465	13.366698
2024-02-02 19:47:38.623	-0.227295	-0.858398	0.668457	-31.98242	-60.913082	13.671874
2024-02-02 19:47:38.633	-0.23999	-0.845703	0.649902	-34.851074	-63.903805	14.770507
2024-02-02 19:47:38.644	-0.236084	-0.838623	0.610352	-35.583496	-67.077637	15.86914
2024-02-02 19:47:38.654	-0.233398	-0.848389	0.586426	-34.179688	-69.213867	15.808105
2024-02-02 19:47:38.664	-0.251709	-0.86377	0.577393	-35.095215	-68.908691	13.85498
2024-02-02 19:47:38.674	-0.273193	-0.879395	0.554688	-39.916992	-68.29834	10.009766
2024-02-02 19:47:38.685	-0.275879	-0.892822	0.534668	-46.081539	-69.274902	5.859375
2024-02-02 19:47:38.695	-0.27124	-0.903564	0.525391	-51.635738	-69.213867	3.417969
2024-02-02 19:47:38.705	-0.257568	-0.89624	0.514648	-56.762691	-66.650391	3.173828
2024-02-02 19:47:38.715	-0.256836	-0.866455	0.505371	-61.889645	-62.683102	4.02832
2024-02-02 19:47:38.726	-0.259033	-0.825439	0.484863	-65.002441	-59.204098	4.577637
2024-02-02 19:47:38.736	-0.25415	-0.792725	0.451904	-64.819336	-56.091305	5.310058
2024-02-02 19:47:38.746	-0.253662	-0.778076	0.43457	-59.509274	-51.879879	5.493164
2024-02-02 19:47:38.756	-0.250732	-0.784912	0.438232	-51.513668	-49.316402	5.004883
2024-02-02 19:47:38.766	-0.241211	-0.796631	0.457275	-44.250484	-48.645016	5.432128
2024-02-02 19:47:38.777	-0.237305	-0.796143	0.476318	-37.414551	-48.278805	7.93457
2024-02-02 19:47:38.787	-0.239258	-0.786133	0.489746	-28.015135	-47.607418	11.413573
2024-02-02 19:47:38.797	-0.224121	-0.809082	0.527344	-14.09912	-46.752926	12.817382
2024-02-02 19:47:38.807	-0.214355	-0.874268	0.589355	-2.13623	-44.921871	11.108397
2024-02-02 19:47:38.818	-0.20752	-0.949951	0.623779	1.525879	-42.053219	7.080078
2024-02-02 19:47:38.828	-0.189209	-0.998779	0.643555	-2.441406	-38.696289	1.464844
2024-02-02 19:47:38.838	-0.174561	-0.996582	0.661133	-8.728027	-35.827637	-5.065917
2024-02-02 19:47:38.848	-0.16748	-0.958008	0.658691	-14.770507	-33.325195	-10.864257
2024-02-02 19:47:38.859	-0.163086	-0.916504	0.644043	-19.104004	-31.127928	-14.831542
2024-02-02 19:47:38.869	-0.173584	-0.883789	0.612793	-21.545408	-30.517576	-16.845703
2024-02-02 19:47:38.879	-0.187012	-0.861328	0.596436	-20.935057	-31.433104	-19.470215
2024-02-02 19:47:38.889	-0.194092	-0.860596	0.595703	-17.456055	-33.325195	-23.376463
2024-02-02 19:47:38.900	-0.201904	-0.873535	0.581787	-14.038085	-35.095215	-27.587889
2024-02-02 19:47:38.910	-0.206055	-0.887939	0.557373	-11.718749	-36.010742	-31.677244
2024-02-02 19:47:38.920	-0.188721	-0.902344	0.557129	-8.911133	-37.353516	-35.400391
2024-02-02 19:47:38.930	-0.14917	-0.916748	0.54541	-5.371093	-38.391113	-36.865234
2024-02-02 19:47:38.941	-0.115234	-0.943115	0.526611	-1.708984	-36.743164	-35.27832
2024-02-02 19:47:38.951	-0.10376	-0.979248	0.540039	0.732422	-33.996582	-31.738279
2024-02-02 19:47:38.961	-0.099365	-1.004883	0.552979	-0.976562	-33.203125	-27.587889
2024-02-02 19:47:38.972	-0.089844	-0.997314	0.561523	-6.408691	-34.729004	-24.353025
2024-02-02 19:47:38.982	-0.08374	-0.969727	0.560791	-12.268065	-37.109375	-21.972654
2024-02-02 19:47:38.992	-0.084473	-0.927734	0.53418	-16.967773	-39.916992	-18.615723
2024-02-02 19:47:39.002	-0.093018	-0.876709	0.514404	-19.65332	-41.503902	-13.244628
2024-02-02 19:47:39.013	-0.106934	-0.836914	0.518066	-18.371582	-41.809078	-6.347656
2024-02-02 19:47:39.023	-0.111328	-0.807617	0.515869	-14.22119	-41.320797	0.976562
2024-02-02 19:47:39.033	-0.098389	-0.793213	0.512939	-8.422852	-39.611816	7.8125
2024-02-02 19:47:39.043	-0.0896	-0.784668	0.524658	-0.549316	-37.231445	13.427733
2024-02-02 19:47:39.054	-0.10083	-0.786377	0.537598	8.483887	-35.400391	18.127441
2024-02-02 19:47:39.064	-0.091797	-0.807861	0.549316	17.211914	-35.766602	21.911619
2024-02-02 19:47:39.074	-0.065674	-0.842041	0.562988	22.827147	-36.987305	24.597166
2024-02-02 19:47:39.084	-0.041992	-0.874268	0.570068	25.268553	-37.475586	26.672361
2024-02-02 19:47:39.095	-0.030029	-0.899658	0.587646	25.634764	-37.902832	27.465818
2024-02-02 19:47:39.105	-0.027832	-0.912598	0.605225	25.024412	-39.794922	26.916502
2024-02-02 19:47:39.115	-0.029053	-0.911865	0.615967	26.123045	-44.250484	25.390623
2024-02-02 19:47:39.125	-0.020996	-0.892822	0.609131	30.456541	-50.903316	22.949217
2024-02-02 19:47:39.136	-0.008057	-0.881348	0.604492	36.071777	-56.396481	18.310547
2024-02-02 19:47:39.146	-0.018311	-0.854004	0.623535	39.245605	-62.011715	13.427733
2024-02-02 19:47:39.156	-0.035156	-0.824219	0.653076	41.076656	-67.382813	8.728027
2024-02-02 19:47:39.166	-0.079346	-0.831543	0.650635	43.090816	-67.687988	2.807617
2024-02-02 19:47:39.177	-0.164307	-0.86792	0.628662	44.738766	-62.622066	-5.432128
2024-02-02 19:47:39.187	-0.245605	-0.936035	0.631592	43.273922	-54.992672	-15.319823
2024-02-02 19:47:39.197	-0.306396	-1.003174	0.637207	34.545898	-44.372555	-25.146482
2024-02-02 19:47:39.207	-0.352783	-1.024902	0.590576	19.165039	-28.137205	-34.179688
2024-02-02 19:47:39.217	-0.357422	-1.007813	0.515625	4.455566	-6.713867	-43.701168
2024-02-02 19:47:39.228	-0.321045	-0.947266	0.497803	-4.821777	17.883301	-52.734371
2024-02-02 19:47:39.238	-0.255371	-0.852051	0.520264	-7.873535	43.945309	-59.631344
2024-02-02 19:47:39.248	-0.161865	-0.77124	0.531006	-3.051758	68.359375	-62.683102
2024-02-02 19:47:39.258	-0.035889	-0.810059	0.519531	6.896972	86.85302	-62.438961
2024-02-02 19:47:39.269	0.058594	-0.976074	0.540771	11.474608	96.55761	-62.377926
2024-02-02 19:47:39.279	0.101318	-1.155762	0.578613	-0.244141	96.252434	-64.086914
2024-02-02 19:47:39.289	0.139648	-1.175781	0.608398	-28.991697	88.317863	-64.941406
2024-02-02 19:47:39.299	0.173584	-1.041992	0.60498	-55.541988	76.293945	-61.828609
2024-02-02 19:47:39.310	0.19165	-0.932373	0.562988	-64.941406	65.185547	-53.649899
2024-02-02 19:47:39.319	0.203613	-0.891113	0.499023	-67.138672	54.931637	-40.283199
2024-02-02 19:47:39.330	0.191162	-0.849854	0.467773	-70.068359	42.5415	-23.742674
2024-02-02 19:47:39.340	0.137695	-0.781494	0.487549	-67.993164	28.442381	-6.896972
2024-02-02 19:47:39.349	0.056885	-0.737305	0.533447	-56.213375	15.624999	5.432128
2024-02-02 19:47:39.360	-0.00708	-0.746826	0.580078	-39.978027	1.220703	11.474608
2024-02-02 19:47:39.369	-0.037354	-0.785889	0.581787	-27.404783	-14.160155	11.779784
2024-02-02 19:47:39.380	-0.054199	-0.80835	0.549561	-16.906738	-25.451658	7.324218
2024-02-02 19:47:39.389	-0.061768	-0.838135	0.532959	-3.112793	-34.057617	-0.793457
2024-02-02 19:47:39.400	-0.066406	-0.924316	0.500488	5.004883	-37.780762	-7.446289
2024-02-02 19:47:39.409	-0.05957	-0.998047	0.471924	-1.770019	-36.132813	-9.338379
2024-02-02 19:47:39.419	-0.054688	-1.014404	0.470947	-14.953612	-32.714844	-8.483887
2024-02-02 19:47:39.430	-0.04834	-0.973145	0.468506	-26.18408	-29.663084	-6.286621
2024-02-02 19:47:39.439	-0.032227	-0.915039	0.467285	-32.043457	-26.367186	-3.540039
2024-02-02 19:47:39.450	-0.01416	-0.871338	0.452881	-31.86035	-23.132322	-1.464844
2024-02-02 19:47:39.459	0.004395	-0.856201	0.436768	-28.259275	-19.592285	0.061035
2024-02-02 19:47:39.470	0.01123	-0.854004	0.452637	-24.658201	-16.418457	1.159668
2024-02-02 19:47:39.479	0.007813	-0.834473	0.450195	-22.216795	-14.465331	2.624511
2024-02-02 19:47:39.490	0.012207	-0.803467	0.419189	-18.310547	-12.268065	3.540039
2024-02-02 19:47:39.500	0.014648	-0.79248	0.412842	-10.253905	-9.399414	3.051758
2024-02-02 19:47:39.510	0.033691	-0.801514	0.452637	0.854492	-8.117676	2.319336
2024-02-02 19:47:39.520	0.044922	-0.827637	0.486328	11.96289	-7.507324	1.220703
2024-02-02 19:47:39.529	0.062988	-0.87915	0.511719	22.888182	-10.131835	-0.854492
2024-02-02 19:47:39.540	0.081543	-0.956543	0.543701	32.043457	-13.97705	-4.272461
2024-02-02 19:47:39.549	0.105713	-1.054688	0.547607	33.874512	-16.723633	-8.178711
2024-02-02 19:47:39.560	0.105957	-1.100342	0.531006	24.597166	-17.822266	-10.009766
2024-02-02 19:47:39.569	0.064453	-1.073486	0.532715	12.268065	-19.53125	-10.253905
2024-02-02 19:47:39.580	0.015381	-1.010254	0.515381	5.310058	-21.972654	-10.009766
2024-02-02 19:47:39.590	-0.025146	-0.937744	0.485596	6.04248	-22.888182	-9.521484
2024-02-02 19:47:39.599	-0.040283	-0.889893	0.486572	13.244628	-21.606443	-8.422852
2024-02-02 19:47:39.610	-0.041016	-0.882813	0.505127	20.996092	-16.418457	-8.117676
2024-02-02 19:47:39.619	-0.052734	-0.898682	0.531982	25.512693	-8.850098	-8.728027
2024-02-02 19:47:39.630	-0.05249	-0.919434	0.55127	24.719236	0.610352	-9.277344
2024-02-02 19:47:39.639	-0.03418	-0.946777	0.567139	20.38574	10.31494	-9.70459
2024-02-02 19:47:39.650	-0.011475	-0.973877	0.575195	14.404296	18.188477	-9.82666
2024-02-02 19:47:39.659	0.008545	-0.997559	0.562012	7.690429	22.949217	-10.009766
2024-02-02 19:47:39.669	0.028809	-1.018311	0.527344	0.793457	23.986814	-10.253905
2024-02-02 19:47:39.680	0.052002	-1.019043	0.487305	-6.469726	22.521971	-8.666992
2024-02-02 19:47:39.689	0.070313	-0.975098	0.474121	-12.268065	20.874022	-3.845215
2024-02-02 19:47:39.700	0.082275	-0.920898	0.472168	-11.779784	19.226074	2.01416
2024-02-02 19:47:39.710	0.102539	-0.902588	0.464111	-5.187988	16.174316	5.981445
2024-02-02 19:47:39.720	0.113037	-0.955322	0.445068	2.319336	11.230468	7.202148
2024-02-02 19:47:39.730	0.113525	-1.044434	0.445801	2.075195	2.685547	5.126953
2024-02-02 19:47:39.741	0.095459	-1.103271	0.442627	-10.19287	-10.131835	2.13623
2024-02-02 19:47:39.751	0.082275	-1.121582	0.401855	-29.602049	-22.521971	-1.098633
2024-02-02 19:47:39.761	0.068115	-1.111816	0.348877	-50.964352	-28.747557	-4.150391
2024-02-02 19:47:39.771	0.052002	-1.053223	0.315918	-68.908691	-30.09033	-5.126953
2024-02-02 19:47:39.782	0.018311	-0.983398	0.301758	-77.514648	-29.113768	-3.540039
2024-02-02 19:47:39.792	0.003418	-0.915771	0.307129	-81.115715	-23.986814	0.488281
2024-02-02 19:47:39.802	-0.022705	-0.841553	0.362061	-79.956055	-13.061522	5.065917
2024-02-02 19:47:39.812	-0.038086	-0.772217	0.444824	-70.251465	-2.502441	7.8125
2024-02-02 19:47:39.822	-0.066406	-0.714111	0.506592	-53.039547	7.446289	8.178711
2024-02-02 19:47:39.833	-0.063232	-0.722412	0.549805	-32.897949	12.145995	5.798339
2024-02-02 19:47:39.843	-0.018555	-0.802002	0.536865	-17.028809	13.427733	1.281738
2024-02-02 19:47:39.853	0.021973	-0.875	0.522705	-10.925292	14.953612	-3.662109
2024-02-02 19:47:39.863	0.058838	-0.891846	0.540283	-7.690429	13.488769	-6.652832
2024-02-02 19:47:39.874	0.079346	-0.927734	0.517578	-3.417969	10.19287	-7.568359
2024-02-02 19:47:39.884	0.097168	-0.969238	0.44873	-5.004883	6.347656	-5.92041
2024-02-02 19:47:39.894	0.103271	-0.98291	0.404297	-9.765625	1.220703	-3.479004
2024-02-02 19:47:39.904	0.110352	-0.979492	0.385986	-14.160155	-3.234863	-1.403808
2024-02-02 19:47:39.915	0.105713	-0.965576	0.382813	-15.747069	-5.554199	-0.610352
2024-02-02 19:47:39.925	0.09668	-0.95874	0.374756	-14.709472	-8.300781	-1.586914
2024-02-02 19:47:39.935	0.08252	-0.964111	0.37793	-13.610839	-10.986327	-2.868652
2024-02-02 19:47:39.945	0.079102	-0.96582	0.391113	-13.244628	-13.793944	-1.708984
2024-02-02 19:47:39.956	0.085205	-0.950928	0.400146	-11.047362	-17.028809	1.525879
2024-02-02 19:47:39.966	0.097412	-0.93335	0.407471	-7.93457	-20.751951	6.530761
2024-02-02 19:47:39.976	0.105957	-0.912598	0.423096	-5.615234	-24.597166	12.20703
2024-02-02 19:47:39.986	0.088867	-0.884521	0.44165	-0.183105	-28.564451	16.296387
2024-02-02 19:47:39.997	0.053955	-0.887207	0.440918	9.58252	-33.508301	18.066406
2024-02-02 19:47:40.007	0.034668	-0.911621	0.430908	19.287109	-39.001465	19.165039
2024-02-02 19:47:40.017	0.027832	-0.95752	0.427734	27.038572	-43.212887	18.981934
2024-02-02 19:47:40.027	0.007568	-1.01123	0.42334	30.273436	-44.860836	16.662598
2024-02-02 19:47:40.038	-0.019043	-1.026123	0.41333	25.817869	-42.968746	14.404296
2024-02-02 19:47:40.048	-0.026855	-1.002441	0.396484	17.883301	-37.963867	13.183593
2024-02-02 19:47:40.058	-0.004639	-0.980469	0.38916	12.512206	-30.2124	12.939452
2024-02-02 19:47:40.069	0.004639	-0.970459	0.398193	11.230468	-21.118162	13.122558
2024-02-02 19:47:40.079	-0.002197	-0.954102	0.421631	12.145995	-14.465331	14.282226
2024-02-02 19:47:40.089	-0.006592	-0.925537	0.460449	12.756347	-9.277344	17.089844
2024-02-02 19:47:40.099	0.0	-0.890625	0.501465	15.136718	-3.90625	18.615723
2024-02-02 19:47:40.110	0.000977	-0.877441	0.524902	20.080564	1.281738	17.944336
2024-02-02 19:47:40.119	-0.001709	-0.88916	0.547607	24.414061	4.089355	16.357422
2024-02-02 19:47:40.130	0.008545	-0.911133	0.553955	26.489256	4.760742	15.258788
2024-02-02 19:47:40.139	0.026855	-0.927246	0.508057	27.038572	5.004883	15.258788
2024-02-02 19:47:40.150	0.019531	-0.959717	0.479492	26.977537	5.859375	16.296387
2024-02-02 19:47:40.159	-0.009033	-0.996338	0.461426	25.573729	10.19287	16.601563
2024-02-02 19:47:40.169	-0.016846	-1.000977	0.474609	25.817869	15.808105	15.380858
2024-02-02 19:47:40.180	-0.01123	-0.986816	0.484131	29.663084	21.362303	11.352538
2024-02-02 19:47:40.189	-0.023438	-1.008789	0.478516	31.433104	23.803709	3.662109
2024-02-02 19:47:40.200	-0.065918	-1.053223	0.495361	23.925779	21.728514	-5.432128
2024-02-02 19:47:40.209	-0.077148	-1.078857	0.503418	7.202148	18.371582	-12.634276
2024-02-02 19:47:40.220	-0.05542	-1.067871	0.490479	-10.375976	19.958496	-17.822266
2024-02-02 19:47:40.229	-0.037109	-1.008789	0.478516	-23.254393	24.597166	-19.714355
2024-02-02 19:47:40.240	-0.040283	-0.903809	0.477783	-28.137205	27.221678	-17.028809
2024-02-02 19:47:40.250	-0.031006	-0.812256	0.488281	-24.780272	29.296873	-10.253905
2024-02-02 19:47:40.259	-0.008789	-0.759521	0.517578	-18.554688	33.569336	0.305176
2024-02-02 19:47:40.270	-0.005615	-0.722168	0.53833	-9.94873	41.015621	12.634276
2024-02-02 19:47:40.279	-0.04126	-0.697021	0.565918	6.04248	47.424313	23.132322
2024-02-02 19:47:40.290	-0.06958	-0.727783	0.584717	28.869627	46.752926	28.320311
2024-02-02 19:47:40.299	-0.065186	-0.813477	0.575684	46.020504	43.090816	26.672361
2024-02-02 19:47:40.310	-0.049805	-0.868896	0.563721	51.147457	39.916992	20.996092
2024-02-02 19:47:40.319	-0.059814	-0.874756	0.572754	53.710934	36.499023	15.930175
2024-02-02 19:47:40.330	-0.078369	-0.889893	0.569092	55.053707	34.057617	13.97705
2024-02-02 19:47:40.340	-0.086914	-0.906494	0.541748	51.635738	34.240723	14.22119
2024-02-02 19:47:40.349	-0.080566	-0.900146	0.521729	46.386715	35.400391	13.183593
2024-02-02 19:47:40.360	-0.058838	-0.869873	0.510254	42.602535	37.475586	9.94873
2024-02-02 19:47:40.369	-0.029053	-0.832764	0.511475	41.076656	40.710445	6.225585
2024-02-02 19:47:40.380	-0.02124	-0.804932	0.523682	41.870113	43.640133	3.051758
2024-02-02 19:47:40.389	-0.023926	-0.7771	0.52832	44.189449	44.128414	1.159668
2024-02-02 19:47:40.400	-0.012939	-0.761475	0.515381	48.645016	42.968746	0.061035
2024-02-02 19:47:40.409	0.004395	-0.785889	0.513428	54.870602	40.710445	-1.342773
2024-02-02 19:47:40.419	0.019287	-0.842285	0.542236	58.654781	36.376953	-3.967285
2024-02-02 19:47:40.430	0.027588	-0.903564	0.568604	57.189938	28.930662	-7.324218
2024-02-02 19:47:40.439	0.023438	-0.946045	0.577881	50.47607	19.775391	-8.789063
2024-02-02 19:47:40.450	-0.003174	-0.958984	0.564697	41.137691	11.047362	-8.300781
2024-02-02 19:47:40.459	-0.031738	-0.958252	0.564697	32.531738	3.112793	-7.263183
2024-02-02 19:47:40.470	-0.058838	-0.933838	0.574951	24.230955	-2.441406	-5.615234
2024-02-02 19:47:40.479	-0.079834	-0.909912	0.580078	18.249512	-5.371093	-4.333496
2024-02-02 19:47:40.490	-0.071289	-0.885498	0.583984	14.526366	-5.615234	-2.929687
2024-02-02 19:47:40.500	-0.061035	-0.861084	0.596191	12.573241	-4.394531	-0.427246
2024-02-02 19:47:40.509	-0.069092	-0.849121	0.581543	12.695312	-2.868652	3.417969
2024-02-02 19:47:40.520	-0.065674	-0.849609	0.582031	15.075683	-4.211426	5.981445
2024-02-02 19:47:40.530	-0.053711	-0.864746	0.606689	18.676758	-7.995605	5.371093
2024-02-02 19:47:40.540	-0.046875	-0.887451	0.62915	20.38574	-12.939452	2.746582
2024-02-02 19:47:40.550	-0.071777	-0.901855	0.635498	20.690916	-18.188477	-0.732422
2024-02-02 19:47:40.561	-0.098145	-0.876221	0.612061	22.766111	-24.963377	-3.662109
2024-02-02 19:47:40.571	-0.065918	-0.827393	0.598633	29.663084	-32.104492	-5.310058
2024-02-02 19:47:40.581	-0.029541	-0.824219	0.603516	38.024902	-35.461426	-5.859375
2024-02-02 19:47:40.591	-0.040527	-0.831055	0.648926	41.809078	-37.231445	-3.417969
2024-02-02 19:47:40.602	-0.057129	-0.845215	0.702393	41.931149	-38.696289	1.342773
2024-02-02 19:47:40.612	-0.062988	-0.885254	0.716553	38.391113	-37.536621	6.774902
2024-02-02 19:47:40.622	-0.067627	-0.920166	0.713135	31.616209	-34.729004	12.695312
2024-02-02 19:47:40.632	-0.058105	-0.942871	0.708984	23.742674	-32.653809	18.371582
2024-02-02 19:47:40.643	-0.040771	-0.956543	0.700195	14.09912	-31.066893	24.230955
2024-02-02 19:47:40.653	-0.016113	-0.956299	0.70166	3.112793	-30.883787	30.029295
2024-02-02 19:47:40.663	-0.017822	-0.935547	0.685791	-8.056641	-29.907225	36.193848
2024-02-02 19:47:40.673	-0.038574	-0.90625	0.651367	-17.333984	-29.846189	42.175289
2024-02-02 19:47:40.684	-0.059082	-0.855469	0.616455	-21.484373	-31.98242	47.119137
2024-02-02 19:47:40.694	-0.096191	-0.792236	0.560059	-19.287109	-35.400391	49.316402
2024-02-02 19:47:40.704	-0.113037	-0.738281	0.508057	-11.230468	-40.64941	49.072262
2024-02-02 19:47:40.715	-0.117188	-0.74585	0.484375	0.366211	-47.302242	45.715328
2024-02-02 19:47:40.725	-0.133789	-0.821289	0.501953	8.850098	-52.490231	37.902832
2024-02-02 19:47:40.735	-0.186523	-0.908203	0.542725	8.300781	-55.114742	28.19824
2024-02-02 19:47:40.745	-0.231689	-0.963135	0.582031	0.061035	-53.100582	19.348145
2024-02-02 19:47:40.756	-0.254883	-0.98999	0.606201	-11.108397	-44.738766	11.535644
2024-02-02 19:47:40.766	-0.277588	-0.982666	0.633545	-21.728514	-32.592773	4.394531
2024-02-02 19:47:40.776	-0.286133	-0.953125	0.658691	-30.639647	-20.629881	-1.953125
2024-02-02 19:47:40.786	-0.274414	-0.905029	0.670166	-37.841797	-8.422852	-7.568359
2024-02-02 19:47:40.797	-0.264404	-0.831055	0.685547	-40.52734	4.455566	-11.291503
2024-02-02 19:47:40.807	-0.255127	-0.745361	0.71167	-36.560059	18.127441	-13.793944
2024-02-02 19:47:40.817	-0.267578	-0.687012	0.744385	-24.475096	31.066893	-14.770507
2024-02-02 19:47:40.827	-0.286133	-0.685791	0.77832	-10.19287	41.381832	-14.526366
2024-02-02 19:47:40.838	-0.283936	-0.718506	0.797607	-3.173828	50.964352	-12.878417
2024-02-02 19:47:40.848	-0.278564	-0.736572	0.79834	-0.610352	60.729977	-9.82666
2024-02-02 19:47:40.858	-0.269287	-0.759521	0.775391	5.126953	68.115234	-8.178711
2024-02-02 19:47:40.868	-0.234863	-0.820313	0.703613	11.596679	71.594238	-9.58252
2024-02-02 19:47:40.879	-0.182617	-0.900391	0.623047	10.681151	72.875977	-13.122558
2024-02-02 19:47:40.889	-0.112305	-0.954346	0.582764	0.793457	73.059082	-17.883301
2024-02-02 19:47:40.899	-0.087158	-0.969971	0.546875	-11.474608	77.087402	-22.27783
2024-02-02 19:47:40.909	-0.073242	-0.949219	0.512695	-19.897461	78.186035	-26.550291
2024-02-02 19:47:40.919	-0.033447	-0.920166	0.508301	-24.16992	74.890137	-30.334471
2024-02-02 19:47:40.930	0.004639	-0.889648	0.481689	-25.512693	71.472168	-31.921385
2024-02-02 19:47:40.939	0.048584	-0.863281	0.452637	-25.024412	68.847656	-30.456541
2024-02-02 19:47:40.950	0.09375	-0.828613	0.467529	-25.085447	65.429688	-25.939939
2024-02-02 19:47:40.959	0.118652	-0.786133	0.481934	-23.376463	60.852047	-19.53125
2024-02-02 19:47:40.970	0.142334	-0.765625	0.493408	-16.113281	52.978512	-12.756347
2024-02-02 19:47:40.979	0.167236	-0.782471	0.506836	-7.93457	42.5415	-5.249023
2024-02-02 19:47:40.990	0.180176	-0.800049	0.455811	-2.563476	29.418943	2.502441
2024-02-02 19:47:41.000	0.17627	-0.827148	0.383057	6.591796	14.648437	7.995605
2024-02-02 19:47:41.009	0.140625	-0.838135	0.440674	17.63916	-2.380371	13.671874
2024-02-02 19:47:41.020	0.069824	-0.775146	0.547363	27.221678	-18.798828	22.583006
2024-02-02 19:47:41.029	0.006836	-0.753418	0.587402	40.466305	-30.151365	29.296873
2024-02-02 19:47:41.040	-0.065674	-0.789795	0.611816	54.809566	-36.071777	30.029295
2024-02-02 19:47:41.049	-0.171143	-0.832764	0.662598	64.51416	-36.315918	24.658201
2024-02-02 19:47:41.060	-0.294922	-0.883545	0.707031	68.237305	-32.226563	14.648437
2024-02-02 19:47:41.069	-0.375	-0.940186	0.747803	65.795898	-23.071287	0.488281
2024-02-02 19:47:41.080	-0.429443	-0.997803	0.743408	56.27441	-6.408691	-17.883301
2024-02-02 19:47:41.090	-0.463135	-1.003906	0.708496	42.175289	15.747069	-39.855957
