2024-02-04 20:19:23.385	-0.558838	-1.18457	0.71582	-15.563964	34.484863	-47.058102
2024-02-04 20:19:23.395	-0.633057	-0.957031	0.618652	-46.32568	24.04785	-52.24609
2024-02-04 20:19:23.405	-0.570801	-0.769043	0.507324	-57.556149	19.40918	-37.29248
2024-02-04 20:19:23.415	-0.632568	-0.622803	0.498291	-52.734371	18.676758	-18.371582
2024-02-04 20:19:23.424	-0.635742	-0.546143	0.529053	-37.780762	6.958007	-4.211426
2024-02-04 20:19:23.434	-0.563965	-0.55835	0.560547	-14.892577	-5.187988	3.051758
2024-02-04 20:19:23.444	-0.509521	-0.553711	0.542725	7.080078	-14.709472	11.291503
2024-02-04 20:19:23.454	-0.487549	-0.569824	0.559326	31.372068	-24.536131	21.606443
2024-02-04 20:19:23.463	-0.46167	-0.68457	0.589355	52.307125	-34.545898	29.785154
2024-02-04 20:19:23.473	-0.465576	-0.814453	0.666992	58.105465	-41.625973	34.057617
2024-02-04 20:19:23.483	-0.449219	-0.795898	0.717285	48.706051	-38.208008	39.733887
2024-02-04 20:19:23.493	-0.461182	-0.67749	0.773926	40.222164	-32.653809	58.898922
2024-02-04 20:19:23.502	-0.411377	-0.813477	0.684814	44.250484	-26.428221	71.472168
2024-02-04 20:19:23.512	-0.45874	-0.99292	0.631348	42.968746	-17.272949	72.387695
2024-02-04 20:19:23.522	-0.525391	-1.05542	0.668701	29.663084	-20.202635	70.861816
2024-02-04 20:19:23.531	-0.527832	-1.061768	0.703613	14.587401	-28.564451	66.650391
2024-02-04 20:19:23.541	-0.503174	-1.035645	0.686523	-0.793457	-33.752441	62.377926
2024-02-04 20:19:23.551	-0.452148	-0.988037	0.630615	-14.587401	-39.367676	60.485836
2024-02-04 20:19:23.561	-0.414063	-0.919678	0.582275	-21.972654	-44.616695	60.18066
2024-02-04 20:19:23.570	-0.397949	-0.845947	0.532471	-24.29199	-47.424313	60.668941
2024-02-04 20:19:23.580	-0.395508	-0.782471	0.521973	-24.353025	-48.889156	62.133785
2024-02-04 20:19:23.590	-0.454346	-0.743164	0.555908	-24.780272	-47.973629	64.819336
2024-02-04 20:19:23.600	-0.507813	-0.706787	0.580811	-28.259275	-49.072262	71.105957
2024-02-04 20:19:23.610	-0.518799	-0.675293	0.523682	-31.86035	-50.47607	81.29882
2024-02-04 20:19:23.620	-0.541016	-0.639893	0.480225	-28.991697	-48.278805	90.637199
2024-02-04 20:19:23.630	-0.550781	-0.640381	0.490723	-21.789549	-45.288082	93.078606
2024-02-04 20:19:23.639	-0.518066	-0.68335	0.533936	-18.432617	-40.52734	87.09716
2024-02-04 20:19:23.649	-0.472168	-0.701172	0.547119	-20.324705	-32.775879	77.453613
2024-02-04 20:19:23.659	-0.429199	-0.666504	0.567383	-21.545408	-27.160643	69.274902
2024-02-04 20:19:23.670	-0.416992	-0.595703	0.566406	-19.592285	-24.536131	65.185547
2024-02-04 20:19:23.680	-0.393066	-0.508789	0.514648	-15.747069	-22.888182	67.016602
2024-02-04 20:19:23.690	-0.410889	-0.40332	0.502686	-7.385253	-22.338865	72.32666
2024-02-04 20:19:23.700	-0.44873	-0.348877	0.498779	6.835937	-24.658201	74.829102
2024-02-04 20:19:23.709	-0.498779	-0.320068	0.489746	19.40918	-29.113768	76.782227
2024-02-04 20:19:23.720	-0.528564	-0.291748	0.519775	28.503416	-35.15625	80.200195
2024-02-04 20:19:23.729	-0.546387	-0.359863	0.529541	34.423828	-36.499023	79.711914
2024-02-04 20:19:23.739	-0.574463	-0.453857	0.534668	31.249998	-33.874512	75.012207
2024-02-04 20:19:23.750	-0.597168	-0.503174	0.539063	20.935057	-32.287598	68.786621
2024-02-04 20:19:23.760	-0.579346	-0.521973	0.529785	9.338379	-29.785154	61.157223
2024-02-04 20:19:23.770	-0.555664	-0.512207	0.528564	-1.89209	-26.733397	53.344723
2024-02-04 20:19:23.780	-0.546387	-0.51123	0.521973	-10.620116	-23.193357	45.959469
2024-02-04 20:19:23.790	-0.548096	-0.525391	0.52832	-16.418457	-18.310547	37.780762
2024-02-04 20:19:23.799	-0.562012	-0.526123	0.557617	-21.423338	-13.183593	29.541014
2024-02-04 20:19:23.809	-0.583008	-0.51709	0.592041	-25.207518	-8.666992	21.118162
2024-02-04 20:19:23.819	-0.602051	-0.523682	0.61792	-26.794432	-3.540039	11.596679
2024-02-04 20:19:23.829	-0.605957	-0.547607	0.639648	-28.442381	2.319336	2.13623
2024-02-04 20:19:23.840	-0.611084	-0.561523	0.671143	-32.897949	7.629394	-5.859375
2024-02-04 20:19:23.850	-0.613037	-0.555908	0.695313	-38.024902	12.573241	-11.901855
2024-02-04 20:19:23.860	-0.604492	-0.537109	0.685791	-39.978027	16.418457	-15.808105
2024-02-04 20:19:23.870	-0.583984	-0.507568	0.669678	-39.855957	18.676758	-17.76123
2024-02-04 20:19:23.880	-0.570801	-0.468994	0.663818	-37.963867	19.65332	-17.76123
2024-02-04 20:19:23.889	-0.578369	-0.429443	0.683594	-34.484863	18.981934	-15.808105
2024-02-04 20:19:23.899	-0.589111	-0.402344	0.700439	-30.822752	17.272949	-12.268065
2024-02-04 20:19:23.909	-0.606934	-0.39502	0.701904	-28.137205	15.258788	-8.544922
2024-02-04 20:19:23.920	-0.641113	-0.383545	0.692139	-25.939939	12.390136	-5.310058
2024-02-04 20:19:23.930	-0.67334	-0.388916	0.667969	-20.996092	8.056641	-3.417969
2024-02-04 20:19:23.940	-0.690186	-0.437988	0.66748	-12.817382	0.244141	-3.417969
2024-02-04 20:19:23.950	-0.693359	-0.530273	0.715576	-1.647949	-8.972168	-4.943848
2024-02-04 20:19:23.960	-0.691162	-0.657715	0.814941	8.789063	-15.930175	-5.371093
2024-02-04 20:19:23.970	-0.679199	-0.774658	0.857178	11.230468	-18.188477	-2.624511
2024-02-04 20:19:23.979	-0.682861	-0.842041	0.80542	6.469726	-15.441894	2.13623
2024-02-04 20:19:23.989	-0.690674	-0.855713	0.793213	1.281738	-11.108397	3.662109
2024-02-04 20:19:24.000	-0.730225	-0.815918	0.855469	-2.868652	-6.103515	0.976562
2024-02-04 20:19:24.010	-0.769043	-0.744385	0.904297	-4.821777	-2.319336	-1.89209
2024-02-04 20:19:24.020	-0.761719	-0.67749	0.883301	-0.976562	-0.915527	-3.479004
2024-02-04 20:19:24.030	-0.730957	-0.642822	0.823242	7.8125	1.525879	-2.929687
2024-02-04 20:19:24.040	-0.698242	-0.630371	0.779541	19.775391	7.446289	-1.89209
2024-02-04 20:19:24.049	-0.685547	-0.619629	0.777588	32.409668	14.282226	-0.732422
2024-02-04 20:19:24.059	-0.662109	-0.622314	0.779297	42.480465	18.798828	0.976562
2024-02-04 20:19:24.069	-0.626221	-0.63208	0.760742	49.804684	22.216795	0.915527
2024-02-04 20:19:24.079	-0.5625	-0.648926	0.733643	57.434078	26.30615	-5.187988
2024-02-04 20:19:24.090	-0.493652	-0.662598	0.70752	63.354488	31.127928	-14.709472
2024-02-04 20:19:24.100	-0.426758	-0.676025	0.694824	65.124512	32.348633	-22.460936
2024-02-04 20:19:24.110	-0.332031	-0.680908	0.691895	62.011715	29.357908	-23.254393
2024-02-04 20:19:24.120	-0.257568	-0.68042	0.686279	55.236813	26.550291	-15.930175
2024-02-04 20:19:24.130	-0.239258	-0.664795	0.664795	46.508785	25.634764	-3.112793
2024-02-04 20:19:24.139	-0.25293	-0.625	0.643555	39.855957	26.18408	10.803222
2024-02-04 20:19:24.149	-0.254883	-0.577393	0.657471	40.222164	24.841307	22.583006
2024-02-04 20:19:24.159	-0.260742	-0.546387	0.706299	47.851559	19.958496	31.738279
2024-02-04 20:19:24.170	-0.302979	-0.542725	0.757324	54.870602	15.502929	37.475586
2024-02-04 20:19:24.180	-0.361328	-0.560059	0.771729	54.687496	12.023925	39.733887
2024-02-04 20:19:24.190	-0.402588	-0.583984	0.72998	46.874996	9.521484	37.475586
2024-02-04 20:19:24.200	-0.391602	-0.574463	0.664307	35.03418	6.530761	31.921385
2024-02-04 20:19:24.209	-0.367676	-0.537842	0.654785	28.19824	-1.098633	25.085447
2024-02-04 20:19:24.220	-0.34082	-0.52417	0.704346	29.724119	-12.145995	17.76123
2024-02-04 20:19:24.229	-0.398926	-0.497314	0.740234	34.606934	-20.751951	14.709472
2024-02-04 20:19:24.239	-0.459961	-0.459229	0.739258	45.104977	-30.273436	11.840819
2024-02-04 20:19:24.250	-0.482178	-0.457764	0.727783	58.28857	-38.94043	8.605957
2024-02-04 20:19:24.260	-0.494141	-0.483643	0.772705	65.246582	-45.227047	5.737304
2024-02-04 20:19:24.270	-0.514893	-0.50293	0.821777	62.255856	-49.194332	3.967285
2024-02-04 20:19:24.280	-0.531738	-0.494873	0.838135	52.551266	-50.47607	3.234863
2024-02-04 20:19:24.290	-0.523193	-0.473389	0.818604	40.832516	-49.682613	3.295898
2024-02-04 20:19:24.299	-0.503418	-0.44751	0.791504	30.151365	-48.645016	3.601074
2024-02-04 20:19:24.309	-0.484619	-0.421631	0.780029	22.705076	-48.889156	4.699707
2024-02-04 20:19:24.319	-0.456055	-0.391357	0.773926	19.592285	-51.513668	7.507324
2024-02-04 20:19:24.329	-0.430908	-0.36499	0.756836	20.874022	-53.588863	11.352538
2024-02-04 20:19:24.340	-0.416504	-0.356201	0.749268	25.817869	-53.710934	15.197753
2024-02-04 20:19:24.350	-0.422852	-0.364746	0.761719	31.616209	-52.490231	18.005371
2024-02-04 20:19:24.360	-0.435791	-0.385742	0.782471	36.132813	-50.659176	19.348145
2024-02-04 20:19:24.370	-0.459717	-0.395264	0.804443	38.635254	-47.546383	19.714355
2024-02-04 20:19:24.380	-0.470947	-0.39209	0.818359	40.466305	-43.945309	18.859863
2024-02-04 20:19:24.389	-0.466797	-0.382568	0.826904	40.832516	-40.161129	18.066406
2024-02-04 20:19:24.399	-0.439697	-0.352539	0.812988	37.902832	-36.010742	18.798828
2024-02-04 20:19:24.409	-0.419434	-0.299805	0.800049	33.569336	-30.456541	21.728514
2024-02-04 20:19:24.420	-0.419678	-0.234375	0.807861	31.433104	-22.27783	25.207518
2024-02-04 20:19:24.430	-0.428467	-0.184326	0.841797	33.325195	-12.817382	26.489256
2024-02-04 20:19:24.440	-0.471924	-0.178955	0.853516	41.564938	-4.577637	23.132322
2024-02-04 20:19:24.450	-0.528809	-0.230225	0.844238	53.100582	1.586914	13.244628
2024-02-04 20:19:24.459	-0.468018	-0.343994	0.788818	53.710934	2.502441	-0.305176
2024-02-04 20:19:24.469	-0.406494	-0.475098	0.77832	37.719727	7.568359	-15.136718
2024-02-04 20:19:24.479	-0.460693	-0.59668	0.917236	11.535644	23.315428	-32.958984
2024-02-04 20:19:24.489	-0.532227	-0.657227	0.990723	-18.188477	44.128414	-50.964352
2024-02-04 20:19:24.500	-0.507568	-0.608887	0.969482	-33.569336	58.471676	-64.63623
2024-02-04 20:19:24.510	-0.4646	-0.556152	0.954834	-29.541014	63.232418	-70.983887
2024-02-04 20:19:24.520	-0.457764	-0.531494	0.929443	-21.789549	58.715816	-68.908691
2024-02-04 20:19:24.530	-0.492676	-0.506592	0.875488	-13.97705	48.46191	-64.208984
2024-02-04 20:19:24.540	-0.517334	-0.423828	0.783203	-6.835937	33.935547	-60.668941
2024-02-04 20:19:24.549	-0.523193	-0.329102	0.726318	-1.098633	21.179197	-56.640621
2024-02-04 20:19:24.559	-0.539063	-0.26001	0.719482	8.666992	9.399414	-50.354
2024-02-04 20:19:24.569	-0.532471	-0.253662	0.679443	21.728514	-1.037598	-44.982906
2024-02-04 20:19:24.579	-0.492676	-0.285645	0.640381	32.531738	-12.634276	-40.100098
2024-02-04 20:19:24.590	-0.432373	-0.318848	0.546143	40.893551	-18.798828	-37.475586
2024-02-04 20:19:24.600	-0.434082	-0.272461	0.574951	53.588863	-22.766111	-35.339355
2024-02-04 20:19:24.610	-0.416748	-0.313232	0.668701	73.547363	-20.446775	-37.475586
2024-02-04 20:19:24.620	-0.468994	-0.419189	0.763184	86.608879	-5.187988	-43.029781
2024-02-04 20:19:24.630	-0.570801	-0.51123	0.879395	85.510246	1.525879	-48.33984
2024-02-04 20:19:24.639	-0.61792	-0.584473	0.952393	71.777344	0.488281	-53.527828
2024-02-04 20:19:24.649	-0.602539	-0.60791	0.985596	47.424313	3.967285	-57.617184
2024-02-04 20:19:24.659	-0.581055	-0.569336	0.991699	21.118162	13.488769	-58.959957
2024-02-04 20:19:24.670	-0.573242	-0.483643	0.9646	1.770019	26.672361	-55.908199
2024-02-04 20:19:24.680	-0.567139	-0.40625	0.927734	-8.178711	39.428711	-48.767086
2024-02-04 20:19:24.690	-0.547119	-0.343018	0.907471	-10.986327	47.546383	-38.635254
2024-02-04 20:19:24.700	-0.52832	-0.283936	0.864746	-10.559081	51.696774	-27.526854
2024-02-04 20:19:24.709	-0.506836	-0.23584	0.807373	-5.371093	51.635738	-17.211914
2024-02-04 20:19:24.720	-0.500977	-0.223633	0.780273	5.432128	48.21777	-8.422852
2024-02-04 20:19:24.729	-0.528564	-0.243408	0.769043	19.042969	45.471188	-0.610352
2024-02-04 20:19:24.739	-0.561768	-0.271729	0.750732	34.057617	44.860836	6.469726
2024-02-04 20:19:24.750	-0.574219	-0.311523	0.743896	48.400875	44.006344	11.657714
2024-02-04 20:19:24.760	-0.578125	-0.35083	0.775391	56.701656	41.320797	13.610839
2024-02-04 20:19:24.770	-0.584961	-0.366211	0.843262	55.847164	38.146973	11.718749
2024-02-04 20:19:24.780	-0.597168	-0.349121	0.904785	48.522945	35.583496	7.141113
2024-02-04 20:19:24.790	-0.59668	-0.312256	0.922607	38.818359	34.545898	2.197266
2024-02-04 20:19:24.799	-0.589844	-0.28833	0.900635	30.029295	35.949707	-1.159668
2024-02-04 20:19:24.809	-0.592285	-0.306641	0.863281	23.254393	38.757324	-2.502441
2024-02-04 20:19:24.819	-0.569824	-0.373291	0.849854	18.981934	38.513184	-2.624511
2024-02-04 20:19:24.829	-0.538818	-0.446289	0.848877	16.174316	35.27832	-0.671387
2024-02-04 20:19:24.839	-0.524414	-0.501221	0.862061	15.747069	31.616209	3.601074
2024-02-04 20:19:24.849	-0.523193	-0.566895	0.925781	17.272949	29.479979	6.652832
2024-02-04 20:19:24.858	-0.517578	-0.655273	0.987061	15.86914	30.517576	7.873535
2024-02-04 20:19:24.868	-0.512207	-0.725098	0.979736	8.117676	36.010742	8.666992
2024-02-04 20:19:24.878	-0.51123	-0.758301	0.958984	-1.342773	44.738766	8.178711
2024-02-04 20:19:24.888	-0.497803	-0.735352	0.956787	-9.155273	51.879879	7.324218
2024-02-04 20:19:24.897	-0.444336	-0.644043	0.942871	-17.211914	52.062984	8.483887
2024-02-04 20:19:24.907	-0.390625	-0.526611	0.902588	-22.644041	44.189449	11.108397
2024-02-04 20:19:24.917	-0.36792	-0.441406	0.847412	-22.888182	32.897949	12.451171
2024-02-04 20:19:24.927	-0.359619	-0.399414	0.792725	-21.606443	24.108885	12.756347
2024-02-04 20:19:24.936	-0.339111	-0.37793	0.740479	-21.301268	19.592285	13.610839
2024-02-04 20:19:24.946	-0.31665	-0.353271	0.723633	-18.859863	19.348145	15.380858
2024-02-04 20:19:24.956	-0.302979	-0.325195	0.762207	-11.108397	21.301268	16.662598
2024-02-04 20:19:24.965	-0.30542	-0.291016	0.795654	-1.403808	22.644041	17.578125
2024-02-04 20:19:24.975	-0.328125	-0.263916	0.811035	6.958007	20.507811	16.967773
2024-02-04 20:19:24.985	-0.360352	-0.242188	0.798096	12.268065	15.502929	14.404296
2024-02-04 20:19:24.995	-0.400879	-0.219971	0.773926	14.465331	8.728027	11.169433
2024-02-04 20:19:25.005	-0.437256	-0.202881	0.772461	15.258788	0.610352	7.873535
2024-02-04 20:19:25.014	-0.468018	-0.179443	0.776367	16.845703	-6.774902	5.371093
2024-02-04 20:19:25.024	-0.510986	-0.175049	0.781738	21.606443	-12.390136	3.723144
2024-02-04 20:19:25.034	-0.540039	-0.188232	0.796143	26.794432	-18.432617	1.953125
2024-02-04 20:19:25.044	-0.537842	-0.200439	0.807617	29.113768	-22.460936	-0.671387
2024-02-04 20:19:25.053	-0.520264	-0.202393	0.839111	31.005857	-22.094725	-5.249023
2024-02-04 20:19:25.063	-0.5271	-0.195313	0.877197	34.729004	-17.333984	-10.925292
2024-02-04 20:19:25.073	-0.559082	-0.192383	0.906738	39.306641	-10.803222	-14.526366
2024-02-04 20:19:25.083	-0.567871	-0.172363	0.922607	41.259762	-9.033203	-13.97705
2024-02-04 20:19:25.092	-0.569092	-0.141113	0.930176	43.884274	-11.352538	-11.96289
2024-02-04 20:19:25.102	-0.560791	-0.131592	0.884521	51.330563	-13.793944	-11.169433
2024-02-04 20:19:25.112	-0.546143	-0.148193	0.815674	61.645504	-13.793944	-12.08496
2024-02-04 20:19:25.121	-0.541748	-0.165039	0.773438	71.655273	-10.131835	-13.000487
2024-02-04 20:19:25.131	-0.553223	-0.179688	0.800781	79.89502	-1.831055	-13.061522
2024-02-04 20:19:25.141	-0.57251	-0.199219	0.866455	85.449211	8.911133	-14.09912
2024-02-04 20:19:25.151	-0.556152	-0.224121	0.910156	86.059563	17.39502	-16.540527
2024-02-04 20:19:25.160	-0.515625	-0.263184	0.949951	81.115715	22.338865	-18.310547
2024-02-04 20:19:25.170	-0.513672	-0.31665	1.018311	72.937012	26.18408	-17.39502
2024-02-04 20:19:25.180	-0.516357	-0.377686	1.03833	59.020992	26.916502	-12.512206
2024-02-04 20:19:25.190	-0.4729	-0.424072	0.983398	37.475586	20.751951	-3.784179
2024-02-04 20:19:25.200	-0.440674	-0.444092	0.915527	16.662598	11.840819	3.601074
2024-02-04 20:19:25.209	-0.490234	-0.448486	0.878418	4.150391	5.737304	4.089355
2024-02-04 20:19:25.219	-0.569824	-0.45166	0.857422	-2.258301	-0.549316	-2.075195
2024-02-04 20:19:25.229	-0.60376	-0.448975	0.841064	-3.967285	-12.573241	-10.803222
2024-02-04 20:19:25.239	-0.611572	-0.456299	0.873047	-1.159668	-27.893064	-19.775391
2024-02-04 20:19:25.250	-0.640137	-0.444092	0.836426	-0.305176	-35.15625	-28.625486
2024-02-04 20:19:25.260	-0.662598	-0.375732	0.742676	-0.488281	-33.569336	-36.621094
2024-02-04 20:19:25.270	-0.677979	-0.316406	0.712402	5.676269	-28.381346	-43.457027
2024-02-04 20:19:25.280	-0.681641	-0.307861	0.712158	14.404296	-22.033689	-49.865719
2024-02-04 20:19:25.290	-0.65625	-0.332275	0.703369	18.615723	-16.601563	-54.077145
2024-02-04 20:19:25.299	-0.616211	-0.347656	0.684082	16.845703	-11.840819	-53.894039
2024-02-04 20:19:25.309	-0.59375	-0.345703	0.65332	12.939452	-6.225585	-50.048824
2024-02-04 20:19:25.319	-0.57251	-0.343018	0.612305	9.033203	-0.854492	-43.762203
2024-02-04 20:19:25.329	-0.538574	-0.320068	0.594482	4.577637	1.647949	-35.949707
2024-02-04 20:19:25.340	-0.527588	-0.282715	0.620605	2.624511	2.502441	-28.259275
2024-02-04 20:19:25.350	-0.550781	-0.255859	0.681885	5.004883	3.417969	-22.583006
2024-02-04 20:19:25.360	-0.578857	-0.249268	0.723389	8.544922	3.845215	-19.592285
2024-02-04 20:19:25.370	-0.599854	-0.249512	0.758301	9.399414	3.479004	-19.714355
2024-02-04 20:19:25.380	-0.625977	-0.238281	0.79834	7.629394	5.126953	-22.705076
2024-02-04 20:19:25.389	-0.653564	-0.214111	0.819336	5.065917	8.056641	-27.343748
2024-02-04 20:19:25.399	-0.675537	-0.196533	0.8396	2.563476	11.413573	-30.822752
2024-02-04 20:19:25.409	-0.69751	-0.179688	0.862549	0.244141	16.540527	-31.066893
2024-02-04 20:19:25.420	-0.712646	-0.154785	0.875732	-1.586914	22.644041	-27.770994
2024-02-04 20:19:25.430	-0.710693	-0.127197	0.863281	-1.953125	27.709959	-21.911619
2024-02-04 20:19:25.440	-0.688232	-0.101563	0.852051	-0.305176	31.86035	-14.892577
2024-02-04 20:19:25.450	-0.667969	-0.090576	0.834229	4.394531	36.010742	-7.263183
2024-02-04 20:19:25.459	-0.644043	-0.098877	0.791504	10.19287	38.818359	0.793457
2024-02-04 20:19:25.469	-0.606689	-0.126465	0.728271	14.465331	38.574219	8.911133
2024-02-04 20:19:25.479	-0.563477	-0.168457	0.676758	16.906738	35.095215	16.357422
2024-02-04 20:19:25.489	-0.535889	-0.211182	0.672607	16.967773	29.663084	23.681639
2024-02-04 20:19:25.500	-0.524658	-0.231689	0.700439	16.540527	23.986814	31.005857
2024-02-04 20:19:25.510	-0.52002	-0.238281	0.737305	18.859863	17.272949	38.085938
2024-02-04 20:19:25.520	-0.53125	-0.240723	0.782227	23.254393	8.605957	44.006344
2024-02-04 20:19:25.530	-0.546631	-0.242188	0.820801	26.550291	1.159668	47.546383
2024-02-04 20:19:25.540	-0.557617	-0.236084	0.811523	26.367186	-1.586914	47.973629
2024-02-04 20:19:25.549	-0.55249	-0.212646	0.760742	22.3999	-1.89209	46.56982
2024-02-04 20:19:25.559	-0.522949	-0.2146	0.726074	14.648437	-4.02832	45.654293
2024-02-04 20:19:25.569	-0.502441	-0.254639	0.702393	4.333496	-8.544922	46.264645
2024-02-04 20:19:25.579	-0.539551	-0.289307	0.706055	-5.981445	-14.770507	46.44775
2024-02-04 20:19:25.590	-0.626953	-0.318604	0.716797	-13.85498	-23.315428	44.738766
2024-02-04 20:19:25.600	-0.736328	-0.366455	0.753418	-18.066406	-31.005857	40.039063
2024-02-04 20:19:25.610	-0.82373	-0.436768	0.818115	-23.864744	-34.179688	31.311033
2024-02-04 20:19:25.620	-0.852295	-0.477051	0.849121	-37.536621	-31.372068	19.836426
2024-02-04 20:19:25.630	-0.829834	-0.467773	0.841553	-54.626461	-21.972654	7.690429
2024-02-04 20:19:25.639	-0.782715	-0.434814	0.852295	-66.52832	-11.96289	-1.953125
2024-02-04 20:19:25.649	-0.712158	-0.414063	0.858398	-72.32666	-4.760742	-5.798339
2024-02-04 20:19:25.659	-0.643066	-0.390137	0.841309	-75.073242	2.502441	-4.577637
2024-02-04 20:19:25.670	-0.608643	-0.364502	0.817383	-73.547363	9.70459	-2.258301
2024-02-04 20:19:25.680	-0.602539	-0.346436	0.78833	-67.626953	14.953612	-0.915527
2024-02-04 20:19:25.690	-0.577881	-0.323975	0.770264	-60.241695	15.86914	-0.976562
2024-02-04 20:19:25.700	-0.532227	-0.310059	0.730713	-53.283688	13.366698	-3.295898
2024-02-04 20:19:25.709	-0.494385	-0.295898	0.703125	-45.166012	11.596679	-5.249023
2024-02-04 20:19:25.719	-0.490234	-0.276611	0.738525	-35.095215	10.742187	-4.394531
2024-02-04 20:19:25.729	-0.520752	-0.27124	0.817871	-24.230955	7.995605	-2.13623
2024-02-04 20:19:25.739	-0.555664	-0.288086	0.858887	-16.296387	3.90625	0.305176
2024-02-04 20:19:25.750	-0.57251	-0.302246	0.848877	-14.465331	-0.488281	2.990722
2024-02-04 20:19:25.760	-0.577881	-0.298096	0.837158	-18.188477	-4.455566	5.004883
2024-02-04 20:19:25.770	-0.591309	-0.272705	0.844727	-24.230955	-8.544922	5.676269
2024-02-04 20:19:25.780	-0.598389	-0.243164	0.848145	-29.541014	-13.549804	5.187988
2024-02-04 20:19:25.790	-0.600342	-0.206055	0.841797	-31.98242	-19.226074	4.577637
2024-02-04 20:19:25.799	-0.605469	-0.154053	0.85376	-29.113768	-24.963377	5.004883
2024-02-04 20:19:25.809	-0.607666	-0.113281	0.858154	-19.470215	-31.555174	6.530761
2024-02-04 20:19:25.819	-0.570313	-0.104492	0.825439	-6.958007	-37.597656	8.850098
2024-02-04 20:19:25.829	-0.524414	-0.11499	0.786865	3.845215	-41.564938	11.901855
2024-02-04 20:19:25.840	-0.491211	-0.134033	0.785889	11.474608	-42.480465	15.502929
2024-02-04 20:19:25.850	-0.477051	-0.161865	0.80127	17.089844	-41.503902	18.005371
2024-02-04 20:19:25.860	-0.470947	-0.199951	0.819824	22.705076	-40.710445	19.53125
2024-02-04 20:19:25.870	-0.461182	-0.23584	0.825195	29.479979	-41.259762	20.26367
2024-02-04 20:19:25.880	-0.443848	-0.268799	0.820068	38.208008	-41.198727	19.775391
2024-02-04 20:19:25.889	-0.438232	-0.304443	0.820068	47.729488	-38.879395	16.784668
2024-02-04 20:19:25.899	-0.455811	-0.33667	0.853516	55.480953	-35.827637	10.864257
2024-02-04 20:19:25.909	-0.475586	-0.354736	0.887695	57.739254	-34.667969	4.089355
2024-02-04 20:19:25.920	-0.480469	-0.350098	0.913574	51.757809	-35.522461	-0.732422
2024-02-04 20:19:25.930	-0.48291	-0.340088	0.952881	40.771481	-36.254883	-2.624511
2024-02-04 20:19:25.940	-0.500977	-0.342285	0.974854	26.672361	-34.362793	-1.831055
2024-02-04 20:19:25.950	-0.527344	-0.346191	0.947754	9.216309	-30.883787	0.671387
2024-02-04 20:19:25.959	-0.555176	-0.356201	0.904785	-5.126953	-26.794432	0.793457
2024-02-04 20:19:25.969	-0.583496	-0.376221	0.864258	-10.498046	-20.080564	-6.347656
2024-02-04 20:19:25.979	-0.603027	-0.408691	0.827637	-9.521484	-12.512206	-19.348145
2024-02-04 20:19:25.989	-0.608154	-0.455566	0.80127	-6.408691	-10.19287	-33.874512
2024-02-04 20:19:26.000	-0.600098	-0.509521	0.826172	-6.530761	-13.366698	-46.081539
2024-02-04 20:19:26.010	-0.579346	-0.509277	0.852783	-11.840819	-12.878417	-51.635738
2024-02-04 20:19:26.020	-0.570068	-0.487549	0.833496	-14.282226	-5.798339	-52.307125
2024-02-04 20:19:26.030	-0.595703	-0.46875	0.811279	-13.549804	1.953125	-49.438473
2024-02-04 20:19:26.040	-0.620605	-0.449707	0.771729	-13.916015	5.615234	-45.104977
2024-02-04 20:19:26.049	-0.592529	-0.419434	0.704346	-17.883301	4.638672	-41.076656
2024-02-04 20:19:26.059	-0.522705	-0.38623	0.615234	-23.864744	-0.061035	-38.330078
2024-02-04 20:19:26.069	-0.472412	-0.352539	0.563477	-28.015135	-8.239746	-36.865234
2024-02-04 20:19:26.079	-0.476807	-0.31665	0.568115	-26.30615	-17.883301	-36.132813
2024-02-04 20:19:26.090	-0.516846	-0.29126	0.61377	-18.310547	-26.123045	-35.339355
2024-02-04 20:19:26.100	-0.559814	-0.275391	0.656006	-8.911133	-30.578611	-34.545898
2024-02-04 20:19:26.110	-0.591553	-0.264648	0.690186	-2.441406	-31.188963	-34.851074
2024-02-04 20:19:26.120	-0.608398	-0.262451	0.736328	-0.793457	-28.320311	-35.644531
2024-02-04 20:19:26.130	-0.612061	-0.260498	0.783936	-3.784179	-21.789549	-36.010742
2024-02-04 20:19:26.139	-0.608643	-0.256592	0.825684	-10.253905	-12.20703	-35.644531
2024-02-04 20:19:26.149	-0.609375	-0.25415	0.860107	-15.99121	0.183105	-33.752441
2024-02-04 20:19:26.159	-0.610596	-0.255371	0.888428	-19.714355	13.244628	-29.602049
2024-02-04 20:19:26.170	-0.610352	-0.25293	0.9021	-21.667479	25.512693	-23.620604
2024-02-04 20:19:26.180	-0.598877	-0.243164	0.896484	-22.094725	36.682129	-17.39502
2024-02-04 20:19:26.190	-0.580078	-0.230225	0.88501	-21.179197	45.715328	-12.512206
2024-02-04 20:19:26.200	-0.570557	-0.224609	0.884521	-18.798828	51.879879	-9.643555
2024-02-04 20:19:26.209	-0.570801	-0.234131	0.875977	-14.953612	55.358883	-8.361816
2024-02-04 20:19:26.219	-0.572021	-0.251953	0.84375	-10.437011	56.15234	-7.507324
2024-02-04 20:19:26.229	-0.561035	-0.269531	0.803223	-4.638672	54.748531	-6.103515
2024-02-04 20:19:26.239	-0.529297	-0.284668	0.771729	3.051758	51.635738	-4.02832
2024-02-04 20:19:26.250	-0.482422	-0.296631	0.77832	11.352538	46.630856	-0.549316
2024-02-04 20:19:26.260	-0.453125	-0.298096	0.818848	17.76123	40.283199	4.882813
2024-02-04 20:19:26.270	-0.44751	-0.292236	0.850586	20.629881	34.484863	12.08496
2024-02-04 20:19:26.280	-0.465576	-0.305176	0.852295	20.080564	29.113768	19.042969
2024-02-04 20:19:26.290	-0.483154	-0.363525	0.839844	16.052246	23.803709	23.254393
2024-02-04 20:19:26.299	-0.505859	-0.424072	0.845459	8.666992	19.287109	23.986814
2024-02-04 20:19:26.309	-0.536621	-0.462158	0.864746	2.01416	15.319823	20.080564
2024-02-04 20:19:26.319	-0.568604	-0.507324	0.874268	0.305176	12.20703	11.108397
2024-02-04 20:19:26.329	-0.601807	-0.55127	0.89624	0.549316	10.864257	0.488281
2024-02-04 20:19:26.340	-0.63501	-0.574707	0.910156	2.075195	12.634276	-8.605957
2024-02-04 20:19:26.350	-0.676758	-0.59375	0.92334	5.310058	17.700195	-15.808105
2024-02-04 20:19:26.360	-0.713379	-0.630615	0.949951	6.286621	22.766111	-22.338865
2024-02-04 20:19:26.370	-0.686768	-0.656982	0.95752	-0.549316	26.733397	-29.052732
2024-02-04 20:19:26.380	-0.602295	-0.643555	0.940918	-11.718749	29.052732	-35.217285
2024-02-04 20:19:26.389	-0.517578	-0.612305	0.918701	-17.51709	28.686522	-39.001465
2024-02-04 20:19:26.399	-0.448975	-0.584473	0.908691	-17.028809	28.07617	-39.245605
2024-02-04 20:19:26.409	-0.385254	-0.559082	0.899902	-16.662598	26.611326	-36.560059
2024-02-04 20:19:26.420	-0.341064	-0.523926	0.861084	-19.287109	23.315428	-33.996582
2024-02-04 20:19:26.430	-0.304443	-0.479004	0.807617	-21.789549	19.775391	-33.569336
2024-02-04 20:19:26.440	-0.266602	-0.434082	0.756836	-23.437498	17.944336	-34.973145
2024-02-04 20:19:26.450	-0.249023	-0.394531	0.727539	-21.667479	18.371582	-37.414551
2024-02-04 20:19:26.459	-0.267578	-0.356445	0.734863	-13.488769	21.606443	-38.513184
2024-02-04 20:19:26.469	-0.313721	-0.341797	0.762695	1.647949	26.611326	-36.071777
2024-02-04 20:19:26.479	-0.3125	-0.366699	0.746338	16.235352	28.808592	-30.944822
2024-02-04 20:19:26.489	-0.30249	-0.400391	0.718018	22.3999	29.663084	-28.015135
2024-02-04 20:19:26.500	-0.329834	-0.416504	0.720947	21.728514	31.433104	-29.663084
2024-02-04 20:19:26.510	-0.385742	-0.424316	0.747803	16.418457	31.127928	-34.423828
2024-02-04 20:19:26.520	-0.432129	-0.408936	0.758057	8.239746	26.18408	-39.855957
2024-02-04 20:19:26.530	-0.45166	-0.374512	0.737061	2.075195	18.188477	-45.532223
2024-02-04 20:19:26.540	-0.456055	-0.331543	0.723633	0.976562	9.338379	-53.344723
2024-02-04 20:19:26.549	-0.485107	-0.286133	0.742188	5.249023	1.098633	-62.988277
2024-02-04 20:19:26.559	-0.510498	-0.25415	0.759033	13.244628	-5.737304	-72.753906
2024-02-04 20:19:26.569	-0.517334	-0.231934	0.774658	22.033689	-11.230468	-81.17675
2024-02-04 20:19:26.579	-0.499756	-0.226563	0.790283	32.165527	-16.174316	-89.965813
2024-02-04 20:19:26.590	-0.476318	-0.24292	0.811279	41.442867	-19.836426	-99.975578
2024-02-04 20:19:26.600	-0.459473	-0.248535	0.832275	46.813961	-20.751951	-109.863274
2024-02-04 20:19:26.610	-0.445801	-0.230713	0.83252	49.316402	-17.944336	-117.004387
2024-02-04 20:19:26.620	-0.434082	-0.208496	0.833496	51.696774	-10.375976	-119.567863
2024-02-04 20:19:26.630	-0.412842	-0.180176	0.862305	53.894039	2.075195	-117.675774
2024-02-04 20:19:26.639	-0.382568	-0.157471	0.908203	55.236813	17.150879	-112.792961
2024-02-04 20:19:26.649	-0.342041	-0.164795	0.940674	59.509274	30.2124	-107.238762
2024-02-04 20:19:26.659	-0.298828	-0.227051	0.958496	68.725586	37.353516	-103.332512
2024-02-04 20:19:26.670	-0.282471	-0.337158	0.977539	78.979492	39.672852	-101.135246
2024-02-04 20:19:26.680	-0.29248	-0.475342	1.030273	85.266106	39.978027	-100.646965
2024-02-04 20:19:26.690	-0.319092	-0.607666	1.085693	81.542961	40.588375	-100.097649
2024-02-04 20:19:26.700	-0.329102	-0.699951	1.090088	67.626953	41.870113	-98.205559
2024-02-04 20:19:26.710	-0.315674	-0.733398	1.051025	52.551266	43.151852	-98.69384
2024-02-04 20:19:26.720	-0.293457	-0.717285	1.024414	44.494625	44.494625	-103.210442
2024-02-04 20:19:26.729	-0.275391	-0.698242	1.00415	42.114254	45.959469	-106.811516
2024-02-04 20:19:26.739	-0.27124	-0.699951	0.987793	42.968746	46.508785	-105.773918
2024-02-04 20:19:26.750	-0.283936	-0.723145	0.99585	42.968746	43.945309	-100.58593
2024-02-04 20:19:26.760	-0.30127	-0.75	1.030518	36.621094	39.0625	-91.491692
2024-02-04 20:19:26.770	-0.325195	-0.740479	1.034912	23.742674	35.949707	-79.345703
2024-02-04 20:19:26.780	-0.358887	-0.687256	0.988281	10.925292	37.902832	-67.504883
2024-02-04 20:19:26.790	-0.406982	-0.619629	0.933838	4.089355	44.006344	-59.387203
2024-02-04 20:19:26.799	-0.438232	-0.55835	0.890625	2.929687	51.879879	-55.358883
2024-02-04 20:19:26.809	-0.428467	-0.500732	0.825928	5.371093	59.814449	-54.504391
2024-02-04 20:19:26.819	-0.38208	-0.46582	0.772217	11.840819	63.84277	-56.091305
2024-02-04 20:19:26.829	-0.341309	-0.459961	0.733154	20.507811	63.415524	-58.349606
2024-02-04 20:19:26.839	-0.313477	-0.473877	0.694092	27.832029	59.692379	-59.93652
2024-02-04 20:19:26.848	-0.298828	-0.489258	0.645264	33.081055	53.771969	-60.546871
2024-02-04 20:19:26.858	-0.294189	-0.49707	0.619385	39.123535	46.997066	-60.424801
2024-02-04 20:19:26.868	-0.297607	-0.508789	0.631348	46.813961	39.672852	-59.631344
2024-02-04 20:19:26.878	-0.314941	-0.530762	0.668945	55.480953	32.836914	-57.800289
2024-02-04 20:19:26.887	-0.349854	-0.563721	0.729004	62.561031	28.07617	-55.053707
2024-02-04 20:19:26.897	-0.396729	-0.592529	0.797852	65.124512	25.207518	-52.795406
2024-02-04 20:19:26.907	-0.425781	-0.610596	0.853271	62.255856	22.521971	-51.391598
2024-02-04 20:19:26.916	-0.441895	-0.60083	0.884766	53.894039	21.179197	-51.696774
2024-02-04 20:19:26.926	-0.457764	-0.564697	0.90332	44.250484	22.15576	-53.527828
2024-02-04 20:19:26.936	-0.47583	-0.511963	0.930176	37.475586	25.268553	-56.457516
2024-02-04 20:19:26.946	-0.497314	-0.459229	0.946533	35.583496	30.700682	-60.18066
2024-02-04 20:19:26.955	-0.523926	-0.414063	0.956299	38.818359	38.146973	-64.208984
2024-02-04 20:19:26.965	-0.556641	-0.381836	0.984131	45.593258	46.508785	-68.725586
2024-02-04 20:19:26.975	-0.584717	-0.354248	0.995605	53.100582	55.603024	-73.486328
2024-02-04 20:19:26.985	-0.608398	-0.326416	0.990967	60.18066	65.002441	-78.125
2024-02-04 20:19:26.995	-0.62793	-0.300049	0.990234	67.993164	73.547363	-83.129875
2024-02-04 20:19:27.004	-0.622314	-0.275146	0.976563	76.293945	80.627434	-87.646477
2024-02-04 20:19:27.014	-0.590088	-0.262451	0.956543	84.899895	86.120598	-90.942375
2024-02-04 20:19:27.024	-0.547363	-0.273438	0.939453	93.505852	91.00341	-93.322746
2024-02-04 20:19:27.034	-0.510254	-0.304932	0.911377	102.111809	95.520012	-93.627922
2024-02-04 20:19:27.043	-0.448242	-0.351563	0.884766	110.107414	97.045891	-90.942375
2024-02-04 20:19:27.053	-0.383789	-0.413818	0.855957	115.417473	97.045891	-86.303703
2024-02-04 20:19:27.063	-0.332764	-0.4729	0.830811	117.797844	94.726555	-81.848137
2024-02-04 20:19:27.072	-0.30249	-0.52002	0.837646	118.713371	90.148918	-77.758789
2024-02-04 20:19:27.082	-0.285889	-0.543945	0.845459	116.08886	84.533684	-73.547363
2024-02-04 20:19:27.092	-0.265625	-0.527832	0.835693	108.093254	78.00293	-68.603516
2024-02-04 20:19:27.102	-0.237549	-0.470459	0.809814	96.740715	70.556641	-62.683102
2024-02-04 20:19:27.111	-0.197998	-0.401123	0.789795	84.716789	62.316891	-55.297848
2024-02-04 20:19:27.121	-0.156494	-0.336182	0.779541	72.387695	52.856441	-45.349117
2024-02-04 20:19:27.131	-0.123535	-0.281494	0.765625	60.241695	41.931149	-32.043457
2024-02-04 20:19:27.141	-0.091797	-0.239014	0.725586	50.109859	29.479979	-16.418457
2024-02-04 20:19:27.151	-0.083496	-0.218994	0.69751	43.090816	15.686034	-0.732422
2024-02-04 20:19:27.160	-0.128174	-0.22583	0.689209	37.353516	1.342773	13.244628
2024-02-04 20:19:27.170	-0.206787	-0.248779	0.646973	29.602049	-13.427733	24.230955
2024-02-04 20:19:27.180	-0.311768	-0.290771	0.623779	19.836426	-27.160643	29.235838
2024-02-04 20:19:27.190	-0.464844	-0.336426	0.670654	10.375976	-38.391113	25.573729
2024-02-04 20:19:27.200	-0.619141	-0.384277	0.765381	2.01416	-47.363277	14.770507
2024-02-04 20:19:27.209	-0.737305	-0.423096	0.85376	-6.530761	-54.565426	1.89209
2024-02-04 20:19:27.219	-0.793945	-0.44458	0.892822	-15.99121	-55.969234	-9.460449
2024-02-04 20:19:27.229	-0.818848	-0.447021	0.904053	-25.024412	-49.133297	-18.005371
2024-02-04 20:19:27.239	-0.80542	-0.429443	0.890137	-30.822752	-36.010742	-24.16992
2024-02-04 20:19:27.250	-0.74707	-0.412354	0.856201	-31.738279	-20.202635	-29.052732
2024-02-04 20:19:27.260	-0.669189	-0.423584	0.853027	-28.564451	-5.676269	-33.691406
2024-02-04 20:19:27.270	-0.597412	-0.450195	0.862305	-26.550291	9.70459	-37.841797
2024-02-04 20:19:27.280	-0.522949	-0.460938	0.848877	-27.648924	25.024412	-42.236324
2024-02-04 20:19:27.290	-0.456543	-0.458008	0.852539	-29.96826	37.719727	-47.180172
2024-02-04 20:19:27.299	-0.400635	-0.450928	0.849365	-31.433104	47.668453	-52.12402
2024-02-04 20:19:27.309	-0.344727	-0.448486	0.836914	-30.822752	55.541988	-55.175777
2024-02-04 20:19:27.319	-0.292969	-0.463379	0.801758	-30.273436	60.119625	-54.931637
2024-02-04 20:19:27.329	-0.255371	-0.483643	0.762695	-31.677244	60.302731	-52.612301
2024-02-04 20:19:27.340	-0.260742	-0.479248	0.733154	-33.508301	57.373043	-49.499508
2024-02-04 20:19:27.350	-0.290039	-0.438721	0.722168	-34.606934	50.781246	-45.532223
