2024-02-05 16:14:34.782	-0.336182	-0.794434	0.493164	-1.831055	-30.639647	20.26367
2024-02-05 16:14:34.792	-0.317871	-0.81665	0.494141	0.305176	-31.127928	20.568846
2024-02-05 16:14:34.802	-0.314941	-0.827637	0.509277	0.671387	-32.470703	21.911619
2024-02-05 16:14:34.812	-0.318848	-0.827637	0.51416	0.732422	-35.461426	24.780272
2024-02-05 16:14:34.821	-0.315674	-0.827637	0.511719	2.258301	-39.489746	27.893064
2024-02-05 16:14:34.831	-0.318115	-0.840576	0.525146	4.638672	-43.457027	30.700682
2024-02-05 16:14:34.841	-0.336182	-0.85376	0.560303	5.126953	-46.691891	33.081055
2024-02-05 16:14:34.851	-0.367188	-0.85791	0.608887	3.601074	-48.645016	34.362793
2024-02-05 16:14:34.860	-0.400146	-0.864746	0.633545	-0.183105	-49.560543	33.813477
2024-02-05 16:14:34.870	-0.419189	-0.860107	0.646729	-5.187988	-50.415035	31.799314
2024-02-05 16:14:34.880	-0.4375	-0.828369	0.62793	-8.911133	-51.025387	29.479979
2024-02-05 16:14:34.889	-0.475098	-0.7854	0.579346	-8.361816	-52.185055	28.015135
2024-02-05 16:14:34.900	-0.50415	-0.796631	0.533936	-4.333496	-52.429195	26.733397
2024-02-05 16:14:34.909	-0.48999	-0.871582	0.487061	-2.990722	-47.851559	22.460936
2024-02-05 16:14:34.919	-0.459229	-0.963379	0.423096	-10.681151	-37.353516	14.282226
2024-02-05 16:14:34.930	-0.437744	-0.967285	0.403809	-26.367186	-24.963377	5.737304
2024-02-05 16:14:34.939	-0.441406	-0.866211	0.481689	-38.146973	-12.268065	0.488281
2024-02-05 16:14:34.950	-0.476807	-0.741699	0.583496	-39.489746	-1.037598	-0.915527
2024-02-05 16:14:34.959	-0.514648	-0.65918	0.636475	-32.287598	6.835937	0.549316
2024-02-05 16:14:34.970	-0.531494	-0.629883	0.63623	-19.165039	12.268065	2.563476
2024-02-05 16:14:34.979	-0.508789	-0.659424	0.58667	-5.065917	17.211914	3.112793
2024-02-05 16:14:34.990	-0.467529	-0.706299	0.561768	3.784179	25.329588	3.417969
2024-02-05 16:14:35.000	-0.433594	-0.74292	0.574219	10.009766	33.996582	5.676269
2024-02-05 16:14:35.009	-0.408203	-0.771729	0.55957	15.86914	37.963867	9.460449
2024-02-05 16:14:35.020	-0.35791	-0.817627	0.496826	18.249512	39.18457	12.695312
2024-02-05 16:14:35.029	-0.320801	-0.859131	0.460693	14.587401	40.64941	13.916015
2024-02-05 16:14:35.040	-0.322266	-0.878906	0.477295	7.019042	39.733887	13.671874
2024-02-05 16:14:35.049	-0.33667	-0.859863	0.50415	-1.098633	35.217285	12.20703
2024-02-05 16:14:35.060	-0.346191	-0.822266	0.519531	-5.737304	28.991697	10.19287
2024-02-05 16:14:35.069	-0.359131	-0.797119	0.518311	-6.469726	22.888182	8.483887
2024-02-05 16:14:35.080	-0.373047	-0.797852	0.513916	-4.577637	18.188477	8.056641
2024-02-05 16:14:35.090	-0.392822	-0.815674	0.516113	-3.784179	16.174316	8.300781
2024-02-05 16:14:35.099	-0.420654	-0.82251	0.52002	-4.882813	16.906738	8.544922
2024-02-05 16:14:35.110	-0.442627	-0.81543	0.518799	-6.469726	19.714355	8.483887
2024-02-05 16:14:35.119	-0.456543	-0.800781	0.522217	-7.568359	23.986814	8.361816
2024-02-05 16:14:35.130	-0.467285	-0.786377	0.525391	-8.300781	28.320311	8.483887
2024-02-05 16:14:35.139	-0.468506	-0.776855	0.521973	-8.605957	31.677244	8.911133
2024-02-05 16:14:35.150	-0.466553	-0.772461	0.503174	-8.728027	33.081055	9.033203
2024-02-05 16:14:35.159	-0.456299	-0.777588	0.483154	-7.446289	31.616209	7.8125
2024-02-05 16:14:35.169	-0.437012	-0.778809	0.470215	-5.859375	28.19824	5.493164
2024-02-05 16:14:35.180	-0.426758	-0.774414	0.459229	-4.455566	23.620604	2.441406
2024-02-05 16:14:35.189	-0.423096	-0.769043	0.456787	-2.807617	18.371582	-0.366211
2024-02-05 16:14:35.200	-0.421143	-0.773682	0.473877	-1.037598	13.793944	-2.13623
2024-02-05 16:14:35.209	-0.421143	-0.798828	0.498047	0.732422	11.169433	-2.197266
2024-02-05 16:14:35.220	-0.425537	-0.82959	0.508301	2.258301	10.0708	-1.037598
2024-02-05 16:14:35.229	-0.431641	-0.851563	0.51416	3.173828	10.681151	0.183105
2024-02-05 16:14:35.240	-0.442627	-0.868652	0.53418	3.295898	12.390136	0.427246
2024-02-05 16:14:35.250	-0.446777	-0.876953	0.558838	1.037598	14.160155	0.183105
2024-02-05 16:14:35.259	-0.441162	-0.868896	0.563721	-3.90625	15.075683	-0.488281
2024-02-05 16:14:35.270	-0.442627	-0.843994	0.553467	-8.422852	15.808105	-1.159668
2024-02-05 16:14:35.279	-0.449463	-0.819092	0.532959	-10.803222	16.113281	-1.89209
2024-02-05 16:14:35.290	-0.450684	-0.796387	0.500488	-11.352538	15.808105	-2.685547
2024-02-05 16:14:35.299	-0.445557	-0.776367	0.471436	-11.230468	14.831542	-3.234863
2024-02-05 16:14:35.310	-0.440918	-0.755615	0.456787	-9.887695	13.732909	-2.685547
2024-02-05 16:14:35.319	-0.439697	-0.744141	0.445068	-6.408691	12.023925	-1.098633
2024-02-05 16:14:35.330	-0.433838	-0.740234	0.452881	-1.403808	9.643555	0.915527
2024-02-05 16:14:35.340	-0.443115	-0.743164	0.467285	3.173828	8.178711	2.441406
2024-02-05 16:14:35.349	-0.447266	-0.764404	0.46875	6.408691	6.591796	2.441406
2024-02-05 16:14:35.360	-0.440674	-0.795166	0.467285	8.361816	5.187988	1.464844
2024-02-05 16:14:35.369	-0.441406	-0.82666	0.474121	8.789063	5.676269	0.610352
2024-02-05 16:14:35.380	-0.456055	-0.847168	0.479736	7.873535	7.141113	0.671387
2024-02-05 16:14:35.389	-0.462158	-0.852295	0.480469	5.493164	8.422852	1.89209
2024-02-05 16:14:35.400	-0.45874	-0.848145	0.470459	3.112793	8.789063	2.929687
2024-02-05 16:14:35.409	-0.452881	-0.84375	0.469482	2.075195	7.751464	2.868652
2024-02-05 16:14:35.419	-0.445313	-0.838623	0.475098	0.793457	5.187988	2.441406
2024-02-05 16:14:35.430	-0.447998	-0.827881	0.470215	-0.427246	1.953125	1.708984
2024-02-05 16:14:35.439	-0.453125	-0.823486	0.462646	0.12207	-1.281738	0.854492
2024-02-05 16:14:35.450	-0.450928	-0.821533	0.464844	1.586914	-4.577637	-0.610352
2024-02-05 16:14:35.459	-0.452881	-0.823486	0.479004	2.624511	-7.93457	-2.075195
2024-02-05 16:14:35.470	-0.459229	-0.830811	0.48999	3.601074	-10.0708	-3.112793
2024-02-05 16:14:35.479	-0.470215	-0.83667	0.504639	4.638672	-10.253905	-3.112793
2024-02-05 16:14:35.490	-0.474854	-0.84375	0.516846	5.187988	-8.422852	-2.258301
2024-02-05 16:14:35.500	-0.474121	-0.844482	0.527344	4.089355	-5.615234	-0.610352
2024-02-05 16:14:35.509	-0.464111	-0.839111	0.528564	1.342773	-3.479004	1.525879
2024-02-05 16:14:35.520	-0.453125	-0.82666	0.520508	-1.647949	-2.258301	3.356933
2024-02-05 16:14:35.529	-0.444824	-0.821533	0.512939	-3.417969	-2.380371	4.699707
2024-02-05 16:14:35.540	-0.4375	-0.825439	0.50293	-4.02832	-3.784179	5.798339
2024-02-05 16:14:35.549	-0.430176	-0.833984	0.49585	-4.699707	-6.469726	6.530761
2024-02-05 16:14:35.560	-0.418213	-0.834961	0.496338	-6.286621	-10.0708	6.16455
2024-02-05 16:14:35.569	-0.416992	-0.824219	0.503662	-7.690429	-13.97705	4.699707
2024-02-05 16:14:35.580	-0.425781	-0.811279	0.498535	-7.385253	-18.066406	3.051758
2024-02-05 16:14:35.590	-0.42334	-0.819824	0.478516	-5.92041	-22.094725	2.075195
2024-02-05 16:14:35.599	-0.414795	-0.853027	0.451416	-3.845215	-24.29199	2.01416
2024-02-05 16:14:35.610	-0.414307	-0.887695	0.443359	-1.770019	-24.29199	3.051758
2024-02-05 16:14:35.619	-0.423096	-0.907227	0.477783	-0.854492	-23.376463	5.310058
2024-02-05 16:14:35.630	-0.437744	-0.894531	0.503418	-4.333496	-22.705076	7.751464
2024-02-05 16:14:35.639	-0.453613	-0.855469	0.492188	-10.131835	-22.888182	7.995605
2024-02-05 16:14:35.650	-0.465088	-0.811279	0.46875	-12.878417	-23.010252	5.737304
2024-02-05 16:14:35.659	-0.477783	-0.772217	0.454102	-11.657714	-21.728514	1.770019
2024-02-05 16:14:35.669	-0.496826	-0.752686	0.453125	-7.568359	-18.920898	-2.563476
2024-02-05 16:14:35.680	-0.516357	-0.737793	0.457031	-3.356933	-15.014647	-5.798339
2024-02-05 16:14:35.689	-0.522217	-0.730225	0.452637	0.427246	-9.70459	-7.507324
2024-02-05 16:14:35.700	-0.511963	-0.720215	0.447021	3.784179	-2.868652	-8.117676
2024-02-05 16:14:35.709	-0.505371	-0.706055	0.453613	7.507324	5.187988	-8.361816
2024-02-05 16:14:35.720	-0.496826	-0.690186	0.471924	11.901855	13.122558	-8.178711
2024-02-05 16:14:35.729	-0.484375	-0.687256	0.491943	16.601563	20.019531	-7.507324
2024-02-05 16:14:35.740	-0.481689	-0.699707	0.488525	22.216795	25.817869	-6.347656
2024-02-05 16:14:35.750	-0.479492	-0.724121	0.480713	28.015135	30.2124	-5.432128
2024-02-05 16:14:35.759	-0.471924	-0.755859	0.491943	32.592773	33.630371	-4.943848
2024-02-05 16:14:35.770	-0.484863	-0.792969	0.509766	35.15625	37.04834	-5.065917
2024-02-05 16:14:35.779	-0.494141	-0.82959	0.519043	34.301758	39.611816	-6.408691
2024-02-05 16:14:35.790	-0.499268	-0.85498	0.525879	31.127928	41.137691	-9.216309
2024-02-05 16:14:35.799	-0.507324	-0.859375	0.530762	27.648924	43.090816	-12.268065
2024-02-05 16:14:35.810	-0.514648	-0.839355	0.535889	25.024412	45.104977	-14.953612
2024-02-05 16:14:35.819	-0.524414	-0.810059	0.540527	24.719236	47.058102	-16.662598
2024-02-05 16:14:35.830	-0.5271	-0.785889	0.538818	26.550291	49.194332	-16.784668
2024-02-05 16:14:35.840	-0.5271	-0.769775	0.519043	28.503416	50.903316	-16.052246
2024-02-05 16:14:35.849	-0.51416	-0.769287	0.5	30.273436	52.062984	-15.624999
2024-02-05 16:14:35.860	-0.49707	-0.782471	0.507813	31.494139	53.039547	-15.808105
2024-02-05 16:14:35.869	-0.490967	-0.796631	0.535645	31.555174	54.199215	-16.845703
2024-02-05 16:14:35.880	-0.480225	-0.802734	0.574707	30.09033	54.26025	-18.371582
2024-02-05 16:14:35.889	-0.464355	-0.793945	0.585693	28.259275	52.795406	-19.592285
2024-02-05 16:14:35.900	-0.458496	-0.790527	0.56543	27.832029	49.682613	-19.470215
2024-02-05 16:14:35.909	-0.453857	-0.819336	0.565186	28.503416	45.776363	-18.188477
2024-02-05 16:14:35.919	-0.445068	-0.879639	0.589355	25.878904	42.968746	-17.089844
2024-02-05 16:14:35.930	-0.431885	-0.966064	0.568848	14.526366	41.198727	-17.333984
2024-02-05 16:14:35.939	-0.397461	-1.01709	0.502441	-6.103515	38.635254	-19.40918
2024-02-05 16:14:35.950	-0.363037	-0.969971	0.491455	-26.550291	34.484863	-21.484373
2024-02-05 16:14:35.959	-0.381104	-0.865967	0.534912	-36.621094	30.151365	-21.362303
2024-02-05 16:14:35.970	-0.409668	-0.752441	0.567139	-37.475586	24.16992	-19.104004
2024-02-05 16:14:35.979	-0.404053	-0.663818	0.559814	-32.531738	16.479492	-15.197753
2024-02-05 16:14:35.990	-0.42334	-0.606445	0.519775	-21.423338	10.437011	-9.399414
2024-02-05 16:14:36.000	-0.437012	-0.61792	0.461426	-6.04248	5.187988	-3.662109
2024-02-05 16:14:36.010	-0.425537	-0.677246	0.417969	5.676269	-0.061035	-0.366211
2024-02-05 16:14:36.020	-0.433838	-0.758545	0.421631	8.666992	-3.845215	1.464844
2024-02-05 16:14:36.029	-0.455322	-0.844238	0.444824	3.784179	-6.774902	2.319336
2024-02-05 16:14:36.040	-0.480225	-0.896729	0.44458	-7.080078	-8.239746	0.610352
2024-02-05 16:14:36.049	-0.512939	-0.890381	0.437744	-18.127441	-6.958007	-2.746582
2024-02-05 16:14:36.060	-0.556396	-0.84375	0.434082	-23.376463	-1.647949	-4.821777
2024-02-05 16:14:36.069	-0.589111	-0.787842	0.427734	-22.705076	6.103515	-3.967285
2024-02-05 16:14:36.080	-0.592285	-0.743164	0.40918	-17.822266	14.282226	-2.01416
2024-02-05 16:14:36.090	-0.587158	-0.706543	0.385742	-11.047362	22.460936	-0.549316
2024-02-05 16:14:36.099	-0.584961	-0.679199	0.373535	-2.075195	30.761717	-0.854492
2024-02-05 16:14:36.110	-0.588623	-0.667969	0.383301	8.605957	38.574219	-2.258301
2024-02-05 16:14:36.119	-0.602051	-0.666992	0.402588	20.446775	46.386715	-3.845215
2024-02-05 16:14:36.130	-0.614258	-0.68457	0.421387	33.203125	53.466793	-5.371093
2024-02-05 16:14:36.139	-0.608887	-0.716064	0.426514	44.250484	59.143063	-7.080078
2024-02-05 16:14:36.150	-0.57251	-0.79248	0.438965	50.048824	65.795898	-8.483887
2024-02-05 16:14:36.159	-0.616455	-0.820068	0.413818	50.109859	70.129395	-11.230468
2024-02-05 16:14:36.169	-0.619385	-0.83667	0.448242	50.537106	72.143555	-17.578125
2024-02-05 16:14:36.180	-0.57666	-0.865723	0.497559	49.011227	76.293945	-25.329588
2024-02-05 16:14:36.189	-0.527588	-0.881592	0.516113	44.372555	79.772949	-32.531738
2024-02-05 16:14:36.200	-0.490479	-0.889893	0.526367	38.696289	80.566399	-37.109375
2024-02-05 16:14:36.209	-0.457764	-0.876221	0.544189	32.287598	78.369141	-38.269043
2024-02-05 16:14:36.220	-0.407227	-0.8479	0.564453	27.709959	74.279785	-37.109375
2024-02-05 16:14:36.229	-0.361084	-0.840332	0.545654	25.512693	66.955566	-33.02002
2024-02-05 16:14:36.240	-0.320068	-0.879883	0.511475	21.728514	56.03027	-26.30615
2024-02-05 16:14:36.250	-0.306641	-0.958252	0.48291	13.122558	44.982906	-18.737793
2024-02-05 16:14:36.259	-0.311768	-1.047363	0.430176	-3.90625	34.057617	-13.122558
2024-02-05 16:14:36.270	-0.26709	-1.03418	0.39917	-28.015135	20.507811	-9.399414
2024-02-05 16:14:36.279	-0.28418	-0.896729	0.4375	-41.687008	8.178711	-6.835937
2024-02-05 16:14:36.290	-0.372559	-0.76709	0.520996	-38.208008	-4.272461	-4.699707
2024-02-05 16:14:36.299	-0.4375	-0.712646	0.58667	-29.479979	-17.944336	-2.319336
2024-02-05 16:14:36.310	-0.471436	-0.707275	0.59668	-22.460936	-30.456541	0.12207
2024-02-05 16:14:36.319	-0.494385	-0.737793	0.560059	-19.897461	-39.794922	2.441406
2024-02-05 16:14:36.330	-0.504639	-0.756348	0.523193	-22.766111	-44.799801	6.16455
2024-02-05 16:14:36.340	-0.540527	-0.724854	0.516846	-24.353025	-45.410152	11.169433
2024-02-05 16:14:36.349	-0.563232	-0.698975	0.498535	-18.371582	-44.677731	16.418457
2024-02-05 16:14:36.360	-0.539795	-0.738281	0.440674	-12.268065	-42.114254	20.1416
2024-02-05 16:14:36.369	-0.51709	-0.812256	0.381348	-13.427733	-37.841797	21.972654
2024-02-05 16:14:36.380	-0.528076	-0.856201	0.398193	-21.362303	-33.325195	21.789549
2024-02-05 16:14:36.389	-0.541016	-0.835449	0.435547	-31.799314	-29.602049	19.958496
2024-02-05 16:14:36.400	-0.556396	-0.783203	0.438965	-37.17041	-26.672361	17.944336
2024-02-05 16:14:36.409	-0.571289	-0.738281	0.409424	-34.790039	-23.559568	17.272949
2024-02-05 16:14:36.419	-0.57373	-0.715332	0.366943	-26.367186	-19.53125	18.127441
2024-02-05 16:14:36.430	-0.564453	-0.716553	0.34082	-15.441894	-15.136718	20.080564
2024-02-05 16:14:36.439	-0.541748	-0.733643	0.333984	-5.615234	-10.375976	22.888182
2024-02-05 16:14:36.450	-0.534424	-0.751465	0.341553	1.159668	-5.554199	24.963377
2024-02-05 16:14:36.459	-0.536133	-0.750488	0.358887	6.103515	-1.525879	26.18408
2024-02-05 16:14:36.470	-0.532959	-0.737305	0.383057	12.08496	-0.549316	26.916502
2024-02-05 16:14:36.479	-0.518311	-0.749756	0.38916	20.690916	-2.624511	27.343748
2024-02-05 16:14:36.490	-0.506836	-0.796875	0.384766	27.099607	-5.798339	28.07617
2024-02-05 16:14:36.499	-0.506104	-0.853027	0.380371	26.916502	-8.483887	28.381346
2024-02-05 16:14:36.509	-0.509521	-0.89209	0.397461	20.38574	-9.765625	26.611326
2024-02-05 16:14:36.519	-0.490234	-0.89917	0.439453	13.549804	-12.08496	22.827147
2024-02-05 16:14:36.528	-0.466309	-0.890869	0.465332	9.216309	-15.930175	17.456055
2024-02-05 16:14:36.538	-0.440674	-0.890625	0.462646	6.835937	-21.850584	11.535644
2024-02-05 16:14:36.548	-0.419678	-0.900391	0.463135	4.760742	-29.235838	7.385253
2024-02-05 16:14:36.558	-0.407715	-0.9021	0.47583	0.793457	-36.376953	6.408691
2024-02-05 16:14:36.568	-0.412354	-0.886475	0.497559	-5.432128	-42.724606	7.995605
2024-02-05 16:14:36.577	-0.425781	-0.852783	0.505859	-11.169433	-48.706051	10.498046
2024-02-05 16:14:36.587	-0.45166	-0.815674	0.513672	-14.587401	-54.992672	13.916015
2024-02-05 16:14:36.597	-0.49292	-0.803467	0.531006	-16.357422	-59.631344	17.63916
2024-02-05 16:14:36.606	-0.538574	-0.846191	0.52417	-20.751951	-59.082027	20.202635
2024-02-05 16:14:36.616	-0.580811	-0.91748	0.472412	-31.616209	-54.931637	20.324705
2024-02-05 16:14:36.626	-0.585449	-0.932617	0.421143	-46.936031	-52.36816	18.005371
2024-02-05 16:14:36.636	-0.546143	-0.864258	0.448242	-56.823727	-51.818844	15.136718
2024-02-05 16:14:36.645	-0.547119	-0.786133	0.524902	-55.603024	-48.767086	12.390136
2024-02-05 16:14:36.655	-0.586182	-0.737305	0.595215	-50.781246	-46.386715	8.300781
2024-02-05 16:14:36.665	-0.602295	-0.698486	0.608643	-47.668453	-49.072262	3.173828
2024-02-05 16:14:36.675	-0.580566	-0.687012	0.571777	-42.358395	-54.931637	-1.037598
2024-02-05 16:14:36.685	-0.558105	-0.730713	0.508057	-34.423828	-57.983395	-3.051758
2024-02-05 16:14:36.694	-0.529297	-0.7771	0.496094	-29.96826	-56.03027	-2.929687
2024-02-05 16:14:36.704	-0.519775	-0.791016	0.48584	-28.259275	-52.795406	-3.112793
2024-02-05 16:14:36.714	-0.491943	-0.790283	0.423096	-24.902342	-53.222652	-4.699707
2024-02-05 16:14:36.723	-0.446777	-0.818359	0.352051	-19.470215	-53.833004	-6.103515
2024-02-05 16:14:36.733	-0.417725	-0.864502	0.322021	-16.113281	-52.795406	-6.103515
2024-02-05 16:14:36.743	-0.404541	-0.915283	0.32251	-17.578125	-53.100582	-5.432128
2024-02-05 16:14:36.753	-0.403076	-0.919434	0.350098	-24.29199	-53.344723	-3.845215
2024-02-05 16:14:36.763	-0.426758	-0.874023	0.381836	-29.724119	-52.856441	-0.976562
2024-02-05 16:14:36.772	-0.456787	-0.841309	0.419922	-31.494139	-53.283688	1.159668
2024-02-05 16:14:36.782	-0.481201	-0.816406	0.443359	-33.752441	-52.612301	1.220703
2024-02-05 16:14:36.792	-0.506592	-0.791992	0.460205	-34.057617	-50.598141	-0.305176
2024-02-05 16:14:36.802	-0.520996	-0.765625	0.469482	-32.592773	-47.485348	-1.953125
2024-02-05 16:14:36.811	-0.51709	-0.744629	0.446045	-31.127928	-44.494625	-4.211426
2024-02-05 16:14:36.821	-0.488281	-0.748779	0.404297	-27.343748	-43.212887	-6.896972
2024-02-05 16:14:36.831	-0.463135	-0.781006	0.405518	-21.362303	-40.039063	-8.605957
2024-02-05 16:14:36.840	-0.459229	-0.828857	0.428955	-17.089844	-33.935547	-8.056641
2024-02-05 16:14:36.850	-0.465332	-0.869385	0.446533	-16.601563	-27.526854	-5.432128
2024-02-05 16:14:36.860	-0.463379	-0.88501	0.450684	-19.53125	-21.667479	-1.770019
2024-02-05 16:14:36.870	-0.460693	-0.86792	0.452881	-23.254393	-17.150879	1.525879
2024-02-05 16:14:36.880	-0.448486	-0.848633	0.453857	-25.451658	-15.014647	2.624511
2024-02-05 16:14:36.889	-0.432129	-0.831787	0.455811	-25.146482	-15.380858	1.159668
2024-02-05 16:14:36.900	-0.419189	-0.832031	0.451904	-22.27783	-16.357422	-1.831055
2024-02-05 16:14:36.909	-0.414307	-0.853516	0.446777	-19.226074	-16.906738	-4.455566
2024-02-05 16:14:36.919	-0.411133	-0.879395	0.437988	-18.188477	-17.944336	-6.652832
2024-02-05 16:14:36.930	-0.409912	-0.89917	0.453125	-18.737793	-18.920898	-9.155273
2024-02-05 16:14:36.939	-0.418457	-0.910889	0.467285	-20.202635	-18.066406	-10.681151
2024-02-05 16:14:36.950	-0.417969	-0.905762	0.464111	-22.460936	-15.380858	-10.803222
2024-02-05 16:14:36.959	-0.405029	-0.887207	0.463867	-24.04785	-12.756347	-10.742187
2024-02-05 16:14:36.970	-0.395996	-0.868652	0.460693	-24.414061	-9.094238	-10.498046
2024-02-05 16:14:36.979	-0.39502	-0.851074	0.44043	-24.16992	-4.882813	-9.155273
2024-02-05 16:14:36.990	-0.390869	-0.83374	0.425781	-23.620604	-1.831055	-6.652832
2024-02-05 16:14:37.000	-0.388184	-0.812744	0.411621	-23.315428	-0.488281	-3.723144
2024-02-05 16:14:37.010	-0.388184	-0.799316	0.398682	-22.033689	0.0	-1.525879
2024-02-05 16:14:37.020	-0.387939	-0.809082	0.394287	-19.836426	-0.610352	-0.976562
2024-02-05 16:14:37.029	-0.388916	-0.82373	0.383057	-17.700195	-3.417969	-1.953125
2024-02-05 16:14:37.040	-0.375	-0.837158	0.375488	-14.892577	-8.666992	-3.845215
2024-02-05 16:14:37.049	-0.357666	-0.854004	0.386719	-10.620116	-13.97705	-6.652832
2024-02-05 16:14:37.060	-0.363525	-0.878174	0.407471	-6.469726	-16.906738	-9.82666
2024-02-05 16:14:37.069	-0.373291	-0.902344	0.418701	-4.882813	-17.63916	-11.901855
2024-02-05 16:14:37.080	-0.381836	-0.911621	0.413818	-6.04248	-16.967773	-13.305663
2024-02-05 16:14:37.090	-0.394531	-0.909668	0.419434	-7.324218	-15.624999	-14.953612
2024-02-05 16:14:37.099	-0.396729	-0.907959	0.433838	-7.8125	-13.427733	-16.662598
2024-02-05 16:14:37.110	-0.399902	-0.906006	0.452393	-7.995605	-9.277344	-18.615723
2024-02-05 16:14:37.119	-0.419922	-0.901611	0.480713	-7.93457	-3.479004	-19.65332
2024-02-05 16:14:37.130	-0.434814	-0.896729	0.488525	-8.178711	2.929687	-19.226074
2024-02-05 16:14:37.139	-0.426025	-0.896484	0.461426	-9.277344	9.033203	-17.63916
2024-02-05 16:14:37.150	-0.405029	-0.89917	0.432373	-11.047362	13.549804	-16.601563
2024-02-05 16:14:37.159	-0.385742	-0.902588	0.40332	-12.573241	15.86914	-16.723633
2024-02-05 16:14:37.169	-0.374268	-0.906494	0.383545	-13.061522	16.784668	-18.188477
2024-02-05 16:14:37.180	-0.368408	-0.916504	0.376221	-12.390136	16.113281	-20.324705
2024-02-05 16:14:37.189	-0.375	-0.921143	0.371826	-11.291503	14.09912	-22.644041
2024-02-05 16:14:37.200	-0.36792	-0.928955	0.377197	-10.0708	11.840819	-24.841307
2024-02-05 16:14:37.209	-0.349609	-0.924805	0.382568	-8.117676	10.009766	-26.000975
2024-02-05 16:14:37.220	-0.330322	-0.920654	0.378418	-5.187988	9.094238	-25.817869
2024-02-05 16:14:37.229	-0.307129	-0.920166	0.371826	-3.173828	8.178711	-24.719236
2024-02-05 16:14:37.240	-0.294922	-0.924805	0.369141	-2.563476	5.981445	-23.559568
2024-02-05 16:14:37.250	-0.290039	-0.93042	0.368896	-3.784179	2.685547	-22.216795
2024-02-05 16:14:37.260	-0.293945	-0.929443	0.387939	-6.713867	-1.586914	-20.38574
2024-02-05 16:14:37.270	-0.302979	-0.915039	0.397705	-10.19287	-5.737304	-17.76123
2024-02-05 16:14:37.279	-0.312744	-0.900391	0.398682	-12.512206	-8.972168	-15.014647
2024-02-05 16:14:37.290	-0.319092	-0.887939	0.389648	-14.343261	-11.352538	-12.08496
2024-02-05 16:14:37.299	-0.319824	-0.884521	0.385254	-15.319823	-12.634276	-9.94873
2024-02-05 16:14:37.310	-0.322998	-0.891357	0.384033	-15.624999	-12.329101	-7.995605
2024-02-05 16:14:37.319	-0.324707	-0.903076	0.371826	-15.930175	-10.31494	-5.737304
2024-02-05 16:14:37.330	-0.336182	-0.911377	0.365723	-16.174316	-7.385253	-4.02832
2024-02-05 16:14:37.340	-0.351074	-0.916504	0.371094	-16.845703	-4.211426	-2.807617
2024-02-05 16:14:37.349	-0.361572	-0.924561	0.362549	-17.333984	-0.427246	-2.319336
2024-02-05 16:14:37.360	-0.368408	-0.925781	0.343262	-17.150879	3.173828	-2.685547
2024-02-05 16:14:37.369	-0.368408	-0.92041	0.316895	-15.441894	6.225585	-4.02832
2024-02-05 16:14:37.380	-0.371826	-0.913574	0.306641	-12.878417	9.277344	-5.981445
2024-02-05 16:14:37.389	-0.376221	-0.911377	0.316895	-10.742187	12.145995	-7.629394
2024-02-05 16:14:37.400	-0.378662	-0.907959	0.312988	-9.58252	15.441894	-9.521484
2024-02-05 16:14:37.409	-0.36792	-0.913086	0.30835	-8.544922	17.700195	-12.756347
2024-02-05 16:14:37.419	-0.356201	-0.916992	0.330078	-7.019042	18.920898	-16.235352
2024-02-05 16:14:37.430	-0.343506	-0.918945	0.355469	-5.92041	20.629881	-18.493652
2024-02-05 16:14:37.439	-0.328125	-0.908691	0.36792	-5.432128	22.460936	-19.104004
2024-02-05 16:14:37.450	-0.314453	-0.898193	0.361084	-4.882813	23.071287	-18.615723
2024-02-05 16:14:37.459	-0.304688	-0.897949	0.367432	-4.455566	21.850584	-18.005371
2024-02-05 16:14:37.470	-0.294189	-0.90625	0.385498	-4.577637	19.592285	-16.540527
2024-02-05 16:14:37.479	-0.28833	-0.915771	0.379395	-5.615234	17.028809	-14.404296
2024-02-05 16:14:37.490	-0.283203	-0.929932	0.372314	-6.347656	13.85498	-12.695312
2024-02-05 16:14:37.500	-0.279053	-0.94751	0.370117	-6.591796	9.70459	-11.352538
2024-02-05 16:14:37.510	-0.280762	-0.966797	0.358398	-6.652832	5.981445	-9.521484
2024-02-05 16:14:37.520	-0.295166	-0.986084	0.346924	-6.530761	3.112793	-7.385253
2024-02-05 16:14:37.529	-0.317139	-1.001221	0.345947	-6.713867	-0.427246	-5.737304
2024-02-05 16:14:37.540	-0.32251	-1.006836	0.3479	-7.263183	-3.540039	-3.967285
2024-02-05 16:14:37.549	-0.318848	-1.001221	0.344238	-7.385253	-4.333496	-1.89209
2024-02-05 16:14:37.560	-0.317627	-0.995605	0.348877	-6.591796	-3.967285	0.671387
2024-02-05 16:14:37.569	-0.319336	-0.996582	0.352295	-7.751464	-4.394531	2.197266
2024-02-05 16:14:37.580	-0.314941	-0.996338	0.355713	-10.498046	-6.16455	2.380371
2024-02-05 16:14:37.590	-0.306641	-0.984619	0.364258	-12.695312	-8.178711	3.051758
2024-02-05 16:14:37.599	-0.299561	-0.960938	0.37207	-14.22119	-9.521484	4.882813
2024-02-05 16:14:37.610	-0.28833	-0.94043	0.378906	-15.014647	-11.840819	8.178711
2024-02-05 16:14:37.619	-0.273682	-0.927246	0.38501	-13.916015	-16.662598	12.695312
2024-02-05 16:14:37.630	-0.266113	-0.915283	0.391602	-9.521484	-23.132322	17.211914
2024-02-05 16:14:37.639	-0.270264	-0.920898	0.426025	-3.540039	-28.747557	21.057127
2024-02-05 16:14:37.650	-0.296875	-0.941895	0.467773	1.464844	-33.935547	24.902342
2024-02-05 16:14:37.659	-0.322754	-0.963135	0.476318	5.126953	-39.306641	29.174803
2024-02-05 16:14:37.669	-0.345215	-0.977539	0.483154	8.666992	-44.006344	33.26416
2024-02-05 16:14:37.680	-0.363525	-0.995361	0.485352	11.96289	-48.400875	36.621094
2024-02-05 16:14:37.689	-0.369629	-1.010498	0.481445	14.526366	-52.36816	39.001465
2024-02-05 16:14:37.700	-0.370361	-1.017334	0.480225	16.540527	-54.870602	39.794922
2024-02-05 16:14:37.709	-0.363525	-1.025879	0.484863	18.371582	-56.335445	39.18457
2024-02-05 16:14:37.720	-0.343262	-1.022217	0.484619	20.507811	-57.678219	37.902832
2024-02-05 16:14:37.729	-0.328613	-0.995117	0.491211	23.620604	-58.532711	37.719727
2024-02-05 16:14:37.740	-0.319336	-0.965576	0.506348	28.320311	-59.509274	38.696289
2024-02-05 16:14:37.750	-0.320557	-0.944336	0.508057	33.081055	-59.997555	41.137691
2024-02-05 16:14:37.759	-0.336426	-0.914795	0.501953	36.560059	-60.424801	45.471188
2024-02-05 16:14:37.770	-0.359131	-0.891602	0.491455	39.611816	-60.852047	50.720211
2024-02-05 16:14:37.779	-0.387207	-0.879639	0.502197	41.259762	-60.668941	55.603024
2024-02-05 16:14:37.790	-0.411133	-0.876709	0.5	41.931149	-60.607906	58.1665
2024-02-05 16:14:37.799	-0.422363	-0.887939	0.493408	43.151852	-59.692379	58.654781
2024-02-05 16:14:37.810	-0.429443	-0.890137	0.490723	43.945309	-56.27441	58.349606
2024-02-05 16:14:37.819	-0.44043	-0.882324	0.493652	44.372555	-50.903316	56.823727
2024-02-05 16:14:37.830	-0.445313	-0.861816	0.498535	44.677731	-45.532223	53.955074
2024-02-05 16:14:37.840	-0.442139	-0.843018	0.499268	45.166012	-40.52734	49.926754
2024-02-05 16:14:37.849	-0.434326	-0.833252	0.490723	45.715328	-35.827637	45.471188
2024-02-05 16:14:37.860	-0.424316	-0.833008	0.483643	45.471188	-31.372068	41.198727
2024-02-05 16:14:37.869	-0.419678	-0.829102	0.481689	44.43359	-25.573729	38.146973
2024-02-05 16:14:37.880	-0.418945	-0.816895	0.4729	41.564938	-19.226074	36.682129
2024-02-05 16:14:37.889	-0.404541	-0.802734	0.459961	37.475586	-14.22119	36.621094
2024-02-05 16:14:37.900	-0.384277	-0.798096	0.450928	33.569336	-10.803222	37.414551
2024-02-05 16:14:37.909	-0.371582	-0.793945	0.444092	30.944822	-8.483887	38.574219
2024-02-05 16:14:37.919	-0.374023	-0.789551	0.449707	28.747557	-7.385253	39.245605
2024-02-05 16:14:37.930	-0.38208	-0.789795	0.449219	26.18408	-7.751464	38.94043
2024-02-05 16:14:37.939	-0.387207	-0.794922	0.44458	23.803709	-8.544922	38.146973
2024-02-05 16:14:37.950	-0.394043	-0.796143	0.441406	21.484373	-8.789063	37.780762
2024-02-05 16:14:37.959	-0.405029	-0.799805	0.438232	19.775391	-8.117676	38.818359
2024-02-05 16:14:37.970	-0.418945	-0.799316	0.44043	17.456055	-7.019042	41.320797
2024-02-05 16:14:37.979	-0.424561	-0.786865	0.439209	13.427733	-5.493164	43.762203
2024-02-05 16:14:37.990	-0.417725	-0.765869	0.43335	10.19287	-3.845215	45.166012
2024-02-05 16:14:38.000	-0.410645	-0.741699	0.436035	9.460449	-2.258301	45.898434
2024-02-05 16:14:38.010	-0.412842	-0.717773	0.447998	9.338379	-1.342773	45.715328
2024-02-05 16:14:38.020	-0.417236	-0.701416	0.44873	9.643555	-1.953125	44.55566
2024-02-05 16:14:38.029	-0.421631	-0.693604	0.453613	10.559081	-4.455566	43.334957
2024-02-05 16:14:38.040	-0.424072	-0.695313	0.463379	11.108397	-7.507324	42.480465
2024-02-05 16:14:38.049	-0.428223	-0.702637	0.476074	11.535644	-9.277344	42.297359
2024-02-05 16:14:38.060	-0.441162	-0.705566	0.488281	10.803222	-10.131835	42.480465
2024-02-05 16:14:38.069	-0.451416	-0.704102	0.498291	8.483887	-10.498046	42.846676
2024-02-05 16:14:38.080	-0.457275	-0.703369	0.505371	6.469726	-10.0708	43.090816
2024-02-05 16:14:38.090	-0.466553	-0.708252	0.508545	4.638672	-10.19287	43.212887
2024-02-05 16:14:38.099	-0.473145	-0.711914	0.520752	3.417969	-10.986327	43.518063
2024-02-05 16:14:38.110	-0.484131	-0.719727	0.532227	2.990722	-11.596679	43.823238
2024-02-05 16:14:38.119	-0.498291	-0.730957	0.541992	1.708984	-11.96289	43.518063
2024-02-05 16:14:38.130	-0.512207	-0.737793	0.542236	-2.01416	-11.535644	41.687008
2024-02-05 16:14:38.139	-0.522949	-0.737549	0.527832	-7.141113	-9.521484	38.696289
2024-02-05 16:14:38.150	-0.534912	-0.728516	0.517334	-12.268065	-6.896972	35.15625
2024-02-05 16:14:38.159	-0.537598	-0.718506	0.519531	-16.235352	-5.310058	31.005857
2024-02-05 16:14:38.169	-0.529297	-0.714355	0.526611	-19.348145	-6.530761	26.000975
2024-02-05 16:14:38.180	-0.504883	-0.714111	0.526367	-20.935057	-8.728027	20.324705
2024-02-05 16:14:38.189	-0.487061	-0.714111	0.531738	-21.240232	-10.009766	14.953612
2024-02-05 16:14:38.200	-0.471436	-0.719971	0.538818	-21.484373	-11.535644	10.19287
2024-02-05 16:14:38.209	-0.456543	-0.724609	0.555664	-22.583006	-13.610839	5.859375
2024-02-05 16:14:38.220	-0.436279	-0.729492	0.572266	-23.803709	-15.808105	1.464844
2024-02-05 16:14:38.229	-0.423584	-0.728271	0.573486	-24.658201	-18.310547	-2.380371
2024-02-05 16:14:38.240	-0.416992	-0.72998	0.562256	-25.695799	-21.301268	-5.126953
2024-02-05 16:14:38.250	-0.409668	-0.734375	0.556152	-26.611326	-25.146482	-6.774902
2024-02-05 16:14:38.259	-0.412598	-0.73584	0.559326	-27.893064	-29.235838	-7.690429
2024-02-05 16:14:38.270	-0.419922	-0.737793	0.568604	-29.418943	-33.691406	-8.422852
2024-02-05 16:14:38.279	-0.428955	-0.745361	0.57666	-30.761717	-37.353516	-9.094238
2024-02-05 16:14:38.290	-0.429688	-0.751953	0.579834	-31.98242	-39.489746	-9.460449
2024-02-05 16:14:38.299	-0.429199	-0.75415	0.581787	-31.738279	-39.550781	-9.643555
2024-02-05 16:14:38.310	-0.428223	-0.76123	0.569824	-29.846189	-37.414551	-9.216309
2024-02-05 16:14:38.319	-0.427002	-0.77124	0.561279	-26.611326	-35.461426	-8.178711
2024-02-05 16:14:38.330	-0.441895	-0.77832	0.574463	-23.071287	-34.545898	-7.263183
2024-02-05 16:14:38.340	-0.469238	-0.781982	0.593018	-21.545408	-34.118652	-6.774902
2024-02-05 16:14:38.349	-0.484619	-0.782959	0.616699	-21.606443	-34.973145	-6.408691
2024-02-05 16:14:38.360	-0.497559	-0.7771	0.637939	-21.240232	-35.03418	-6.469726
2024-02-05 16:14:38.369	-0.503662	-0.773438	0.64502	-18.920898	-32.287598	-6.835937
2024-02-05 16:14:38.380	-0.507568	-0.782959	0.648682	-15.441894	-28.320311	-7.263183
2024-02-05 16:14:38.389	-0.506348	-0.797363	0.645752	-12.390136	-23.803709	-7.446289
2024-02-05 16:14:38.400	-0.497559	-0.8125	0.638184	-10.131835	-20.1416	-6.16455
2024-02-05 16:14:38.409	-0.486084	-0.81665	0.647217	-9.338379	-16.662598	-3.112793
2024-02-05 16:14:38.419	-0.488037	-0.805176	0.656982	-9.033203	-11.96289	0.915527
2024-02-05 16:14:38.430	-0.50415	-0.790039	0.653564	-7.629394	-6.896972	3.723144
2024-02-05 16:14:38.439	-0.534668	-0.774414	0.646973	-5.493164	-3.295898	3.845215
2024-02-05 16:14:38.450	-0.559326	-0.763428	0.637451	-3.417969	-1.586914	0.061035
2024-02-05 16:14:38.459	-0.561523	-0.748047	0.625	-1.159668	-1.098633	-5.92041
2024-02-05 16:14:38.470	-0.541992	-0.721436	0.601563	1.098633	0.244141	-11.474608
2024-02-05 16:14:38.479	-0.51709	-0.692871	0.568359	2.380371	1.89209	-15.197753
2024-02-05 16:14:38.489	-0.48291	-0.672607	0.526367	2.990722	3.417969	-17.089844
2024-02-05 16:14:38.499	-0.445557	-0.669922	0.491211	3.112793	4.760742	-16.723633
2024-02-05 16:14:38.509	-0.422363	-0.681152	0.472412	2.319336	5.249023	-14.160155
2024-02-05 16:14:38.519	-0.40332	-0.695557	0.474365	1.953125	4.638672	-9.82666
2024-02-05 16:14:38.528	-0.37793	-0.707275	0.487793	3.295898	3.967285	-3.90625
2024-02-05 16:14:38.538	-0.355225	-0.713623	0.497559	6.469726	4.272461	2.746582
2024-02-05 16:14:38.548	-0.347656	-0.724365	0.505859	10.19287	5.004883	8.544922
2024-02-05 16:14:38.557	-0.347168	-0.748535	0.513184	12.817382	4.699707	12.573241
2024-02-05 16:14:38.567	-0.348877	-0.769287	0.508301	13.366698	2.746582	14.892577
2024-02-05 16:14:38.577	-0.361572	-0.783203	0.507813	11.96289	-1.342773	15.86914
2024-02-05 16:14:38.587	-0.378418	-0.790527	0.517822	9.521484	-6.408691	16.540527
2024-02-05 16:14:38.597	-0.401367	-0.794434	0.532715	6.958007	-10.559081	16.784668
2024-02-05 16:14:38.606	-0.427979	-0.791016	0.535645	4.577637	-13.488769	16.357422
2024-02-05 16:14:38.616	-0.457764	-0.78125	0.531982	2.502441	-14.770507	14.404296
2024-02-05 16:14:38.626	-0.493164	-0.770996	0.520508	0.976562	-14.953612	10.437011
2024-02-05 16:14:38.636	-0.525879	-0.760498	0.505127	-0.305176	-14.22119	3.967285
2024-02-05 16:14:38.645	-0.555908	-0.752686	0.503418	-1.647949	-12.451171	-4.394531
2024-02-05 16:14:38.655	-0.573975	-0.743164	0.513428	-3.845215	-10.498046	-13.488769
2024-02-05 16:14:38.665	-0.549316	-0.734619	0.509277	-6.774902	-7.690429	-22.460936
2024-02-05 16:14:38.674	-0.507568	-0.719727	0.502197	-9.094238	-0.793457	-29.113768
2024-02-05 16:14:38.684	-0.469482	-0.695313	0.492188	-10.375976	9.94873	-31.494139
2024-02-05 16:14:38.694	-0.43335	-0.67041	0.484131	-9.155273	20.26367	-30.517576
2024-02-05 16:14:38.704	-0.409424	-0.662109	0.489258	-5.737304	28.625486	-27.770994
2024-02-05 16:14:38.714	-0.398193	-0.669678	0.501465	-2.258301	33.935547	-24.658201
2024-02-05 16:14:38.723	-0.381836	-0.694092	0.498291	0.549316	35.400391	-22.644041
2024-02-05 16:14:38.733	-0.361084	-0.73291	0.491943	2.929687	33.630371	-22.644041
2024-02-05 16:14:38.743	-0.342041	-0.78125	0.504395	5.187988	29.663084	-24.719236
2024-02-05 16:14:38.752	-0.342041	-0.820068	0.544189	6.103515	26.550291	-27.160643
