2024-02-07 01:13:58.270	-0.325684	0.483154	0.999268	-76.599121	6.774902	-66.467285
2024-02-07 01:13:58.279	-0.352295	0.478027	1.009521	-76.477051	13.916015	-66.650391
2024-02-07 01:13:58.290	-0.359863	0.457764	1.008057	-76.11084	20.568846	-68.115234
2024-02-07 01:13:58.299	-0.359375	0.428223	1.024658	-77.209473	24.475096	-70.251465
2024-02-07 01:13:58.310	-0.358887	0.403809	1.03418	-79.89502	25.451658	-72.32666
2024-02-07 01:13:58.319	-0.356201	0.381348	1.04248	-81.970207	24.658201	-74.707031
2024-02-07 01:13:58.330	-0.363281	0.35083	1.058594	-84.350578	22.766111	-78.00293
2024-02-07 01:13:58.340	-0.372559	0.327881	1.060791	-87.585442	20.996092	-82.031242
2024-02-07 01:13:58.349	-0.369873	0.303955	1.076416	-89.904778	19.958496	-86.914055
2024-02-07 01:13:58.360	-0.378906	0.264404	1.08667	-92.590324	19.348145	-92.285149
2024-02-07 01:13:58.369	-0.411621	0.240234	1.039063	-96.496574	18.249512	-98.083488
2024-02-07 01:13:58.380	-0.419434	0.251221	0.961914	-98.266594	13.305663	-105.590813
2024-02-07 01:13:58.389	-0.378662	0.239746	0.969238	-96.069328	7.385253	-116.45507
2024-02-07 01:13:58.400	-0.351807	0.183838	0.902588	-92.346184	5.92041	-126.647942
2024-02-07 01:13:58.409	-0.358887	0.111572	0.79834	-85.998528	0.671387	-132.019043
2024-02-07 01:13:58.419	-0.372559	0.052002	0.777588	-82.824699	-8.605957	-135.192871
2024-02-07 01:13:58.430	-0.399902	-0.008545	0.812988	-83.19091	-17.822266	-136.474609
2024-02-07 01:13:58.439	-0.401123	-0.078369	0.900391	-84.472649	-22.766111	-133.789063
2024-02-07 01:13:58.450	-0.381104	-0.139404	0.94043	-88.74511	-19.53125	-124.938957
2024-02-07 01:13:58.459	-0.363525	-0.165771	0.931396	-95.642082	-9.338379	-109.863274
2024-02-07 01:13:58.470	-0.359131	-0.163818	0.933105	-101.440422	2.502441	-93.200676
2024-02-07 01:13:58.479	-0.371826	-0.158447	0.936523	-103.210442	11.230468	-79.711914
2024-02-07 01:13:58.490	-0.418945	-0.136719	0.920654	-102.47802	14.587401	-71.289063
2024-02-07 01:13:58.500	-0.488525	-0.098877	0.875732	-97.595207	11.901855	-68.54248
2024-02-07 01:13:58.509	-0.547852	-0.074463	0.834961	-87.280266	7.263183	-70.3125
2024-02-07 01:13:58.520	-0.581299	-0.083008	0.838135	-73.303223	4.577637	-74.09668
2024-02-07 01:13:58.529	-0.584717	-0.112061	0.834229	-59.93652	6.103515	-76.23291
2024-02-07 01:13:58.540	-0.563721	-0.110596	0.789795	-48.767086	10.009766	-75.195313
2024-02-07 01:13:58.549	-0.530029	-0.097168	0.756592	-36.743164	13.244628	-71.716309
2024-02-07 01:13:58.560	-0.482422	-0.132813	0.768066	-24.841307	16.540527	-66.345215
2024-02-07 01:13:58.569	-0.442871	-0.185059	0.772217	-20.080564	20.690916	-58.04443
2024-02-07 01:13:58.580	-0.425537	-0.226563	0.758789	-21.240232	24.04785	-47.668453
2024-02-07 01:13:58.590	-0.423096	-0.264648	0.770752	-23.315428	25.634764	-36.987305
2024-02-07 01:13:58.599	-0.443604	-0.28125	0.779053	-27.404783	23.864744	-26.611326
2024-02-07 01:13:58.610	-0.455322	-0.258057	0.744141	-33.14209	18.310547	-17.578125
2024-02-07 01:13:58.619	-0.443115	-0.241455	0.701172	-36.865234	13.427733	-11.96289
2024-02-07 01:13:58.630	-0.425049	-0.251221	0.696289	-38.94043	11.474608	-8.789063
2024-02-07 01:13:58.639	-0.438965	-0.26416	0.698486	-42.297359	12.20703	-5.859375
2024-02-07 01:13:58.650	-0.475098	-0.271484	0.703369	-46.386715	13.183593	-3.90625
2024-02-07 01:13:58.659	-0.52417	-0.277344	0.698242	-50.781246	12.878417	-2.502441
2024-02-07 01:13:58.669	-0.575439	-0.279297	0.671631	-56.823727	9.399414	-2.13623
2024-02-07 01:13:58.680	-0.601318	-0.273926	0.644531	-61.767574	1.708984	-4.02832
2024-02-07 01:13:58.689	-0.593506	-0.268066	0.622803	-64.39209	-6.835937	-7.8125
2024-02-07 01:13:58.700	-0.558105	-0.264648	0.606201	-65.368652	-12.145995	-12.08496
2024-02-07 01:13:58.709	-0.525146	-0.27124	0.602295	-65.490723	-12.512206	-15.258788
2024-02-07 01:13:58.720	-0.503906	-0.28833	0.599121	-65.734863	-9.338379	-16.113281
2024-02-07 01:13:58.729	-0.483643	-0.317871	0.598145	-65.063477	-5.493164	-14.526366
2024-02-07 01:13:58.740	-0.467285	-0.356934	0.612549	-64.27002	-2.502441	-10.620116
2024-02-07 01:13:58.750	-0.45459	-0.405273	0.637207	-64.819336	0.732422	-5.371093
2024-02-07 01:13:58.759	-0.454834	-0.457275	0.670166	-66.040039	3.967285	-0.244141
2024-02-07 01:13:58.770	-0.455566	-0.504883	0.705078	-68.969727	5.92041	3.356933
2024-02-07 01:13:58.779	-0.453857	-0.545898	0.733154	-75.134277	7.324218	4.333496
2024-02-07 01:13:58.790	-0.461426	-0.570068	0.755859	-83.740227	9.277344	2.990722
2024-02-07 01:13:58.799	-0.481445	-0.584229	0.769775	-92.407219	11.718749	0.244141
2024-02-07 01:13:58.810	-0.487061	-0.601074	0.79541	-99.121086	14.282226	-2.990722
2024-02-07 01:13:58.819	-0.474121	-0.610596	0.806641	-106.62841	18.493652	-5.737304
2024-02-07 01:13:58.830	-0.463135	-0.595459	0.766846	-113.708488	23.681639	-8.178711
2024-02-07 01:13:58.840	-0.460693	-0.575684	0.717529	-115.783684	26.30615	-10.559081
2024-02-07 01:13:58.849	-0.453369	-0.58252	0.715088	-113.098137	24.414061	-12.08496
2024-02-07 01:13:58.860	-0.442383	-0.615234	0.745605	-109.680168	20.202635	-11.840819
2024-02-07 01:13:58.869	-0.440674	-0.6521	0.762695	-109.008781	15.686034	-9.765625
2024-02-07 01:13:58.880	-0.454346	-0.677002	0.752197	-110.29052	9.643555	-6.958007
2024-02-07 01:13:58.889	-0.467529	-0.693848	0.731934	-111.511223	1.647949	-4.821777
2024-02-07 01:13:58.900	-0.475586	-0.697021	0.712158	-112.915031	-7.446289	-2.990722
2024-02-07 01:13:58.909	-0.484131	-0.6875	0.692383	-113.098137	-16.906738	-1.586914
2024-02-07 01:13:58.919	-0.489014	-0.685059	0.691406	-110.351555	-25.634764	-0.915527
2024-02-07 01:13:58.930	-0.498779	-0.697754	0.708008	-105.407707	-31.616209	-0.671387
2024-02-07 01:13:58.939	-0.510986	-0.718506	0.727295	-101.684563	-35.27832	-1.098633
2024-02-07 01:13:58.950	-0.522461	-0.728271	0.724609	-101.379387	-36.254883	-1.403808
2024-02-07 01:13:58.959	-0.531006	-0.717285	0.708008	-100.769035	-35.27832	-2.075195
2024-02-07 01:13:58.970	-0.525635	-0.705566	0.705566	-97.351067	-33.447266	-3.601074
2024-02-07 01:13:58.979	-0.51709	-0.703613	0.708496	-92.163078	-30.456541	-5.859375
2024-02-07 01:13:58.990	-0.510986	-0.712646	0.702881	-86.120598	-26.489256	-8.483887
2024-02-07 01:13:59.000	-0.49585	-0.723389	0.686768	-80.01709	-22.583006	-10.864257
2024-02-07 01:13:59.010	-0.47168	-0.733887	0.672607	-74.645996	-19.897461	-12.268065
2024-02-07 01:13:59.020	-0.443115	-0.739014	0.659912	-69.580078	-18.432617	-12.268065
2024-02-07 01:13:59.029	-0.425781	-0.736328	0.635498	-64.453125	-17.63916	-10.864257
2024-02-07 01:13:59.040	-0.415527	-0.739014	0.617188	-57.617184	-18.798828	-8.789063
2024-02-07 01:13:59.049	-0.399902	-0.753662	0.626953	-49.377438	-22.3999	-6.469726
2024-02-07 01:13:59.060	-0.388916	-0.77002	0.64502	-42.114254	-27.160643	-3.784179
2024-02-07 01:13:59.069	-0.391113	-0.781006	0.665527	-36.376953	-31.555174	-0.061035
2024-02-07 01:13:59.079	-0.405518	-0.796143	0.658691	-31.98242	-33.508301	4.333496
2024-02-07 01:13:59.089	-0.418213	-0.795166	0.642822	-28.381346	-34.179688	8.422852
2024-02-07 01:13:59.099	-0.423584	-0.766602	0.634766	-24.597166	-35.095215	11.413573
2024-02-07 01:13:59.109	-0.420654	-0.740234	0.615479	-21.606443	-35.095215	13.488769
2024-02-07 01:13:59.118	-0.414551	-0.723389	0.585205	-18.920898	-33.874512	14.648437
2024-02-07 01:13:59.128	-0.405273	-0.720947	0.574951	-14.343261	-31.98242	14.709472
2024-02-07 01:13:59.138	-0.39624	-0.730713	0.583496	-9.399414	-27.893064	14.160155
2024-02-07 01:13:59.147	-0.397705	-0.747559	0.59375	-5.554199	-20.874022	13.427733
2024-02-07 01:13:59.157	-0.407471	-0.76416	0.608643	-3.540039	-12.695312	12.939452
2024-02-07 01:13:59.167	-0.409424	-0.77124	0.619141	-3.540039	-4.455566	12.390136
2024-02-07 01:13:59.177	-0.416992	-0.768066	0.629639	-4.638672	3.479004	11.169433
2024-02-07 01:13:59.187	-0.422852	-0.766846	0.637207	-5.126953	10.009766	8.605957
2024-02-07 01:13:59.196	-0.420166	-0.766113	0.641357	-5.004883	15.136718	4.821777
2024-02-07 01:13:59.206	-0.42041	-0.766846	0.642822	-4.699707	18.371582	-0.366211
2024-02-07 01:13:59.216	-0.414551	-0.768311	0.638428	-4.02832	18.981934	-6.16455
2024-02-07 01:13:59.226	-0.404541	-0.77124	0.63916	-3.356933	17.211914	-11.596679
2024-02-07 01:13:59.235	-0.395264	-0.771484	0.633789	-3.479004	14.22119	-15.930175
2024-02-07 01:13:59.245	-0.381104	-0.769287	0.619141	-3.784179	10.437011	-18.737793
2024-02-07 01:13:59.255	-0.364746	-0.761475	0.606689	-4.211426	6.16455	-19.836426
2024-02-07 01:13:59.264	-0.343018	-0.751221	0.604248	-3.845215	2.075195	-19.042969
2024-02-07 01:13:59.274	-0.325684	-0.743896	0.613037	-3.967285	-0.976562	-16.479492
2024-02-07 01:13:59.284	-0.317627	-0.733887	0.625732	-5.737304	-3.112793	-13.000487
2024-02-07 01:13:59.294	-0.317383	-0.719238	0.631836	-9.216309	-5.249023	-9.70459
2024-02-07 01:13:59.304	-0.30542	-0.702393	0.624512	-13.488769	-8.789063	-7.263183
2024-02-07 01:13:59.313	-0.287109	-0.688232	0.595703	-17.51709	-12.756347	-4.821777
2024-02-07 01:13:59.323	-0.2771	-0.678467	0.561279	-18.798828	-15.99121	-1.708984
2024-02-07 01:13:59.333	-0.280762	-0.677979	0.533203	-16.296387	-16.723633	2.01416
2024-02-07 01:13:59.342	-0.306885	-0.686523	0.510498	-10.742187	-15.441894	5.432128
2024-02-07 01:13:59.352	-0.339355	-0.703125	0.504395	-4.02832	-14.343261	6.774902
2024-02-07 01:13:59.362	-0.362061	-0.726807	0.519531	1.953125	-13.97705	5.371093
2024-02-07 01:13:59.372	-0.364014	-0.746826	0.532959	6.16455	-13.793944	1.770019
2024-02-07 01:13:59.381	-0.346436	-0.763184	0.53833	9.338379	-13.122558	-1.708984
2024-02-07 01:13:59.391	-0.339111	-0.791992	0.543457	12.817382	-10.925292	-3.540039
2024-02-07 01:13:59.401	-0.36084	-0.833008	0.552979	17.272949	-7.873535	-3.356933
2024-02-07 01:13:59.411	-0.397705	-0.888184	0.566895	20.812986	-5.187988	-1.953125
2024-02-07 01:13:59.421	-0.428711	-0.948242	0.574707	21.240232	-3.967285	-0.12207
2024-02-07 01:13:59.430	-0.442383	-0.991699	0.577637	18.859863	-4.455566	1.098633
2024-02-07 01:13:59.440	-0.439941	-1.015137	0.58374	15.747069	-5.981445	0.732422
2024-02-07 01:13:59.450	-0.435303	-1.029541	0.594971	12.512206	-8.056641	-1.281738
2024-02-07 01:13:59.459	-0.44043	-1.032715	0.599121	7.568359	-9.70459	-4.760742
2024-02-07 01:13:59.470	-0.438477	-1.012207	0.587402	0.366211	-10.498046	-9.338379
2024-02-07 01:13:59.479	-0.430664	-0.966309	0.564697	-8.422852	-9.82666	-13.366698
2024-02-07 01:13:59.490	-0.419189	-0.892822	0.5354	-15.99121	-8.056641	-16.723633
2024-02-07 01:13:59.500	-0.395508	-0.807617	0.513672	-19.287109	-6.408691	-20.080564
2024-02-07 01:13:59.509	-0.369141	-0.736816	0.504639	-17.944336	-5.615234	-23.132322
2024-02-07 01:13:59.520	-0.336182	-0.686768	0.507324	-15.747069	-5.676269	-23.681639
2024-02-07 01:13:59.529	-0.304688	-0.649414	0.496094	-14.587401	-4.821777	-20.202635
2024-02-07 01:13:59.540	-0.302246	-0.623535	0.485352	-12.878417	-1.953125	-13.427733
2024-02-07 01:13:59.549	-0.318359	-0.595703	0.477051	-10.375976	0.183105	-4.333496
2024-02-07 01:13:59.560	-0.341797	-0.582031	0.477783	-6.347656	1.037598	5.859375
2024-02-07 01:13:59.569	-0.363281	-0.607178	0.481689	-0.305176	2.685547	15.808105
2024-02-07 01:13:59.580	-0.385986	-0.682861	0.49292	7.690429	5.981445	24.353025
2024-02-07 01:13:59.590	-0.416992	-0.8125	0.518799	16.113281	11.169433	30.029295
2024-02-07 01:13:59.599	-0.463867	-0.952881	0.560547	21.667479	19.40918	32.592773
2024-02-07 01:13:59.610	-0.513184	-1.05249	0.606201	21.057127	30.395506	31.249998
2024-02-07 01:13:59.619	-0.544189	-1.086914	0.643311	14.892577	41.870113	24.902342
2024-02-07 01:13:59.630	-0.53833	-1.055908	0.654297	5.676269	51.208492	13.97705
2024-02-07 01:13:59.639	-0.491211	-0.9646	0.656006	-4.02832	56.579586	2.075195
2024-02-07 01:13:59.650	-0.432861	-0.859619	0.638916	-11.96289	59.326168	-6.530761
2024-02-07 01:13:59.659	-0.383301	-0.77002	0.623535	-15.380858	58.898922	-10.0708
2024-02-07 01:13:59.669	-0.345459	-0.724121	0.619629	-14.09912	54.26025	-9.70459
2024-02-07 01:13:59.680	-0.323242	-0.71167	0.61499	-10.375976	46.203609	-7.568359
2024-02-07 01:13:59.689	-0.309326	-0.707764	0.599121	-7.629394	35.766602	-5.004883
2024-02-07 01:13:59.700	-0.310547	-0.70166	0.576416	-5.004883	25.085447	-2.380371
2024-02-07 01:13:59.709	-0.329346	-0.716797	0.569824	-0.854492	15.808105	0.061035
2024-02-07 01:13:59.720	-0.359131	-0.748291	0.580078	2.563476	9.277344	1.953125
2024-02-07 01:13:59.729	-0.388184	-0.779053	0.580566	3.601074	5.676269	3.234863
2024-02-07 01:13:59.740	-0.412109	-0.805908	0.569336	4.150391	4.272461	3.845215
2024-02-07 01:13:59.750	-0.427002	-0.829102	0.553711	5.126953	3.601074	3.601074
2024-02-07 01:13:59.760	-0.435791	-0.851563	0.548096	5.371093	3.051758	2.441406
2024-02-07 01:13:59.770	-0.440674	-0.868164	0.550049	4.211426	2.746582	0.427246
2024-02-07 01:13:59.779	-0.444824	-0.870361	0.548584	2.319336	2.258301	-2.380371
2024-02-07 01:13:59.790	-0.44873	-0.864014	0.552246	0.915527	1.403808	-6.103515
2024-02-07 01:13:59.799	-0.444092	-0.852295	0.553223	-0.12207	0.305176	-10.498046
2024-02-07 01:13:59.810	-0.432617	-0.829102	0.546143	-0.915527	-0.305176	-14.831542
2024-02-07 01:13:59.819	-0.421875	-0.816895	0.530029	-0.976562	-0.12207	-18.554688
2024-02-07 01:13:59.830	-0.412354	-0.810059	0.516846	-0.854492	0.549316	-21.667479
2024-02-07 01:13:59.840	-0.403564	-0.80249	0.509521	-1.098633	0.976562	-23.925779
2024-02-07 01:13:59.849	-0.397705	-0.795166	0.51416	-1.89209	0.732422	-25.268553
2024-02-07 01:13:59.860	-0.390869	-0.791748	0.529297	-2.868652	-0.12207	-26.000975
2024-02-07 01:13:59.869	-0.378418	-0.786865	0.532715	-4.02832	-1.708984	-26.733397
2024-02-07 01:13:59.880	-0.369873	-0.781494	0.525879	-5.065917	-3.479004	-27.221678
2024-02-07 01:13:59.889	-0.361816	-0.780273	0.535889	-5.065917	-5.249023	-27.282713
2024-02-07 01:13:59.900	-0.35083	-0.781738	0.549805	-4.02832	-6.713867	-26.794432
2024-02-07 01:13:59.909	-0.343018	-0.797119	0.561279	-2.441406	-6.896972	-25.085447
2024-02-07 01:13:59.919	-0.3396	-0.822754	0.564453	-1.586914	-5.249023	-22.033689
2024-02-07 01:13:59.930	-0.339844	-0.848389	0.55957	-2.258301	-2.441406	-18.676758
2024-02-07 01:13:59.939	-0.337402	-0.861572	0.541016	-4.699707	0.610352	-16.113281
2024-02-07 01:13:59.950	-0.339844	-0.851807	0.523438	-6.774902	2.502441	-14.770507
2024-02-07 01:13:59.959	-0.339355	-0.834717	0.515381	-7.263183	2.990722	-13.97705
2024-02-07 01:13:59.970	-0.338379	-0.827881	0.512695	-7.141113	2.197266	-13.305663
2024-02-07 01:13:59.979	-0.346191	-0.81958	0.506348	-7.019042	0.915527	-12.390136
2024-02-07 01:13:59.990	-0.361084	-0.810303	0.495361	-6.286621	-0.854492	-11.596679
2024-02-07 01:14:00.000	-0.383057	-0.808594	0.496582	-5.187988	-3.173828	-11.108397
2024-02-07 01:14:00.010	-0.407959	-0.811523	0.504883	-4.455566	-5.798339	-11.047362
2024-02-07 01:14:00.020	-0.423828	-0.810059	0.501953	-4.882813	-7.873535	-10.925292
2024-02-07 01:14:00.030	-0.434814	-0.797363	0.50415	-5.065917	-8.789063	-10.925292
2024-02-07 01:14:00.040	-0.438477	-0.794678	0.507324	-2.13623	-8.178711	-12.573241
2024-02-07 01:14:00.050	-0.450684	-0.811523	0.511963	3.601074	-6.469726	-15.686034
2024-02-07 01:14:00.060	-0.455811	-0.835938	0.535156	8.117676	-4.211426	-19.470215
2024-02-07 01:14:00.070	-0.455566	-0.86377	0.554932	9.399414	-1.708984	-23.803709
2024-02-07 01:14:00.080	-0.457764	-0.886963	0.533691	7.751464	1.647949	-27.587889
2024-02-07 01:14:00.090	-0.439697	-0.879395	0.508545	4.882813	6.408691	-30.578611
2024-02-07 01:14:00.100	-0.401855	-0.853271	0.508545	4.516602	11.291503	-33.813477
2024-02-07 01:14:00.110	-0.369385	-0.830566	0.52002	7.263183	16.418457	-37.414551
2024-02-07 01:14:00.120	-0.341309	-0.817139	0.534668	11.108397	22.644041	-41.076656
2024-02-07 01:14:00.130	-0.31958	-0.819824	0.549561	14.892577	29.96826	-44.43359
2024-02-07 01:14:00.140	-0.294922	-0.839355	0.562988	17.028809	37.719727	-47.241207
2024-02-07 01:14:00.150	-0.270996	-0.86084	0.570068	16.296387	44.494625	-48.522945
2024-02-07 01:14:00.160	-0.253662	-0.870117	0.569336	13.244628	49.377438	-48.33984
2024-02-07 01:14:00.170	-0.241699	-0.863281	0.550537	9.277344	52.062984	-46.508785
2024-02-07 01:14:00.180	-0.226074	-0.842529	0.529785	6.774902	52.062984	-43.518063
2024-02-07 01:14:00.190	-0.222412	-0.818115	0.522705	7.385253	48.889156	-40.40527
2024-02-07 01:14:00.200	-0.227051	-0.790527	0.516846	9.765625	43.273922	-38.391113
2024-02-07 01:14:00.210	-0.234131	-0.76709	0.518066	13.549804	36.865234	-37.780762
2024-02-07 01:14:00.220	-0.243652	-0.760254	0.527588	18.615723	30.456541	-39.001465
2024-02-07 01:14:00.230	-0.253174	-0.771973	0.55249	23.193357	24.597166	-41.320797
2024-02-07 01:14:00.240	-0.269531	-0.79541	0.580078	25.695799	19.775391	-43.395992
2024-02-07 01:14:00.250	-0.278809	-0.808838	0.586182	26.855467	17.028809	-44.677731
2024-02-07 01:14:00.260	-0.271729	-0.81665	0.608643	28.869627	15.99121	-45.410152
2024-02-07 01:14:00.270	-0.262207	-0.827637	0.632568	31.494139	16.723633	-45.898434
2024-02-07 01:14:00.280	-0.262207	-0.844971	0.64502	33.02002	19.897461	-46.56982
2024-02-07 01:14:00.290	-0.257568	-0.858398	0.644043	31.616209	23.437498	-47.363277
2024-02-07 01:14:00.300	-0.244629	-0.865723	0.638672	28.320311	27.465818	-47.607418
2024-02-07 01:14:00.310	-0.237793	-0.86499	0.634521	24.902342	31.555174	-47.119137
2024-02-07 01:14:00.320	-0.233398	-0.864746	0.634521	22.094725	34.179688	-45.532223
2024-02-07 01:14:00.330	-0.233154	-0.866699	0.624512	19.592285	35.766602	-42.053219
2024-02-07 01:14:00.340	-0.242188	-0.869141	0.594971	17.333984	36.437988	-36.865234
2024-02-07 01:14:00.350	-0.255371	-0.866455	0.563232	16.174316	35.583496	-31.005857
2024-02-07 01:14:00.360	-0.26709	-0.860107	0.545898	15.563964	32.958984	-25.695799
2024-02-07 01:14:00.370	-0.277344	-0.853271	0.552979	14.709472	29.113768	-22.27783
2024-02-07 01:14:00.380	-0.290771	-0.853271	0.562744	14.282226	24.536131	-20.874022
2024-02-07 01:14:00.390	-0.308838	-0.857666	0.570557	13.122558	20.080564	-20.324705
2024-02-07 01:14:00.400	-0.322021	-0.858154	0.571045	11.291503	17.272949	-19.836426
2024-02-07 01:14:00.410	-0.330078	-0.857666	0.581055	9.887695	16.174316	-19.40918
2024-02-07 01:14:00.420	-0.332764	-0.856689	0.584229	8.605957	16.357422	-18.676758
2024-02-07 01:14:00.430	-0.324951	-0.845459	0.575684	7.141113	17.944336	-17.76123
2024-02-07 01:14:00.440	-0.303223	-0.841064	0.57251	7.263183	20.202635	-17.76123
2024-02-07 01:14:00.450	-0.29126	-0.849365	0.57373	7.568359	23.193357	-18.493652
2024-02-07 01:14:00.460	-0.284424	-0.854004	0.583984	6.16455	25.939939	-19.348145
2024-02-07 01:14:00.470	-0.270264	-0.84375	0.590088	3.90625	27.709959	-20.446775
2024-02-07 01:14:00.480	-0.25	-0.824951	0.597656	2.319336	27.893064	-21.545408
2024-02-07 01:14:00.490	-0.228516	-0.816895	0.604248	1.403808	26.733397	-22.033689
2024-02-07 01:14:00.500	-0.218262	-0.827881	0.582031	-0.183105	25.390623	-21.240232
2024-02-07 01:14:00.510	-0.23291	-0.838379	0.542725	-2.502441	23.193357	-19.40918
2024-02-07 01:14:00.520	-0.249023	-0.861084	0.535645	-3.662109	17.822266	-18.310547
2024-02-07 01:14:00.530	-0.265625	-0.887451	0.526123	-7.019042	10.559081	-17.028809
2024-02-07 01:14:00.540	-0.279053	-0.896973	0.494141	-12.512206	4.577637	-15.808105
2024-02-07 01:14:00.550	-0.283203	-0.897461	0.475342	-15.930175	-1.281738	-17.578125
2024-02-07 01:14:00.560	-0.294189	-0.877197	0.473633	-16.479492	-6.652832	-22.949217
2024-02-07 01:14:00.570	-0.310791	-0.848145	0.480225	-15.136718	-10.437011	-29.418943
2024-02-07 01:14:00.580	-0.322266	-0.822021	0.483643	-12.390136	-9.765625	-35.461426
2024-02-07 01:14:00.590	-0.32251	-0.804688	0.485352	-8.361816	-3.967285	-40.64941
2024-02-07 01:14:00.600	-0.313477	-0.793701	0.509033	-4.089355	6.225585	-45.104977
2024-02-07 01:14:00.610	-0.290771	-0.787842	0.528809	-0.610352	19.592285	-48.522945
2024-02-07 01:14:00.620	-0.26001	-0.797852	0.540771	2.13623	33.691406	-50.598141
2024-02-07 01:14:00.630	-0.221191	-0.817627	0.552979	3.662109	46.630856	-51.269527
2024-02-07 01:14:00.640	-0.180664	-0.839355	0.576172	3.417969	55.725094	-49.743649
2024-02-07 01:14:00.650	-0.150879	-0.854492	0.590332	1.770019	59.631344	-45.715328
2024-02-07 01:14:00.660	-0.13916	-0.866211	0.600586	-1.159668	58.28857	-39.306641
2024-02-07 01:14:00.670	-0.148682	-0.878418	0.59668	-4.699707	52.734371	-31.311033
2024-02-07 01:14:00.680	-0.162354	-0.899658	0.583496	-7.690429	45.104977	-23.376463
2024-02-07 01:14:00.690	-0.185303	-0.925049	0.57373	-10.681151	35.888672	-18.127441
2024-02-07 01:14:00.700	-0.220947	-0.931885	0.561279	-14.22119	26.123045	-16.357422
2024-02-07 01:14:00.710	-0.249756	-0.923584	0.549072	-16.601563	17.211914	-18.188477
2024-02-07 01:14:00.720	-0.253662	-0.898682	0.545898	-17.822266	8.972168	-22.644041
2024-02-07 01:14:00.730	-0.243164	-0.866455	0.539551	-18.005371	2.380371	-27.282713
2024-02-07 01:14:00.740	-0.236572	-0.846924	0.519531	-15.502929	-0.244141	-31.494139
2024-02-07 01:14:00.750	-0.233154	-0.847168	0.521484	-11.047362	0.427246	-34.790039
2024-02-07 01:14:00.760	-0.222656	-0.850586	0.537109	-7.751464	4.02832	-35.888672
2024-02-07 01:14:00.770	-0.203857	-0.849854	0.552979	-5.187988	10.253905	-35.583496
2024-02-07 01:14:00.780	-0.181885	-0.849365	0.563721	-1.281738	16.967773	-35.095215
2024-02-07 01:14:00.789	-0.156494	-0.851318	0.568604	2.563476	22.827147	-34.973145
2024-02-07 01:14:00.799	-0.14502	-0.85083	0.569336	4.821777	27.221678	-34.973145
2024-02-07 01:14:00.809	-0.151611	-0.846436	0.56958	5.432128	30.273436	-33.752441
2024-02-07 01:14:00.819	-0.177002	-0.838623	0.585693	5.310058	31.616209	-30.639647
2024-02-07 01:14:00.829	-0.203369	-0.836914	0.588867	5.371093	31.372068	-25.390623
2024-02-07 01:14:00.839	-0.223877	-0.830811	0.558838	4.638672	32.043457	-18.432617
2024-02-07 01:14:00.849	-0.238037	-0.824219	0.535156	6.591796	32.592773	-11.657714
2024-02-07 01:14:00.860	-0.249268	-0.833496	0.54541	12.268065	32.287598	-6.469726
2024-02-07 01:14:00.870	-0.245605	-0.860596	0.553467	17.578125	31.494139	-3.479004
2024-02-07 01:14:00.880	-0.229736	-0.893066	0.552246	20.996092	30.029295	-2.624511
2024-02-07 01:14:00.890	-0.214355	-0.919922	0.557617	23.864744	27.221678	-3.417969
2024-02-07 01:14:00.900	-0.205566	-0.93457	0.56665	26.550291	23.132322	-4.699707
2024-02-07 01:14:00.910	-0.199219	-0.943359	0.574951	27.9541	17.76123	-5.371093
2024-02-07 01:14:00.920	-0.193848	-0.945557	0.582275	27.832029	11.901855	-4.821777
2024-02-07 01:14:00.930	-0.198975	-0.951904	0.595703	26.672361	6.347656	-3.295898
2024-02-07 01:14:00.940	-0.211426	-0.954346	0.591064	23.864744	2.258301	-1.220703
2024-02-07 01:14:00.950	-0.235352	-0.947266	0.568604	20.629881	-0.671387	0.854492
2024-02-07 01:14:00.960	-0.249268	-0.931152	0.557617	18.371582	-3.295898	1.89209
2024-02-07 01:14:00.970	-0.25415	-0.913818	0.554688	16.418457	-5.554199	1.770019
2024-02-07 01:14:00.980	-0.253174	-0.898193	0.555908	13.549804	-6.591796	0.488281
2024-02-07 01:14:00.990	-0.248779	-0.881348	0.551514	9.887695	-5.798339	-1.525879
2024-02-07 01:14:01.000	-0.245605	-0.851563	0.547607	6.652832	-3.417969	-3.540039
2024-02-07 01:14:01.009	-0.233887	-0.816406	0.55542	5.371093	-0.488281	-4.516602
2024-02-07 01:14:01.019	-0.2146	-0.794189	0.559814	5.249023	2.929687	-3.662109
2024-02-07 01:14:01.029	-0.200439	-0.791504	0.549561	5.187988	6.591796	-0.976562
2024-02-07 01:14:01.039	-0.1875	-0.798828	0.536133	5.249023	9.155273	2.502441
2024-02-07 01:14:01.049	-0.179688	-0.812744	0.518311	5.981445	9.82666	5.065917
2024-02-07 01:14:01.059	-0.18335	-0.829346	0.509521	6.16455	8.911133	5.615234
2024-02-07 01:14:01.069	-0.185791	-0.841309	0.521484	4.577637	6.16455	4.272461
2024-02-07 01:14:01.079	-0.195801	-0.838379	0.536865	1.098633	3.234863	2.319336
2024-02-07 01:14:01.089	-0.204346	-0.825439	0.537109	-2.319336	1.770019	1.037598
2024-02-07 01:14:01.098	-0.206787	-0.817627	0.543701	-3.601074	2.075195	0.793457
2024-02-07 01:14:01.108	-0.211426	-0.831299	0.560303	-3.540039	4.02832	2.01416
2024-02-07 01:14:01.118	-0.227539	-0.863525	0.574463	-4.394531	7.8125	5.554199
2024-02-07 01:14:01.128	-0.246338	-0.881836	0.556396	-8.117676	12.634276	11.840819
2024-02-07 01:14:01.138	-0.251465	-0.874512	0.519043	-10.498046	16.723633	19.042969
2024-02-07 01:14:01.147	-0.266602	-0.87085	0.497314	-7.629394	20.507811	24.597166
2024-02-07 01:14:01.157	-0.283447	-0.88501	0.496582	-2.929687	22.705076	26.794432
2024-02-07 01:14:01.167	-0.285156	-0.91333	0.503174	0.183105	22.27783	25.207518
2024-02-07 01:14:01.177	-0.277344	-0.935303	0.520752	0.488281	19.958496	20.38574
2024-02-07 01:14:01.186	-0.26001	-0.935303	0.560547	-0.854492	16.296387	14.831542
2024-02-07 01:14:01.196	-0.238525	-0.921631	0.584473	-3.173828	13.183593	11.596679
2024-02-07 01:14:01.206	-0.222656	-0.887207	0.592041	-5.554199	11.169433	12.08496
2024-02-07 01:14:01.216	-0.214844	-0.855469	0.595703	-6.347656	9.643555	15.563964
2024-02-07 01:14:01.225	-0.202881	-0.831543	0.595215	-6.408691	7.629394	20.629881
2024-02-07 01:14:01.235	-0.188477	-0.82373	0.598145	-6.408691	4.638672	25.817869
2024-02-07 01:14:01.245	-0.16748	-0.82251	0.615234	-7.080078	0.610352	30.151365
2024-02-07 01:14:01.255	-0.145752	-0.81665	0.634766	-9.643555	-2.685547	33.813477
2024-02-07 01:14:01.264	-0.14624	-0.804688	0.641113	-12.573241	-4.333496	37.17041
2024-02-07 01:14:01.274	-0.155273	-0.798584	0.623535	-14.404296	-6.591796	41.320797
2024-02-07 01:14:01.284	-0.164551	-0.796875	0.60083	-14.953612	-11.169433	46.691891
2024-02-07 01:14:01.293	-0.180176	-0.804443	0.584229	-14.160155	-17.150879	52.917477
2024-02-07 01:14:01.303	-0.203125	-0.822266	0.577393	-13.793944	-23.681639	58.898922
2024-02-07 01:14:01.313	-0.249512	-0.848877	0.550781	-14.343261	-31.127928	63.476559
2024-02-07 01:14:01.323	-0.314697	-0.872803	0.509277	-14.343261	-38.696289	65.368652
2024-02-07 01:14:01.332	-0.390137	-0.888672	0.4729	-14.770507	-46.44775	64.63623
2024-02-07 01:14:01.342	-0.435303	-0.88208	0.443848	-16.845703	-54.565426	61.645504
2024-02-07 01:14:01.352	-0.484619	-0.861084	0.427734	-18.432617	-61.218258	56.457516
2024-02-07 01:14:01.362	-0.540527	-0.835693	0.433838	-18.249512	-63.598629	49.560543
2024-02-07 01:14:01.371	-0.579102	-0.802979	0.459717	-16.052246	-60.18066	42.236324
2024-02-07 01:14:01.381	-0.58374	-0.771973	0.467529	-11.779784	-51.086422	36.010742
2024-02-07 01:14:01.391	-0.559814	-0.757324	0.460938	-6.103515	-37.658691	31.188963
2024-02-07 01:14:01.401	-0.518066	-0.767334	0.453125	0.366211	-23.071287	27.587889
2024-02-07 01:14:01.411	-0.471191	-0.793457	0.469238	5.432128	-10.437011	24.902342
2024-02-07 01:14:01.420	-0.436523	-0.830811	0.493652	7.446289	-1.953125	23.193357
2024-02-07 01:14:01.430	-0.429199	-0.843994	0.466309	6.713867	4.02832	21.728514
2024-02-07 01:14:01.440	-0.418457	-0.838623	0.452881	7.873535	4.882813	18.798828
2024-02-07 01:14:01.450	-0.404297	-0.832275	0.504395	11.291503	0.732422	14.953612
2024-02-07 01:14:01.460	-0.404297	-0.818359	0.558105	13.305663	-1.464844	10.742187
2024-02-07 01:14:01.470	-0.388184	-0.798096	0.599121	15.686034	0.061035	6.958007
2024-02-07 01:14:01.480	-0.372559	-0.794189	0.651855	18.432617	5.859375	4.394531
2024-02-07 01:14:01.490	-0.356689	-0.812744	0.663086	18.493652	13.610839	2.807617
2024-02-07 01:14:01.500	-0.336426	-0.824463	0.624023	16.052246	22.460936	3.112793
2024-02-07 01:14:01.510	-0.338867	-0.830811	0.613525	14.465331	29.602049	4.760742
2024-02-07 01:14:01.520	-0.365967	-0.832275	0.633545	14.770507	32.592773	7.324218
2024-02-07 01:14:01.530	-0.367188	-0.837646	0.694824	19.226074	29.479979	4.821777
2024-02-07 01:14:01.539	-0.317871	-0.854492	0.765625	25.451658	21.240232	-6.103515
2024-02-07 01:14:01.550	-0.250732	-0.875	0.786133	26.550291	13.793944	-22.27783
2024-02-07 01:14:01.560	-0.212891	-0.867676	0.760986	22.888182	9.033203	-37.963867
2024-02-07 01:14:01.570	-0.206543	-0.843262	0.724365	20.019531	5.676269	-49.743649
2024-02-07 01:14:01.580	-0.219238	-0.806885	0.697266	19.592285	5.493164	-56.945797
2024-02-07 01:14:01.590	-0.237305	-0.768555	0.687012	22.521971	8.789063	-60.668941
2024-02-07 01:14:01.600	-0.257324	-0.742676	0.698486	28.19824	16.113281	-62.927242
2024-02-07 01:14:01.610	-0.281982	-0.733398	0.706787	33.935547	26.550291	-64.697266
2024-02-07 01:14:01.620	-0.289795	-0.728027	0.700439	37.29248	37.780762	-66.467285
2024-02-07 01:14:01.630	-0.282959	-0.723633	0.6875	39.0625	48.46191	-68.969727
2024-02-07 01:14:01.640	-0.260498	-0.718994	0.685547	40.52734	56.762691	-71.411133
2024-02-07 01:14:01.650	-0.223877	-0.709473	0.686279	42.358395	62.377926	-72.753906
2024-02-07 01:14:01.660	-0.169189	-0.708496	0.685303	45.104977	65.002441	-73.059082
2024-02-07 01:14:01.670	-0.10791	-0.723877	0.672119	47.973629	64.880371	-72.631836
2024-02-07 01:14:01.680	-0.068848	-0.743896	0.657959	49.255367	62.19482	-72.814941
2024-02-07 01:14:01.690	-0.035645	-0.751465	0.642822	46.813961	57.556149	-72.814941
2024-02-07 01:14:01.700	-0.049072	-0.730957	0.616455	40.344234	51.879879	-70.739746
2024-02-07 01:14:01.710	-0.05835	-0.691406	0.589111	34.790039	44.616695	-69.152832
2024-02-07 01:14:01.720	-0.077148	-0.664795	0.561279	32.836914	39.0625	-67.504883
2024-02-07 01:14:01.730	-0.0979	-0.675293	0.534912	34.362793	35.949707	-66.589355
2024-02-07 01:14:01.740	-0.122803	-0.709473	0.527588	35.705566	34.240723	-66.52832
2024-02-07 01:14:01.750	-0.155762	-0.758057	0.536133	35.522461	32.836914	-67.565918
2024-02-07 01:14:01.760	-0.192139	-0.812256	0.544678	34.179688	32.348633	-69.458008
2024-02-07 01:14:01.770	-0.227051	-0.859131	0.554932	31.921385	32.897949	-71.899414
2024-02-07 01:14:01.780	-0.254395	-0.886475	0.567871	28.686522	34.179688	-74.951172
2024-02-07 01:14:01.790	-0.272949	-0.89502	0.577881	23.803709	36.804199	-77.880859
2024-02-07 01:14:01.800	-0.276611	-0.891846	0.581787	18.249512	41.137691	-80.13916
2024-02-07 01:14:01.810	-0.281494	-0.861084	0.563965	13.488769	49.072262	-81.05468
2024-02-07 01:14:01.820	-0.300293	-0.824463	0.576416	11.96289	57.739254	-81.29882
2024-02-07 01:14:01.830	-0.278809	-0.800049	0.595459	11.779784	66.223145	-80.810539
2024-02-07 01:14:01.840	-0.287842	-0.785889	0.591797	11.657714	78.796387	-80.26123
2024-02-07 01:14:01.850	-0.259766	-0.797363	0.60498	11.352538	89.355461	-79.833984
2024-02-07 01:14:01.860	-0.237061	-0.815186	0.614258	8.605957	98.083488	-76.904297
2024-02-07 01:14:01.870	-0.207275	-0.828369	0.620361	5.187988	102.111809	-72.753906
2024-02-07 01:14:01.880	-0.168701	-0.842041	0.647705	1.831055	101.257317	-67.871094
2024-02-07 01:14:01.890	-0.144287	-0.858398	0.662842	-1.342773	97.106926	-62.622066
2024-02-07 01:14:01.900	-0.139648	-0.87207	0.663818	-3.601074	90.454094	-57.983395
2024-02-07 01:14:01.910	-0.138428	-0.878418	0.664551	-5.615234	81.603996	-53.649899
2024-02-07 01:14:01.920	-0.150391	-0.884277	0.649658	-8.117676	71.777344	-49.377438
2024-02-07 01:14:01.930	-0.168457	-0.875488	0.62793	-11.169433	61.401363	-45.043941
2024-02-07 01:14:01.940	-0.188232	-0.862549	0.61792	-13.671874	51.452633	-41.076656
2024-02-07 01:14:01.950	-0.208252	-0.860107	0.617676	-15.380858	41.625973	-38.085938
2024-02-07 01:14:01.960	-0.218994	-0.862305	0.605957	-17.39502	32.531738	-36.193848
2024-02-07 01:14:01.970	-0.219971	-0.852051	0.593994	-18.493652	24.597166	-35.217285
2024-02-07 01:14:01.980	-0.222412	-0.833496	0.583252	-17.39502	17.578125	-34.851074
2024-02-07 01:14:01.990	-0.222168	-0.822021	0.576172	-15.136718	12.329101	-33.508301
2024-02-07 01:14:02.000	-0.222412	-0.817627	0.567627	-11.291503	9.82666	-30.639647
2024-02-07 01:14:02.009	-0.218018	-0.834473	0.560547	-5.676269	9.399414	-27.465818
2024-02-07 01:14:02.019	-0.214111	-0.858643	0.5625	-1.403808	9.765625	-24.230955
2024-02-07 01:14:02.029	-0.214355	-0.884766	0.570557	-0.366211	10.131835	-20.996092
2024-02-07 01:14:02.039	-0.214844	-0.900635	0.572266	-3.295898	9.033203	-17.578125
2024-02-07 01:14:02.050	-0.218262	-0.90625	0.553711	-8.666992	6.103515	-14.038085
2024-02-07 01:14:02.060	-0.229736	-0.894775	0.544434	-12.145995	1.220703	-10.009766
2024-02-07 01:14:02.070	-0.243408	-0.88623	0.545898	-11.535644	-4.333496	-5.92041
2024-02-07 01:14:02.080	-0.25	-0.893311	0.550293	-8.789063	-8.789063	-2.075195
2024-02-07 01:14:02.090	-0.249268	-0.908203	0.550781	-7.446289	-12.268065	1.220703
2024-02-07 01:14:02.100	-0.253662	-0.918213	0.545898	-9.155273	-14.953612	4.089355
2024-02-07 01:14:02.110	-0.255859	-0.911621	0.544434	-11.718749	-17.39502	7.873535
2024-02-07 01:14:02.120	-0.249268	-0.892578	0.557617	-12.573241	-19.40918	12.451171
2024-02-07 01:14:02.130	-0.240479	-0.861328	0.571045	-13.122558	-20.812986	18.066406
2024-02-07 01:14:02.140	-0.220947	-0.820557	0.588867	-13.244628	-22.27783	24.04785
2024-02-07 01:14:02.150	-0.204834	-0.792236	0.601563	-11.169433	-23.559568	31.127928
2024-02-07 01:14:02.160	-0.199463	-0.804199	0.626953	-8.178711	-24.963377	39.001465
2024-02-07 01:14:02.170	-0.205322	-0.839111	0.635742	-8.422852	-26.855467	49.011227
2024-02-07 01:14:02.180	-0.213135	-0.863037	0.587402	-12.023925	-28.137205	62.133785
2024-02-07 01:14:02.190	-0.226563	-0.873047	0.530273	-12.451171	-30.09033	74.951172
2024-02-07 01:14:02.200	-0.230713	-0.876221	0.536133	-8.300781	-36.499023	84.045403
2024-02-07 01:14:02.210	-0.235596	-0.874756	0.584229	-4.394531	-44.250484	88.500969
2024-02-07 01:14:02.220	-0.248047	-0.874023	0.623047	-2.990722	-52.307125	89.11132
2024-02-07 01:14:02.230	-0.262207	-0.872559	0.632568	-4.02832	-60.485836	88.500969
2024-02-07 01:14:02.240	-0.272461	-0.871582	0.626709	-6.225585	-68.17627	88.317863
