2024-02-07 19:02:00.097	-0.126709	-0.888428	0.838379	15.686034	18.737793	53.527828
2024-02-07 19:02:00.107	-0.158447	-0.858154	0.834717	6.774902	9.155273	48.828121
2024-02-07 19:02:00.117	-0.183105	-0.797607	0.819336	-1.89209	-2.197266	45.410152
2024-02-07 19:02:00.126	-0.211426	-0.717285	0.784668	-6.652832	-10.803222	44.31152
2024-02-07 19:02:00.136	-0.250732	-0.65332	0.747559	-5.432128	-15.197753	44.006344
2024-02-07 19:02:00.146	-0.279297	-0.622559	0.735596	-0.305176	-17.51709	42.907711
2024-02-07 19:02:00.156	-0.296387	-0.617188	0.747314	5.126953	-19.104004	41.015621
2024-02-07 19:02:00.165	-0.309326	-0.622803	0.747803	9.216309	-19.470215	38.452148
2024-02-07 19:02:00.175	-0.313477	-0.628174	0.744629	12.329101	-18.310547	35.095215
2024-02-07 19:02:00.185	-0.314697	-0.626465	0.739014	15.502929	-15.502929	31.616209
2024-02-07 19:02:00.195	-0.308594	-0.623779	0.733398	18.920898	-11.169433	28.381346
2024-02-07 19:02:00.204	-0.300537	-0.621338	0.73291	21.972654	-6.835937	25.756834
2024-02-07 19:02:00.214	-0.295898	-0.626465	0.73584	24.780272	-3.295898	23.681639
2024-02-07 19:02:00.224	-0.291748	-0.636475	0.73291	27.038572	-0.915527	21.606443
2024-02-07 19:02:00.233	-0.284424	-0.643555	0.725342	28.19824	0.488281	19.165039
2024-02-07 19:02:00.243	-0.279541	-0.648926	0.715576	28.686522	0.915527	16.540527
2024-02-07 19:02:00.253	-0.270996	-0.656738	0.707031	30.273436	0.732422	14.587401
2024-02-07 19:02:00.263	-0.259277	-0.668945	0.696045	32.714844	1.159668	13.427733
2024-02-07 19:02:00.273	-0.253174	-0.682861	0.678223	34.667969	2.197266	13.305663
2024-02-07 19:02:00.282	-0.250488	-0.702393	0.684326	36.315918	2.624511	14.282226
2024-02-07 19:02:00.292	-0.258057	-0.727051	0.703369	37.536621	2.563476	16.418457
2024-02-07 19:02:00.302	-0.270996	-0.745361	0.717285	36.132813	2.197266	18.920898
2024-02-07 19:02:00.312	-0.272949	-0.753418	0.72998	31.677244	0.976562	20.874022
2024-02-07 19:02:00.321	-0.268555	-0.743164	0.734375	24.16992	-0.610352	21.789549
2024-02-07 19:02:00.331	-0.271729	-0.717529	0.732422	14.892577	-1.159668	22.033689
2024-02-07 19:02:00.341	-0.276367	-0.681152	0.733887	6.286621	-0.061035	21.972654
2024-02-07 19:02:00.351	-0.278564	-0.647705	0.731201	0.244141	1.586914	21.545408
2024-02-07 19:02:00.360	-0.274902	-0.622559	0.726563	-3.173828	3.234863	20.874022
2024-02-07 19:02:00.370	-0.264648	-0.608643	0.719971	-4.089355	4.882813	19.958496
2024-02-07 19:02:00.380	-0.266113	-0.604736	0.718994	-4.089355	5.554199	19.226074
2024-02-07 19:02:00.390	-0.270996	-0.605957	0.713379	-4.516602	5.432128	19.042969
2024-02-07 19:02:00.400	-0.275879	-0.608154	0.701172	-5.981445	4.394531	19.165039
2024-02-07 19:02:00.410	-0.283936	-0.61084	0.696777	-7.629394	2.441406	18.859863
2024-02-07 19:02:00.420	-0.297363	-0.617188	0.70459	-8.361816	0.12207	17.883301
2024-02-07 19:02:00.430	-0.316895	-0.629883	0.710693	-8.666992	-1.586914	15.86914
2024-02-07 19:02:00.440	-0.335449	-0.643311	0.708252	-9.094238	-2.441406	13.305663
2024-02-07 19:02:00.450	-0.349609	-0.653809	0.711182	-10.19287	-2.441406	11.047362
2024-02-07 19:02:00.460	-0.358398	-0.656006	0.719238	-11.901855	-2.075195	9.277344
2024-02-07 19:02:00.470	-0.366699	-0.650635	0.725098	-13.427733	-1.159668	8.056641
2024-02-07 19:02:00.480	-0.378906	-0.643799	0.718506	-15.075683	0.671387	6.958007
2024-02-07 19:02:00.490	-0.384521	-0.625977	0.709473	-16.601563	2.197266	5.249023
2024-02-07 19:02:00.500	-0.383789	-0.608643	0.698242	-17.272949	2.929687	2.563476
2024-02-07 19:02:00.510	-0.382324	-0.595947	0.689697	-16.784668	3.356933	-1.159668
2024-02-07 19:02:00.520	-0.378662	-0.593018	0.686768	-15.014647	3.723144	-5.493164
2024-02-07 19:02:00.530	-0.367188	-0.595703	0.693359	-12.145995	3.90625	-9.460449
2024-02-07 19:02:00.539	-0.354248	-0.608643	0.699463	-9.887695	4.150391	-12.451171
2024-02-07 19:02:00.549	-0.351807	-0.618896	0.693604	-8.911133	5.249023	-14.22119
2024-02-07 19:02:00.559	-0.344727	-0.624268	0.687744	-7.873535	6.286621	-15.319823
2024-02-07 19:02:00.569	-0.331299	-0.635742	0.678467	-5.493164	6.652832	-16.357422
2024-02-07 19:02:00.579	-0.32251	-0.650635	0.677979	-1.403808	6.04248	-17.39502
2024-02-07 19:02:00.590	-0.323486	-0.675293	0.695068	3.784179	5.126953	-18.371582
2024-02-07 19:02:00.600	-0.335449	-0.704102	0.721191	7.263183	4.02832	-18.920898
2024-02-07 19:02:00.610	-0.343018	-0.72168	0.751709	7.690429	1.89209	-19.287109
2024-02-07 19:02:00.620	-0.348145	-0.727051	0.788574	5.065917	-0.610352	-20.324705
2024-02-07 19:02:00.630	-0.349854	-0.72168	0.813232	0.183105	-2.01416	-21.484373
2024-02-07 19:02:00.640	-0.355957	-0.701904	0.815918	-5.371093	-1.464844	-21.545408
2024-02-07 19:02:00.650	-0.36499	-0.674316	0.818359	-9.094238	0.549316	-19.836426
2024-02-07 19:02:00.660	-0.371582	-0.650635	0.813965	-10.19287	3.051758	-16.967773
2024-02-07 19:02:00.670	-0.371582	-0.633789	0.803223	-9.399414	4.272461	-13.732909
2024-02-07 19:02:00.680	-0.366455	-0.622803	0.795166	-8.117676	4.211426	-10.864257
2024-02-07 19:02:00.690	-0.371582	-0.613037	0.792969	-7.324218	3.356933	-8.666992
2024-02-07 19:02:00.700	-0.377197	-0.608643	0.790039	-6.896972	1.770019	-7.263183
2024-02-07 19:02:00.710	-0.380127	-0.604004	0.782227	-6.16455	0.366211	-6.103515
2024-02-07 19:02:00.720	-0.376953	-0.598633	0.749512	-3.845215	-0.061035	-4.760742
2024-02-07 19:02:00.730	-0.366455	-0.5896	0.720215	1.098633	0.427246	-3.112793
2024-02-07 19:02:00.740	-0.364014	-0.586182	0.710205	7.568359	1.464844	-1.037598
2024-02-07 19:02:00.750	-0.375	-0.580322	0.715332	13.244628	2.685547	1.159668
2024-02-07 19:02:00.760	-0.388672	-0.574707	0.710938	16.174316	2.685547	2.380371
2024-02-07 19:02:00.770	-0.383789	-0.564697	0.686523	16.052246	0.366211	1.770019
2024-02-07 19:02:00.780	-0.368652	-0.556396	0.658691	16.418457	-4.150391	-0.488281
2024-02-07 19:02:00.789	-0.362305	-0.560547	0.670898	20.507811	-8.911133	-2.929687
2024-02-07 19:02:00.799	-0.371826	-0.596436	0.709473	26.06201	-12.451171	-3.90625
2024-02-07 19:02:00.809	-0.387207	-0.651123	0.741699	28.442381	-14.343261	-3.356933
2024-02-07 19:02:00.819	-0.395264	-0.699463	0.764404	26.550291	-14.343261	-1.159668
2024-02-07 19:02:00.829	-0.398682	-0.73291	0.772217	20.935057	-12.390136	1.647949
2024-02-07 19:02:00.839	-0.386475	-0.746094	0.771729	13.488769	-9.033203	4.394531
2024-02-07 19:02:00.849	-0.369873	-0.743652	0.770752	7.8125	-4.638672	7.202148
2024-02-07 19:02:00.859	-0.359131	-0.748535	0.77124	5.310058	0.061035	9.94873
2024-02-07 19:02:00.869	-0.352295	-0.758301	0.772217	2.868652	4.02832	12.268065
2024-02-07 19:02:00.879	-0.338867	-0.764648	0.746582	-2.380371	5.676269	14.038085
2024-02-07 19:02:00.889	-0.319336	-0.756348	0.712891	-9.521484	4.516602	15.380858
2024-02-07 19:02:00.900	-0.313965	-0.743164	0.69165	-15.258788	1.586914	16.296387
2024-02-07 19:02:00.910	-0.326904	-0.729248	0.686768	-19.714355	-2.197266	16.479492
2024-02-07 19:02:00.920	-0.344727	-0.709229	0.674805	-24.230955	-6.286621	15.136718
2024-02-07 19:02:00.930	-0.363037	-0.682617	0.657959	-28.991697	-9.70459	12.451171
2024-02-07 19:02:00.940	-0.378174	-0.651367	0.640137	-32.653809	-11.413573	8.728027
2024-02-07 19:02:00.950	-0.391846	-0.624268	0.625244	-34.362793	-11.96289	4.516602
2024-02-07 19:02:00.960	-0.402344	-0.609375	0.61792	-33.691406	-10.986327	0.488281
2024-02-07 19:02:00.970	-0.408691	-0.602295	0.620361	-31.921385	-8.178711	-2.685547
2024-02-07 19:02:00.980	-0.402344	-0.60791	0.625977	-30.273436	-4.02832	-4.821777
2024-02-07 19:02:00.990	-0.383057	-0.618164	0.62085	-29.174803	-0.183105	-5.92041
2024-02-07 19:02:01.000	-0.362061	-0.62915	0.615234	-28.259275	2.441406	-6.652832
2024-02-07 19:02:01.009	-0.331299	-0.642578	0.611328	-27.709959	1.342773	-7.629394
2024-02-07 19:02:01.019	-0.294678	-0.657959	0.604736	-27.221678	-3.540039	-9.338379
2024-02-07 19:02:01.029	-0.270508	-0.671387	0.596436	-26.611326	-10.253905	-10.986327
2024-02-07 19:02:01.039	-0.256836	-0.685791	0.600098	-25.451658	-18.493652	-11.230468
2024-02-07 19:02:01.049	-0.26001	-0.708008	0.633789	-24.108885	-27.221678	-9.521484
2024-02-07 19:02:01.059	-0.269775	-0.733887	0.682617	-25.817869	-35.15625	-6.103515
2024-02-07 19:02:01.069	-0.280518	-0.753662	0.721924	-32.409668	-41.564938	-1.464844
2024-02-07 19:02:01.079	-0.297119	-0.759766	0.745605	-41.015621	-45.410152	4.089355
2024-02-07 19:02:01.090	-0.322266	-0.748047	0.769287	-49.682613	-46.386715	10.742187
2024-02-07 19:02:01.100	-0.344727	-0.719727	0.781982	-57.861324	-44.921871	17.51709
2024-02-07 19:02:01.110	-0.361572	-0.684326	0.768066	-62.866207	-41.381832	23.132322
2024-02-07 19:02:01.120	-0.366455	-0.645264	0.749268	-64.086914	-37.231445	27.648924
2024-02-07 19:02:01.130	-0.370605	-0.616943	0.748291	-61.035152	-33.447266	31.921385
2024-02-07 19:02:01.140	-0.379639	-0.603027	0.764893	-54.016109	-29.479979	35.949707
2024-02-07 19:02:01.150	-0.395508	-0.61499	0.787598	-45.776363	-25.573729	39.489746
2024-02-07 19:02:01.160	-0.413818	-0.636475	0.791748	-39.0625	-21.911619	41.748043
2024-02-07 19:02:01.170	-0.421387	-0.653809	0.773926	-34.118652	-18.798828	42.236324
2024-02-07 19:02:01.180	-0.421631	-0.664063	0.750977	-30.578611	-15.686034	41.198727
2024-02-07 19:02:01.190	-0.42627	-0.665527	0.740967	-26.611326	-12.390136	39.0625
2024-02-07 19:02:01.200	-0.43457	-0.667236	0.748291	-20.38574	-9.521484	35.400391
2024-02-07 19:02:01.210	-0.446533	-0.680176	0.759033	-12.512206	-7.324218	29.602049
2024-02-07 19:02:01.220	-0.463623	-0.705322	0.761719	-4.455566	-4.333496	22.583006
2024-02-07 19:02:01.230	-0.475098	-0.736328	0.747314	2.441406	0.061035	15.075683
2024-02-07 19:02:01.240	-0.482422	-0.766846	0.727539	8.544922	5.615234	7.324218
2024-02-07 19:02:01.250	-0.482178	-0.793457	0.714355	14.709472	11.718749	-0.610352
2024-02-07 19:02:01.260	-0.484131	-0.811523	0.707275	20.38574	18.920898	-8.361816
2024-02-07 19:02:01.269	-0.476074	-0.810791	0.706055	25.756834	27.282713	-15.930175
2024-02-07 19:02:01.279	-0.463135	-0.799072	0.714355	31.738279	36.071777	-23.559568
2024-02-07 19:02:01.289	-0.442139	-0.783447	0.725098	38.94043	45.410152	-30.883787
2024-02-07 19:02:01.300	-0.40625	-0.766846	0.734619	46.508785	55.053707	-36.987305
2024-02-07 19:02:01.310	-0.361816	-0.749268	0.751465	53.222652	64.697266	-40.893551
2024-02-07 19:02:01.320	-0.312012	-0.731445	0.773193	58.410641	73.120117	-42.785641
2024-02-07 19:02:01.330	-0.269287	-0.727295	0.800537	61.340328	79.650879	-42.602535
2024-02-07 19:02:01.340	-0.233398	-0.728027	0.814941	60.852047	83.923332	-40.039063
2024-02-07 19:02:01.350	-0.199707	-0.728516	0.803711	58.04443	84.228508	-36.071777
2024-02-07 19:02:01.360	-0.166992	-0.717773	0.776855	54.565426	79.589844	-30.761717
2024-02-07 19:02:01.370	-0.133789	-0.704834	0.76416	51.635738	70.251465	-24.780272
2024-02-07 19:02:01.380	-0.108887	-0.69751	0.752441	49.072262	58.28857	-18.310547
2024-02-07 19:02:01.390	-0.102295	-0.694336	0.739014	46.264645	44.738766	-11.779784
2024-02-07 19:02:01.400	-0.116943	-0.694824	0.737305	43.457027	30.395506	-5.859375
2024-02-07 19:02:01.410	-0.148193	-0.69751	0.73877	40.161129	16.784668	-1.098633
2024-02-07 19:02:01.420	-0.18335	-0.699219	0.734131	34.545898	5.065917	2.502441
2024-02-07 19:02:01.430	-0.213867	-0.692139	0.718018	27.343748	-4.333496	5.432128
2024-02-07 19:02:01.440	-0.242432	-0.681152	0.700195	20.38574	-11.718749	7.690429
2024-02-07 19:02:01.450	-0.266113	-0.661621	0.691895	14.648437	-17.272949	9.460449
2024-02-07 19:02:01.460	-0.287354	-0.643799	0.685059	9.94873	-20.874022	10.803222
2024-02-07 19:02:01.470	-0.311279	-0.628906	0.679688	5.859375	-22.705076	12.329101
2024-02-07 19:02:01.480	-0.330322	-0.616211	0.672119	2.01416	-23.132322	13.610839
2024-02-07 19:02:01.490	-0.351074	-0.599365	0.663574	-1.403808	-21.850584	14.526366
2024-02-07 19:02:01.500	-0.367432	-0.58374	0.662842	-3.601074	-19.470215	14.709472
2024-02-07 19:02:01.510	-0.374512	-0.574951	0.66626	-4.577637	-16.418457	14.282226
2024-02-07 19:02:01.520	-0.375	-0.581787	0.670166	-5.065917	-13.122558	13.549804
2024-02-07 19:02:01.530	-0.367432	-0.594482	0.678467	-5.493164	-9.82666	12.756347
2024-02-07 19:02:01.540	-0.356445	-0.616943	0.691895	-5.676269	-7.629394	12.390136
2024-02-07 19:02:01.550	-0.328857	-0.645752	0.710693	-6.652832	-6.774902	12.512206
2024-02-07 19:02:01.560	-0.298828	-0.676514	0.739258	-10.131835	-6.896972	13.671874
2024-02-07 19:02:01.570	-0.280518	-0.696533	0.755127	-16.296387	-7.080078	16.174316
2024-02-07 19:02:01.580	-0.272461	-0.706787	0.752441	-23.742674	-8.056641	19.40918
2024-02-07 19:02:01.590	-0.256104	-0.705078	0.748535	-30.761717	-11.474608	22.888182
2024-02-07 19:02:01.600	-0.23999	-0.699707	0.757813	-35.949707	-16.784668	26.245115
2024-02-07 19:02:01.610	-0.241943	-0.696533	0.762939	-40.039063	-22.705076	29.907225
2024-02-07 19:02:01.620	-0.250977	-0.695068	0.755615	-44.189449	-28.503416	34.240723
2024-02-07 19:02:01.630	-0.265869	-0.692383	0.741699	-47.973629	-34.362793	38.879395
2024-02-07 19:02:01.640	-0.287354	-0.683105	0.727051	-50.903316	-40.40527	43.579098
2024-02-07 19:02:01.650	-0.308105	-0.671143	0.723389	-52.307125	-46.264645	47.729488
2024-02-07 19:02:01.660	-0.336914	-0.658691	0.721191	-52.001949	-51.513668	50.415035
2024-02-07 19:02:01.670	-0.366943	-0.643066	0.722412	-50.781246	-56.15234	51.818844
2024-02-07 19:02:01.680	-0.392334	-0.628662	0.716064	-48.706051	-59.204098	51.818844
2024-02-07 19:02:01.690	-0.42627	-0.619873	0.719238	-44.921871	-59.997555	50.842281
2024-02-07 19:02:01.700	-0.460205	-0.617188	0.728027	-40.100098	-58.593746	49.560543
2024-02-07 19:02:01.710	-0.485352	-0.625	0.745117	-35.339355	-54.931637	47.729488
2024-02-07 19:02:01.720	-0.509277	-0.63208	0.763428	-31.127928	-48.46191	44.738766
2024-02-07 19:02:01.730	-0.522217	-0.632568	0.767334	-28.259275	-39.489746	40.283199
2024-02-07 19:02:01.740	-0.511963	-0.622314	0.761963	-24.963377	-29.296873	34.973145
2024-02-07 19:02:01.750	-0.496338	-0.609863	0.753174	-20.38574	-18.737793	29.724119
2024-02-07 19:02:01.760	-0.480469	-0.60498	0.760742	-14.587401	-9.338379	24.658201
2024-02-07 19:02:01.770	-0.45752	-0.611084	0.782227	-8.544922	-2.075195	19.53125
2024-02-07 19:02:01.780	-0.43335	-0.619141	0.809814	-3.479004	3.479004	14.404296
2024-02-07 19:02:01.789	-0.417725	-0.624756	0.822998	-0.12207	7.873535	9.338379
2024-02-07 19:02:01.800	-0.399658	-0.618408	0.806152	0.0	10.742187	4.943848
2024-02-07 19:02:01.810	-0.378418	-0.596924	0.779541	-0.061035	11.779784	2.319336
2024-02-07 19:02:01.820	-0.364014	-0.581055	0.768066	3.601074	11.108397	1.586914
2024-02-07 19:02:01.830	-0.360596	-0.57959	0.767578	10.559081	9.58252	2.563476
2024-02-07 19:02:01.840	-0.373779	-0.592529	0.772461	17.76123	7.202148	4.211426
2024-02-07 19:02:01.850	-0.386719	-0.61377	0.783447	22.033689	3.479004	5.310058
2024-02-07 19:02:01.860	-0.387451	-0.630371	0.777588	23.986814	-0.427246	5.493164
2024-02-07 19:02:01.870	-0.391602	-0.647461	0.761475	26.428221	-3.845215	5.981445
2024-02-07 19:02:01.880	-0.392578	-0.667236	0.766602	29.357908	-7.873535	7.202148
2024-02-07 19:02:01.890	-0.374268	-0.69043	0.79248	31.616209	-12.08496	9.155273
2024-02-07 19:02:01.900	-0.369629	-0.713135	0.801758	31.799314	-14.404296	12.268065
2024-02-07 19:02:01.910	-0.379883	-0.728271	0.780762	29.541014	-15.258788	16.418457
2024-02-07 19:02:01.920	-0.382568	-0.73291	0.76001	27.099607	-16.906738	20.935057
2024-02-07 19:02:01.930	-0.360352	-0.735107	0.758301	25.085447	-19.897461	25.085447
2024-02-07 19:02:01.940	-0.3479	-0.730469	0.760742	23.559568	-22.644041	28.869627
2024-02-07 19:02:01.950	-0.344727	-0.725098	0.754639	22.15576	-24.780272	32.592773
2024-02-07 19:02:01.960	-0.337891	-0.719727	0.735352	20.1416	-26.123045	36.743164
2024-02-07 19:02:01.970	-0.336426	-0.713379	0.711182	17.333984	-26.18408	41.687008
2024-02-07 19:02:01.980	-0.342529	-0.700928	0.686523	13.610839	-25.390623	46.691891
2024-02-07 19:02:01.990	-0.35376	-0.687744	0.672119	9.216309	-25.085447	50.537106
2024-02-07 19:02:01.999	-0.362061	-0.678955	0.655762	4.577637	-26.733397	52.36816
2024-02-07 19:02:02.009	-0.360596	-0.668457	0.636963	0.0	-29.907225	51.818844
2024-02-07 19:02:02.019	-0.365234	-0.649902	0.627441	-3.540039	-33.14209	49.377438
2024-02-07 19:02:02.029	-0.38916	-0.636475	0.62915	-5.676269	-34.790039	46.020504
2024-02-07 19:02:02.038	-0.416504	-0.624756	0.630127	-6.835937	-34.606934	42.053219
2024-02-07 19:02:02.048	-0.438965	-0.61792	0.629395	-7.690429	-32.653809	37.963867
2024-02-07 19:02:02.058	-0.448486	-0.60791	0.629395	-8.422852	-29.663084	33.630371
2024-02-07 19:02:02.068	-0.445313	-0.593994	0.635986	-8.789063	-26.245115	29.235838
2024-02-07 19:02:02.077	-0.436768	-0.580811	0.641357	-9.033203	-22.338865	25.512693
2024-02-07 19:02:02.087	-0.424561	-0.568115	0.648193	-9.521484	-18.005371	22.827147
2024-02-07 19:02:02.097	-0.408691	-0.563477	0.65918	-9.70459	-13.85498	21.484373
2024-02-07 19:02:02.107	-0.39624	-0.558594	0.669434	-9.82666	-10.131835	21.057127
2024-02-07 19:02:02.116	-0.381592	-0.553467	0.688477	-9.521484	-7.324218	20.629881
2024-02-07 19:02:02.126	-0.368408	-0.558105	0.71167	-7.93457	-4.455566	19.958496
2024-02-07 19:02:02.136	-0.367432	-0.571777	0.725342	-5.249023	-0.854492	19.165039
2024-02-07 19:02:02.146	-0.372314	-0.591553	0.731934	-1.953125	2.685547	18.432617
2024-02-07 19:02:02.155	-0.379883	-0.618164	0.739014	2.01416	5.92041	18.066406
2024-02-07 19:02:02.165	-0.390869	-0.652588	0.755127	5.554199	7.873535	17.150879
2024-02-07 19:02:02.175	-0.404297	-0.687012	0.787598	7.690429	7.995605	14.953612
2024-02-07 19:02:02.184	-0.414063	-0.720703	0.814941	8.117676	6.286621	11.291503
2024-02-07 19:02:02.194	-0.416016	-0.73877	0.817871	6.652832	3.723144	6.652832
2024-02-07 19:02:02.204	-0.407959	-0.741455	0.814209	5.126953	0.976562	2.197266
2024-02-07 19:02:02.214	-0.400635	-0.730957	0.815674	4.394531	-0.915527	-1.647949
2024-02-07 19:02:02.223	-0.404297	-0.712158	0.810791	2.990722	-1.403808	-4.516602
2024-02-07 19:02:02.233	-0.39917	-0.683838	0.804932	0.488281	-1.770019	-6.286621
2024-02-07 19:02:02.243	-0.386719	-0.650146	0.806885	-1.281738	-2.441406	-7.202148
2024-02-07 19:02:02.253	-0.384033	-0.625732	0.81665	-1.647949	-3.234863	-7.263183
2024-02-07 19:02:02.263	-0.394287	-0.608643	0.831299	-2.563476	-3.356933	-7.385253
2024-02-07 19:02:02.272	-0.398193	-0.581787	0.814941	-4.882813	-4.211426	-8.239746
2024-02-07 19:02:02.282	-0.382324	-0.548096	0.785889	-6.347656	-6.896972	-9.277344
2024-02-07 19:02:02.292	-0.366943	-0.519775	0.76416	-5.065917	-10.925292	-9.399414
2024-02-07 19:02:02.302	-0.366211	-0.501953	0.749512	-1.708984	-14.587401	-8.605957
2024-02-07 19:02:02.311	-0.372803	-0.495361	0.741699	2.13623	-17.63916	-6.958007
2024-02-07 19:02:02.321	-0.374023	-0.499023	0.735107	6.103515	-20.1416	-5.004883
2024-02-07 19:02:02.331	-0.376953	-0.509277	0.731934	9.765625	-21.484373	-3.295898
2024-02-07 19:02:02.341	-0.391602	-0.520752	0.731934	12.268065	-20.690916	-1.89209
2024-02-07 19:02:02.350	-0.404053	-0.529785	0.734619	13.366698	-18.615723	-0.915527
2024-02-07 19:02:02.360	-0.405273	-0.530273	0.732422	13.366698	-15.686034	-0.244141
2024-02-07 19:02:02.370	-0.406982	-0.530518	0.725586	13.610839	-12.08496	0.244141
2024-02-07 19:02:02.380	-0.403564	-0.538818	0.723877	14.404296	-8.666992	0.915527
2024-02-07 19:02:02.390	-0.398193	-0.548584	0.723877	15.075683	-5.432128	1.89209
2024-02-07 19:02:02.400	-0.392334	-0.563477	0.72583	15.686034	-2.624511	2.563476
2024-02-07 19:02:02.410	-0.38623	-0.580811	0.734131	16.052246	-0.305176	2.746582
2024-02-07 19:02:02.420	-0.386963	-0.596924	0.737793	15.747069	2.441406	2.319336
2024-02-07 19:02:02.430	-0.387207	-0.610352	0.744385	14.343261	5.249023	1.464844
2024-02-07 19:02:02.440	-0.381348	-0.615479	0.744141	12.023925	7.568359	0.610352
2024-02-07 19:02:02.450	-0.373535	-0.61377	0.74707	9.399414	9.82666	-0.061035
2024-02-07 19:02:02.460	-0.367676	-0.608643	0.75293	7.141113	11.901855	-0.183105
2024-02-07 19:02:02.470	-0.365234	-0.596191	0.761475	5.004883	13.488769	0.305176
2024-02-07 19:02:02.480	-0.357666	-0.588623	0.766113	3.051758	13.97705	0.915527
2024-02-07 19:02:02.490	-0.346924	-0.582031	0.772461	1.342773	13.732909	1.647949
2024-02-07 19:02:02.500	-0.343506	-0.573975	0.774658	-0.061035	13.488769	2.807617
2024-02-07 19:02:02.510	-0.338623	-0.571045	0.777344	-1.831055	13.000487	4.272461
2024-02-07 19:02:02.520	-0.336426	-0.568848	0.781982	-3.845215	11.840819	5.859375
2024-02-07 19:02:02.530	-0.335938	-0.564209	0.781738	-6.225585	9.70459	7.080078
2024-02-07 19:02:02.540	-0.337646	-0.561279	0.781738	-8.178711	6.652832	7.507324
2024-02-07 19:02:02.550	-0.345459	-0.559326	0.778809	-9.460449	3.295898	7.446289
2024-02-07 19:02:02.560	-0.354248	-0.555176	0.777832	-10.19287	-0.305176	7.324218
2024-02-07 19:02:02.570	-0.364258	-0.553223	0.777344	-10.437011	-3.662109	7.324218
2024-02-07 19:02:02.580	-0.376465	-0.550293	0.776611	-10.375976	-6.16455	7.385253
2024-02-07 19:02:02.590	-0.390137	-0.549805	0.77417	-10.375976	-7.324218	7.690429
2024-02-07 19:02:02.600	-0.396484	-0.552979	0.773682	-10.009766	-7.446289	8.422852
2024-02-07 19:02:02.610	-0.400635	-0.557373	0.772217	-8.789063	-6.958007	9.216309
2024-02-07 19:02:02.620	-0.400635	-0.564697	0.765381	-7.202148	-6.103515	9.765625
2024-02-07 19:02:02.630	-0.398682	-0.575439	0.763672	-5.798339	-4.882813	9.887695
2024-02-07 19:02:02.640	-0.398193	-0.584229	0.766113	-5.065917	-3.662109	9.155273
2024-02-07 19:02:02.650	-0.399902	-0.587402	0.769043	-5.432128	-2.563476	7.93457
2024-02-07 19:02:02.660	-0.401855	-0.588867	0.768311	-6.408691	-1.464844	6.469726
2024-02-07 19:02:02.670	-0.396973	-0.588623	0.758545	-7.202148	-0.610352	5.432128
2024-02-07 19:02:02.680	-0.395752	-0.586914	0.757813	-7.568359	0.0	5.310058
2024-02-07 19:02:02.690	-0.397217	-0.587891	0.761963	-6.591796	0.549316	5.676269
2024-02-07 19:02:02.700	-0.394287	-0.597168	0.761475	-5.737304	1.037598	5.92041
2024-02-07 19:02:02.710	-0.391846	-0.601807	0.762451	-5.798339	1.647949	6.16455
2024-02-07 19:02:02.720	-0.38916	-0.601074	0.75708	-6.16455	2.075195	6.286621
2024-02-07 19:02:02.730	-0.382324	-0.595947	0.749756	-6.713867	1.708984	6.530761
2024-02-07 19:02:02.740	-0.379883	-0.594238	0.750732	-7.080078	0.610352	6.530761
2024-02-07 19:02:02.750	-0.383057	-0.593018	0.76123	-7.507324	-0.488281	7.019042
2024-02-07 19:02:02.760	-0.387939	-0.594971	0.771729	-8.361816	-1.586914	7.995605
2024-02-07 19:02:02.770	-0.394043	-0.591797	0.77832	-9.643555	-2.380371	9.216309
2024-02-07 19:02:02.780	-0.398438	-0.586182	0.780029	-10.925292	-2.258301	10.009766
2024-02-07 19:02:02.790	-0.40625	-0.581787	0.778564	-11.352538	-1.831055	10.498046
2024-02-07 19:02:02.800	-0.411133	-0.582764	0.775635	-11.352538	-1.098633	10.803222
2024-02-07 19:02:02.810	-0.411865	-0.586426	0.770508	-10.498046	-0.183105	11.413573
2024-02-07 19:02:02.820	-0.41626	-0.596924	0.771729	-8.911133	0.732422	12.145995
2024-02-07 19:02:02.830	-0.420166	-0.607666	0.775146	-7.873535	1.220703	12.573241
2024-02-07 19:02:02.840	-0.42041	-0.611084	0.775391	-7.019042	1.464844	12.512206
2024-02-07 19:02:02.850	-0.422363	-0.612061	0.774658	-6.225585	1.464844	11.657714
2024-02-07 19:02:02.860	-0.424561	-0.608154	0.78418	-5.798339	1.464844	10.498046
2024-02-07 19:02:02.870	-0.424316	-0.609375	0.791992	-5.554199	1.647949	9.399414
2024-02-07 19:02:02.880	-0.42749	-0.606934	0.789307	-5.371093	1.708984	8.666992
2024-02-07 19:02:02.890	-0.430664	-0.600098	0.787354	-5.126953	1.342773	8.056641
2024-02-07 19:02:02.900	-0.429688	-0.5979	0.783691	-4.150391	1.098633	7.446289
2024-02-07 19:02:02.910	-0.432617	-0.596191	0.786377	-2.624511	1.281738	7.080078
2024-02-07 19:02:02.920	-0.429932	-0.596191	0.787598	-1.403808	1.647949	6.713867
2024-02-07 19:02:02.930	-0.429688	-0.594971	0.785889	-0.854492	2.01416	6.16455
2024-02-07 19:02:02.940	-0.426514	-0.595703	0.784668	-0.610352	2.075195	5.676269
2024-02-07 19:02:02.950	-0.424561	-0.59375	0.785156	-0.427246	2.01416	5.371093
2024-02-07 19:02:02.960	-0.420898	-0.589355	0.777344	0.12207	1.770019	5.371093
2024-02-07 19:02:02.970	-0.420166	-0.580078	0.768066	1.281738	1.403808	5.737304
2024-02-07 19:02:02.980	-0.421875	-0.577148	0.769287	3.295898	0.854492	6.225585
2024-02-07 19:02:02.990	-0.420898	-0.582275	0.77124	5.493164	0.305176	6.530761
2024-02-07 19:02:03.000	-0.42334	-0.588623	0.777588	6.958007	0.183105	6.225585
2024-02-07 19:02:03.010	-0.428467	-0.595215	0.777832	7.324218	0.305176	5.554199
2024-02-07 19:02:03.020	-0.429932	-0.59668	0.770752	7.263183	0.915527	4.760742
2024-02-07 19:02:03.030	-0.432129	-0.590576	0.762451	7.019042	1.525879	3.784179
2024-02-07 19:02:03.040	-0.430176	-0.586182	0.757568	7.324218	1.770019	2.441406
2024-02-07 19:02:03.050	-0.424805	-0.575928	0.752197	7.751464	1.525879	0.732422
2024-02-07 19:02:03.060	-0.422852	-0.566895	0.751221	7.93457	1.403808	-0.793457
2024-02-07 19:02:03.070	-0.419678	-0.559814	0.753174	7.93457	1.281738	-1.708984
2024-02-07 19:02:03.080	-0.417236	-0.555664	0.753418	8.056641	1.403808	-2.13623
2024-02-07 19:02:03.090	-0.419189	-0.553955	0.754639	7.93457	1.708984	-2.13623
2024-02-07 19:02:03.100	-0.418457	-0.548096	0.751221	7.873535	1.831055	-2.01416
2024-02-07 19:02:03.110	-0.414551	-0.541992	0.747559	7.93457	1.464844	-2.075195
2024-02-07 19:02:03.120	-0.413574	-0.539307	0.742676	8.117676	1.098633	-2.258301
2024-02-07 19:02:03.130	-0.411377	-0.533936	0.737793	8.666992	0.671387	-2.624511
2024-02-07 19:02:03.140	-0.410889	-0.531982	0.732422	9.521484	0.366211	-2.868652
2024-02-07 19:02:03.150	-0.408203	-0.531982	0.738281	10.375976	0.183105	-2.990722
2024-02-07 19:02:03.160	-0.405029	-0.541504	0.742676	11.108397	0.0	-3.051758
2024-02-07 19:02:03.170	-0.403564	-0.550537	0.74707	11.108397	-0.183105	-2.990722
2024-02-07 19:02:03.180	-0.399414	-0.557129	0.748291	10.19287	-0.366211	-2.746582
2024-02-07 19:02:03.190	-0.398193	-0.560303	0.751953	8.789063	-0.671387	-2.441406
2024-02-07 19:02:03.200	-0.402588	-0.560547	0.755371	7.385253	-0.976562	-2.075195
2024-02-07 19:02:03.210	-0.405273	-0.557617	0.755127	6.652832	-1.159668	-1.953125
2024-02-07 19:02:03.220	-0.411621	-0.557129	0.758545	6.713867	-1.159668	-2.075195
2024-02-07 19:02:03.230	-0.417969	-0.560303	0.764893	6.591796	-0.976562	-2.807617
2024-02-07 19:02:03.240	-0.416016	-0.558838	0.765137	5.798339	-0.610352	-3.601074
2024-02-07 19:02:03.250	-0.418213	-0.553955	0.764404	5.065917	0.0	-4.211426
2024-02-07 19:02:03.260	-0.418457	-0.55249	0.767822	4.882813	0.366211	-4.516602
2024-02-07 19:02:03.269	-0.415039	-0.547607	0.768066	4.699707	0.854492	-4.638672
2024-02-07 19:02:03.280	-0.416748	-0.545654	0.767578	4.394531	1.281738	-4.760742
2024-02-07 19:02:03.290	-0.411865	-0.545898	0.769043	4.455566	1.342773	-4.760742
2024-02-07 19:02:03.300	-0.40625	-0.547852	0.77832	4.638672	1.464844	-5.065917
2024-02-07 19:02:03.310	-0.408691	-0.546387	0.787109	4.577637	1.770019	-5.554199
2024-02-07 19:02:03.320	-0.410645	-0.542969	0.78833	3.845215	1.953125	-6.103515
2024-02-07 19:02:03.330	-0.404785	-0.541504	0.784424	2.685547	1.464844	-6.530761
2024-02-07 19:02:03.340	-0.398682	-0.536621	0.781738	2.01416	0.610352	-6.408691
2024-02-07 19:02:03.350	-0.399902	-0.536377	0.784668	2.13623	-0.366211	-5.981445
2024-02-07 19:02:03.360	-0.4021	-0.541992	0.783447	2.502441	-1.220703	-5.493164
2024-02-07 19:02:03.370	-0.404297	-0.544678	0.774414	2.319336	-2.01416	-4.943848
2024-02-07 19:02:03.380	-0.405518	-0.548096	0.772949	2.380371	-2.929687	-4.150391
2024-02-07 19:02:03.390	-0.40918	-0.553223	0.775879	3.051758	-3.662109	-2.807617
2024-02-07 19:02:03.400	-0.405762	-0.558105	0.781006	3.540039	-3.967285	-1.220703
2024-02-07 19:02:03.410	-0.403564	-0.567139	0.780029	3.967285	-4.333496	0.061035
2024-02-07 19:02:03.420	-0.403564	-0.572754	0.775391	3.90625	-4.821777	1.159668
2024-02-07 19:02:03.430	-0.401611	-0.57251	0.775879	3.173828	-5.371093	2.13623
2024-02-07 19:02:03.440	-0.401367	-0.574707	0.780762	2.258301	-5.859375	2.990722
2024-02-07 19:02:03.450	-0.401611	-0.575684	0.7854	0.793457	-5.859375	3.723144
2024-02-07 19:02:03.460	-0.403809	-0.572266	0.784424	-0.854492	-5.065917	4.821777
2024-02-07 19:02:03.470	-0.401123	-0.571777	0.777588	-2.197266	-3.90625	6.225585
2024-02-07 19:02:03.480	-0.400391	-0.568359	0.771484	-3.051758	-2.624511	7.751464
2024-02-07 19:02:03.490	-0.401123	-0.564453	0.764893	-3.417969	-1.464844	9.094238
2024-02-07 19:02:03.500	-0.402588	-0.561279	0.762695	-3.356933	-0.915527	9.521484
2024-02-07 19:02:03.510	-0.401855	-0.561035	0.763672	-3.234863	-0.854492	9.277344
2024-02-07 19:02:03.520	-0.407471	-0.565674	0.775635	-3.540039	-0.732422	8.911133
2024-02-07 19:02:03.530	-0.415527	-0.566406	0.785156	-4.455566	-0.12207	8.850098
2024-02-07 19:02:03.540	-0.418701	-0.564453	0.781982	-5.676269	0.549316	8.789063
2024-02-07 19:02:03.550	-0.420166	-0.564697	0.776367	-6.286621	0.854492	8.544922
2024-02-07 19:02:03.560	-0.419922	-0.560303	0.776855	-6.530761	1.098633	7.8125
2024-02-07 19:02:03.570	-0.417725	-0.555664	0.7771	-6.408691	1.220703	6.958007
2024-02-07 19:02:03.580	-0.416016	-0.550049	0.778076	-5.92041	1.403808	6.408691
2024-02-07 19:02:03.590	-0.410156	-0.549561	0.780762	-5.249023	1.647949	6.347656
2024-02-07 19:02:03.600	-0.410156	-0.549805	0.787598	-4.821777	1.708984	6.591796
2024-02-07 19:02:03.610	-0.408447	-0.549072	0.787842	-4.821777	1.281738	7.080078
2024-02-07 19:02:03.620	-0.403809	-0.549805	0.789307	-4.821777	0.427246	7.446289
2024-02-07 19:02:03.630	-0.40332	-0.551025	0.791992	-4.394531	-0.427246	7.690429
2024-02-07 19:02:03.640	-0.407471	-0.555664	0.792725	-3.845215	-1.037598	8.178711
2024-02-07 19:02:03.650	-0.405762	-0.560059	0.791748	-4.089355	-1.464844	8.666992
2024-02-07 19:02:03.660	-0.406738	-0.560547	0.787598	-4.638672	-1.953125	9.216309
2024-02-07 19:02:03.670	-0.406738	-0.55957	0.78125	-4.760742	-2.502441	9.887695
2024-02-07 19:02:03.680	-0.409424	-0.557373	0.775635	-4.02832	-3.173828	10.498046
2024-02-07 19:02:03.690	-0.414063	-0.556641	0.779297	-2.929687	-3.356933	10.986327
2024-02-07 19:02:03.700	-0.415527	-0.560547	0.777588	-2.197266	-3.295898	11.169433
2024-02-07 19:02:03.710	-0.421387	-0.563232	0.776855	-2.13623	-2.807617	10.925292
2024-02-07 19:02:03.720	-0.425537	-0.561523	0.778564	-2.380371	-1.953125	10.31494
2024-02-07 19:02:03.730	-0.429443	-0.555664	0.782715	-2.685547	-1.281738	9.643555
2024-02-07 19:02:03.740	-0.430664	-0.551514	0.783936	-2.624511	-0.427246	8.544922
2024-02-07 19:02:03.750	-0.429688	-0.545654	0.784668	-2.13623	0.366211	7.263183
2024-02-07 19:02:03.760	-0.429688	-0.54126	0.781982	-1.342773	0.915527	5.981445
2024-02-07 19:02:03.770	-0.427246	-0.540527	0.780273	-0.12207	1.464844	4.516602
2024-02-07 19:02:03.780	-0.423096	-0.5354	0.779297	1.098633	1.770019	3.173828
2024-02-07 19:02:03.790	-0.419434	-0.533203	0.781494	2.441406	1.831055	2.258301
2024-02-07 19:02:03.800	-0.41626	-0.537598	0.780762	3.784179	2.01416	1.586914
2024-02-07 19:02:03.810	-0.411377	-0.54248	0.777832	4.211426	2.258301	1.098633
2024-02-07 19:02:03.820	-0.408447	-0.549316	0.774414	3.90625	2.319336	0.854492
2024-02-07 19:02:03.830	-0.408447	-0.548828	0.774902	3.662109	2.258301	0.854492
2024-02-07 19:02:03.840	-0.406982	-0.545898	0.774414	3.540039	2.01416	0.488281
2024-02-07 19:02:03.850	-0.404053	-0.545898	0.769775	2.929687	1.159668	-0.305176
2024-02-07 19:02:03.860	-0.404297	-0.541504	0.762695	2.380371	-0.12207	-1.403808
2024-02-07 19:02:03.870	-0.408447	-0.540771	0.765381	2.624511	-1.159668	-2.01416
2024-02-07 19:02:03.880	-0.412842	-0.544922	0.775391	3.234863	-1.708984	-2.13623
2024-02-07 19:02:03.890	-0.420898	-0.547363	0.780762	3.540039	-2.075195	-2.258301
2024-02-07 19:02:03.900	-0.422119	-0.550781	0.783203	2.929687	-2.258301	-2.929687
2024-02-07 19:02:03.910	-0.417236	-0.544922	0.779297	2.13623	-2.197266	-4.089355
2024-02-07 19:02:03.920	-0.41626	-0.544434	0.771729	1.525879	-1.831055	-5.187988
2024-02-07 19:02:03.930	-0.41748	-0.54248	0.763916	1.159668	-1.342773	-6.04248
2024-02-07 19:02:03.940	-0.414063	-0.543457	0.765137	1.281738	-0.854492	-6.408691
2024-02-07 19:02:03.950	-0.411865	-0.545898	0.766846	1.586914	-0.610352	-6.774902
2024-02-07 19:02:03.960	-0.41333	-0.548584	0.771484	1.464844	-0.488281	-7.141113
2024-02-07 19:02:03.970	-0.416992	-0.547852	0.776123	0.915527	-0.244141	-7.385253
2024-02-07 19:02:03.980	-0.419189	-0.547607	0.778564	-0.061035	0.0	-7.873535
2024-02-07 19:02:03.989	-0.416504	-0.544189	0.774658	-0.732422	0.366211	-8.483887
2024-02-07 19:02:03.999	-0.413574	-0.543945	0.769531	-0.732422	0.671387	-8.972168
2024-02-07 19:02:04.009	-0.407715	-0.543457	0.768066	-0.244141	0.976562	-9.094238
2024-02-07 19:02:04.019	-0.403809	-0.542969	0.765381	0.305176	1.525879	-8.850098
2024-02-07 19:02:04.028	-0.405762	-0.544189	0.762451	0.427246	1.831055	-8.483887
2024-02-07 19:02:04.038	-0.404053	-0.544678	0.766113	0.244141	1.831055	-8.239746
2024-02-07 19:02:04.048	-0.405273	-0.549561	0.766357	-0.061035	1.647949	-7.93457
2024-02-07 19:02:04.058	-0.410645	-0.55957	0.769775	-0.793457	1.342773	-7.995605
2024-02-07 19:02:04.067	-0.420654	-0.565186	0.771729	-2.13623	1.037598	-8.117676
