2024-02-01 11:33:21.702	-0.331055	-0.698242	0.634277	-8.666992	-12.939452	-4.150391
2024-02-01 11:33:21.712	-0.330811	-0.709717	0.63501	-10.131835	-17.456055	-3.784179
2024-02-01 11:33:21.722	-0.333252	-0.719727	0.637451	-12.145995	-22.583006	-3.295898
2024-02-01 11:33:21.733	-0.337402	-0.727539	0.638184	-15.197753	-28.015135	-2.624511
2024-02-01 11:33:21.743	-0.340332	-0.737793	0.636475	-18.737793	-33.447266	-1.770019
2024-02-01 11:33:21.753	-0.348389	-0.744385	0.644531	-22.644041	-37.658691	-0.793457
2024-02-01 11:33:21.763	-0.362793	-0.75415	0.651855	-27.160643	-39.978027	0.549316
2024-02-01 11:33:21.774	-0.381104	-0.762939	0.655273	-31.86035	-40.893551	2.563476
2024-02-01 11:33:21.784	-0.392334	-0.76123	0.655273	-36.987305	-40.893551	5.004883
2024-02-01 11:33:21.794	-0.391357	-0.754639	0.644775	-42.175289	-39.916992	7.568359
2024-02-01 11:33:21.805	-0.393555	-0.75293	0.633545	-46.203609	-37.902832	10.437011
2024-02-01 11:33:21.815	-0.396729	-0.750488	0.626709	-50.170895	-34.667969	13.061522
2024-02-01 11:33:21.825	-0.401367	-0.73999	0.615234	-54.077145	-30.944822	15.258788
2024-02-01 11:33:21.835	-0.394043	-0.735352	0.595215	-56.27441	-28.19824	17.150879
2024-02-01 11:33:21.846	-0.387939	-0.733643	0.577148	-56.579586	-26.428221	18.859863
2024-02-01 11:33:21.856	-0.39209	-0.731934	0.562744	-55.786129	-24.414061	19.775391
2024-02-01 11:33:21.866	-0.403564	-0.733154	0.552979	-54.809566	-22.766111	20.1416
2024-02-01 11:33:21.876	-0.416748	-0.739502	0.557617	-52.978512	-21.667479	19.958496
2024-02-01 11:33:21.887	-0.429932	-0.745605	0.567383	-50.842281	-20.202635	19.165039
2024-02-01 11:33:21.897	-0.430664	-0.745117	0.575439	-49.011227	-17.76123	17.76123
2024-02-01 11:33:21.907	-0.424561	-0.749268	0.58374	-46.997066	-15.075683	16.052246
2024-02-01 11:33:21.917	-0.414063	-0.753174	0.590576	-44.799801	-12.451171	14.343261
2024-02-01 11:33:21.927	-0.405762	-0.759277	0.602783	-43.029781	-10.437011	12.512206
2024-02-01 11:33:21.938	-0.397705	-0.770508	0.61499	-41.625973	-9.277344	11.291503
2024-02-01 11:33:21.948	-0.383545	-0.781494	0.613281	-39.855957	-9.155273	11.108397
2024-02-01 11:33:21.958	-0.372314	-0.787842	0.611816	-37.536621	-10.0708	11.596679
2024-02-01 11:33:21.968	-0.362305	-0.800537	0.621826	-35.949707	-11.840819	12.268065
2024-02-01 11:33:21.979	-0.348633	-0.811523	0.622314	-36.987305	-13.916015	13.183593
2024-02-01 11:33:21.989	-0.329346	-0.806885	0.600098	-39.550781	-15.930175	13.97705
2024-02-01 11:33:21.999	-0.315918	-0.794922	0.579102	-40.954586	-18.310547	14.953612
2024-02-01 11:33:22.010	-0.303223	-0.784668	0.580566	-41.381832	-21.911619	16.723633
2024-02-01 11:33:22.020	-0.286621	-0.772949	0.567627	-41.748043	-25.573729	19.53125
2024-02-01 11:33:22.030	-0.277832	-0.768311	0.538574	-40.344234	-28.625486	23.071287
2024-02-01 11:33:22.040	-0.279785	-0.775391	0.510254	-36.743164	-31.738279	26.672361
2024-02-01 11:33:22.051	-0.294434	-0.797852	0.500488	-32.104492	-36.376953	29.846189
2024-02-01 11:33:22.061	-0.316406	-0.826904	0.510254	-29.479979	-42.724606	32.165527
2024-02-01 11:33:22.071	-0.348633	-0.851563	0.531982	-30.395506	-49.987789	33.935547
2024-02-01 11:33:22.081	-0.385986	-0.850586	0.54541	-32.958984	-56.579586	34.423828
2024-02-01 11:33:22.092	-0.418945	-0.835938	0.554688	-34.545898	-61.218258	33.630371
2024-02-01 11:33:22.102	-0.449219	-0.820557	0.566162	-34.118652	-62.744137	32.043457
2024-02-01 11:33:22.112	-0.469971	-0.817627	0.585449	-31.738279	-60.791012	29.663084
2024-02-01 11:33:22.122	-0.477295	-0.824707	0.598877	-27.832029	-56.15234	26.855467
2024-02-01 11:33:22.132	-0.477051	-0.836426	0.608887	-22.888182	-49.926754	23.437498
2024-02-01 11:33:22.143	-0.463135	-0.84668	0.611572	-18.188477	-43.090816	19.775391
2024-02-01 11:33:22.153	-0.437988	-0.860596	0.614014	-15.563964	-35.949707	15.86914
2024-02-01 11:33:22.163	-0.410889	-0.863281	0.607422	-16.235352	-28.625486	12.390136
2024-02-01 11:33:22.173	-0.381104	-0.858398	0.584229	-17.883301	-21.911619	9.399414
2024-02-01 11:33:22.184	-0.361816	-0.8479	0.564209	-18.310547	-16.479492	7.141113
2024-02-01 11:33:22.194	-0.344971	-0.843262	0.536865	-17.63916	-12.145995	6.04248
2024-02-01 11:33:22.204	-0.327637	-0.852539	0.498535	-16.296387	-9.216309	6.225585
2024-02-01 11:33:22.215	-0.319336	-0.875732	0.461914	-15.136718	-8.544922	7.141113
2024-02-01 11:33:22.225	-0.316162	-0.880615	0.458496	-14.953612	-9.82666	8.239746
2024-02-01 11:33:22.235	-0.333984	-0.863525	0.489014	-15.136718	-10.253905	9.399414
2024-02-01 11:33:22.245	-0.343994	-0.833008	0.507568	-12.451171	-9.70459	9.58252
2024-02-01 11:33:22.256	-0.353271	-0.792236	0.516602	-7.263183	-6.713867	9.765625
2024-02-01 11:33:22.266	-0.374512	-0.766113	0.547119	1.342773	-2.197266	11.047362
2024-02-01 11:33:22.276	-0.38501	-0.768066	0.591553	12.145995	0.610352	13.488769
2024-02-01 11:33:22.286	-0.390625	-0.803467	0.639648	20.629881	1.159668	15.930175
2024-02-01 11:33:22.297	-0.401855	-0.841064	0.678711	24.475096	-0.488281	17.63916
2024-02-01 11:33:22.307	-0.405762	-0.867676	0.696289	25.268553	-4.089355	18.249512
2024-02-01 11:33:22.317	-0.408936	-0.884766	0.682373	24.597166	-8.728027	17.700195
2024-02-01 11:33:22.327	-0.420166	-0.89624	0.665527	22.583006	-13.488769	15.808105
2024-02-01 11:33:22.337	-0.425293	-0.892578	0.640381	18.249512	-17.028809	13.732909
2024-02-01 11:33:22.348	-0.423584	-0.875488	0.599854	12.695312	-18.310547	11.596679
2024-02-01 11:33:22.358	-0.423096	-0.853271	0.572266	8.789063	-18.554688	9.399414
2024-02-01 11:33:22.368	-0.424072	-0.834229	0.550293	6.958007	-17.883301	7.446289
2024-02-01 11:33:22.378	-0.423096	-0.82666	0.536133	6.469726	-16.174316	5.981445
2024-02-01 11:33:22.389	-0.419678	-0.829346	0.527344	7.019042	-13.061522	4.333496
2024-02-01 11:33:22.399	-0.412598	-0.831787	0.518799	7.995605	-9.033203	2.01416
2024-02-01 11:33:22.409	-0.407471	-0.831299	0.52002	9.277344	-4.821777	-1.403808
2024-02-01 11:33:22.420	-0.403564	-0.828369	0.519531	11.169433	-0.549316	-5.065917
2024-02-01 11:33:22.430	-0.390137	-0.825195	0.531494	12.756347	3.112793	-7.690429
2024-02-01 11:33:22.440	-0.38208	-0.813721	0.55542	13.610839	6.469726	-8.422852
2024-02-01 11:33:22.450	-0.376221	-0.802979	0.582764	15.014647	9.643555	-7.568359
2024-02-01 11:33:22.459	-0.368408	-0.786865	0.592773	17.456055	12.023925	-6.469726
2024-02-01 11:33:22.469	-0.368896	-0.775391	0.603271	22.27783	13.427733	-5.798339
2024-02-01 11:33:22.479	-0.374756	-0.787842	0.62793	27.832029	14.526366	-5.432128
2024-02-01 11:33:22.489	-0.370361	-0.813721	0.651367	30.517576	15.441894	-5.432128
2024-02-01 11:33:22.500	-0.364502	-0.831543	0.657959	29.479979	15.502929	-5.798339
2024-02-01 11:33:22.510	-0.365967	-0.827637	0.650879	26.794432	14.831542	-5.737304
2024-02-01 11:33:22.520	-0.38623	-0.806152	0.640625	25.939939	13.85498	-5.187988
2024-02-01 11:33:22.530	-0.414551	-0.804443	0.633057	27.893064	13.244628	-5.126953
2024-02-01 11:33:22.540	-0.44165	-0.815918	0.624512	29.602049	13.122558	-5.981445
2024-02-01 11:33:22.549	-0.453125	-0.82959	0.616943	30.761717	13.549804	-7.507324
2024-02-01 11:33:22.559	-0.459961	-0.844971	0.62793	31.86035	15.502929	-9.643555
2024-02-01 11:33:22.569	-0.455566	-0.845459	0.645996	32.348633	19.592285	-12.756347
2024-02-01 11:33:22.579	-0.429443	-0.823975	0.647949	32.775879	25.024412	-16.235352
2024-02-01 11:33:22.590	-0.392578	-0.789063	0.654297	34.606934	30.456541	-18.432617
2024-02-01 11:33:22.600	-0.361084	-0.762939	0.666504	38.208008	35.15625	-19.226074
2024-02-01 11:33:22.610	-0.333008	-0.752197	0.676758	42.66357	38.146973	-18.493652
2024-02-01 11:33:22.620	-0.303467	-0.755127	0.688477	47.119137	38.94043	-16.296387
2024-02-01 11:33:22.630	-0.288818	-0.771729	0.711182	51.879879	37.231445	-12.817382
2024-02-01 11:33:22.639	-0.291748	-0.78833	0.729004	54.199215	33.081055	-8.544922
2024-02-01 11:33:22.649	-0.290039	-0.783691	0.743164	52.001949	27.282713	-4.150391
2024-02-01 11:33:22.659	-0.294678	-0.762939	0.731445	47.790524	20.996092	-0.671387
2024-02-01 11:33:22.670	-0.316162	-0.736572	0.721924	44.250484	14.953612	1.770019
2024-02-01 11:33:22.680	-0.338135	-0.720703	0.719727	42.236324	9.277344	3.723144
2024-02-01 11:33:22.690	-0.358398	-0.714844	0.696777	40.710445	4.638672	5.371093
2024-02-01 11:33:22.700	-0.376709	-0.717773	0.666748	39.794922	0.793457	6.347656
2024-02-01 11:33:22.709	-0.393555	-0.721924	0.657471	39.428711	-2.441406	6.835937
2024-02-01 11:33:22.720	-0.416748	-0.726563	0.65332	38.269043	-4.882813	7.019042
2024-02-01 11:33:22.729	-0.432617	-0.721924	0.643555	36.682129	-6.591796	6.469726
2024-02-01 11:33:22.739	-0.443604	-0.704346	0.629639	36.315918	-7.751464	5.310058
2024-02-01 11:33:22.750	-0.453857	-0.687012	0.626953	37.902832	-7.568359	3.723144
2024-02-01 11:33:22.760	-0.461914	-0.68457	0.634766	40.64941	-5.676269	1.708984
2024-02-01 11:33:22.770	-0.463135	-0.69458	0.653076	42.724606	-1.647949	-0.671387
2024-02-01 11:33:22.780	-0.451416	-0.702881	0.662842	43.334957	3.051758	-3.662109
2024-02-01 11:33:22.790	-0.428955	-0.711182	0.669678	43.762203	7.568359	-6.469726
2024-02-01 11:33:22.799	-0.405762	-0.716797	0.682373	44.616695	11.718749	-8.300781
2024-02-01 11:33:22.809	-0.390869	-0.711182	0.705078	44.006344	15.319823	-8.361816
2024-02-01 11:33:22.819	-0.380615	-0.701904	0.720215	40.954586	18.493652	-6.835937
2024-02-01 11:33:22.830	-0.370361	-0.678223	0.717285	35.827637	20.874022	-4.577637
2024-02-01 11:33:22.840	-0.365234	-0.656494	0.713623	31.433104	22.033689	-2.502441
2024-02-01 11:33:22.850	-0.369629	-0.64209	0.709961	28.320311	22.15576	-0.915527
2024-02-01 11:33:22.861	-0.373779	-0.642334	0.706787	25.939939	21.850584	0.549316
2024-02-01 11:33:22.871	-0.373779	-0.658936	0.695557	23.193357	21.118162	2.075195
2024-02-01 11:33:22.881	-0.374268	-0.675049	0.68042	19.592285	19.958496	3.967285
2024-02-01 11:33:22.891	-0.374756	-0.684082	0.665039	15.014647	18.188477	5.554199
2024-02-01 11:33:22.902	-0.381104	-0.676025	0.648926	9.70459	15.99121	7.019042
2024-02-01 11:33:22.912	-0.387695	-0.648438	0.616699	4.638672	13.122558	7.8125
2024-02-01 11:33:22.922	-0.399658	-0.609131	0.592529	2.990722	10.0708	8.056641
2024-02-01 11:33:22.932	-0.416992	-0.590576	0.58252	4.943848	7.873535	8.300781
2024-02-01 11:33:22.943	-0.435303	-0.594971	0.586914	8.117676	6.835937	8.972168
2024-02-01 11:33:22.953	-0.447998	-0.608398	0.613281	10.681151	7.385253	10.131835
2024-02-01 11:33:22.963	-0.455322	-0.624756	0.640137	13.916015	8.483887	10.986327
2024-02-01 11:33:22.973	-0.462646	-0.648438	0.681885	17.700195	9.887695	11.291503
2024-02-01 11:33:22.984	-0.46875	-0.676758	0.724854	19.65332	11.291503	11.413573
2024-02-01 11:33:22.994	-0.467285	-0.703125	0.759521	18.432617	11.657714	11.413573
2024-02-01 11:33:23.004	-0.462158	-0.717529	0.778809	13.916015	10.559081	11.596679
2024-02-01 11:33:23.014	-0.46167	-0.713867	0.777588	7.568359	8.972168	11.535644
2024-02-01 11:33:23.024	-0.470215	-0.704346	0.772949	2.685547	7.385253	10.437011
2024-02-01 11:33:23.035	-0.480957	-0.692139	0.762451	-0.976562	6.774902	8.911133
2024-02-01 11:33:23.045	-0.485107	-0.676025	0.73584	-3.234863	7.446289	7.019042
2024-02-01 11:33:23.055	-0.483887	-0.665039	0.718994	-3.112793	8.972168	4.272461
2024-02-01 11:33:23.065	-0.481689	-0.660156	0.706543	-2.258301	10.925292	1.037598
2024-02-01 11:33:23.076	-0.474854	-0.648926	0.690918	-1.586914	12.756347	-2.197266
2024-02-01 11:33:23.086	-0.460449	-0.624268	0.688232	-0.183105	14.22119	-5.065917
2024-02-01 11:33:23.096	-0.448975	-0.602295	0.692383	2.929687	15.99121	-8.117676
2024-02-01 11:33:23.107	-0.435547	-0.584717	0.701172	6.225585	18.188477	-10.559081
2024-02-01 11:33:23.117	-0.418701	-0.571777	0.70459	9.338379	20.202635	-11.840819
2024-02-01 11:33:23.127	-0.391846	-0.555664	0.709473	13.000487	20.568846	-11.596679
2024-02-01 11:33:23.137	-0.360107	-0.553955	0.723145	17.63916	20.446775	-10.0708
2024-02-01 11:33:23.148	-0.342285	-0.562988	0.736816	21.179197	20.324705	-7.629394
2024-02-01 11:33:23.158	-0.323242	-0.572021	0.758057	21.728514	18.798828	-4.394531
2024-02-01 11:33:23.168	-0.321777	-0.57251	0.769287	21.362303	16.967773	-1.220703
2024-02-01 11:33:23.178	-0.365723	-0.580566	0.760742	21.911619	12.939452	1.831055
2024-02-01 11:33:23.188	-0.405273	-0.591064	0.755859	22.766111	2.502441	4.699707
2024-02-01 11:33:23.199	-0.424072	-0.608154	0.759766	22.521971	-10.375976	6.958007
2024-02-01 11:33:23.209	-0.445313	-0.632813	0.758545	20.1416	-19.714355	8.117676
2024-02-01 11:33:23.219	-0.475586	-0.647705	0.747803	17.150879	-24.780272	7.751464
2024-02-01 11:33:23.229	-0.499268	-0.65332	0.739014	14.709472	-25.756834	5.187988
2024-02-01 11:33:23.239	-0.512207	-0.653076	0.727051	12.268065	-23.742674	1.220703
2024-02-01 11:33:23.250	-0.520508	-0.640381	0.716553	9.338379	-19.897461	-3.540039
2024-02-01 11:33:23.260	-0.518311	-0.623535	0.708008	6.958007	-15.197753	-8.239746
2024-02-01 11:33:23.270	-0.510986	-0.615723	0.698486	5.187988	-10.131835	-12.268065
2024-02-01 11:33:23.280	-0.494873	-0.617676	0.689697	3.051758	-5.432128	-15.197753
2024-02-01 11:33:23.290	-0.487549	-0.619629	0.689697	0.976562	-0.427246	-16.906738
2024-02-01 11:33:23.299	-0.474854	-0.618164	0.686523	-0.183105	4.882813	-18.676758
2024-02-01 11:33:23.309	-0.449707	-0.615723	0.685303	-0.671387	9.338379	-20.202635
2024-02-01 11:33:23.319	-0.426758	-0.613525	0.690674	-1.037598	12.634276	-21.057127
2024-02-01 11:33:23.329	-0.40918	-0.612793	0.695313	-2.01416	14.526366	-21.179197
2024-02-01 11:33:23.340	-0.390137	-0.615479	0.705322	-3.662109	14.831542	-21.179197
2024-02-01 11:33:23.350	-0.379883	-0.618164	0.711182	-6.16455	13.610839	-21.118162
2024-02-01 11:33:23.360	-0.370361	-0.616211	0.700684	-9.338379	11.108397	-20.202635
2024-02-01 11:33:23.370	-0.37207	-0.611572	0.697266	-12.145995	8.422852	-18.371582
2024-02-01 11:33:23.380	-0.383057	-0.60791	0.697021	-13.427733	6.286621	-16.296387
2024-02-01 11:33:23.389	-0.391113	-0.606934	0.69873	-13.97705	4.455566	-14.343261
2024-02-01 11:33:23.399	-0.395752	-0.611328	0.702881	-14.282226	2.990722	-12.634276
2024-02-01 11:33:23.409	-0.399902	-0.619141	0.707764	-14.770507	1.525879	-11.657714
2024-02-01 11:33:23.420	-0.410156	-0.630371	0.709229	-16.357422	-0.061035	-11.108397
2024-02-01 11:33:23.430	-0.417725	-0.639648	0.710205	-18.493652	-2.197266	-11.108397
2024-02-01 11:33:23.440	-0.424072	-0.647705	0.709229	-20.874022	-4.577637	-11.291503
2024-02-01 11:33:23.450	-0.432861	-0.651367	0.709473	-22.583006	-6.591796	-11.840819
2024-02-01 11:33:23.459	-0.44873	-0.658936	0.707031	-23.559568	-8.056641	-12.939452
2024-02-01 11:33:23.469	-0.461914	-0.669434	0.696777	-24.414061	-8.728027	-14.526366
2024-02-01 11:33:23.479	-0.469482	-0.67749	0.692871	-25.512693	-8.605957	-16.479492
2024-02-01 11:33:23.489	-0.467773	-0.680664	0.695557	-26.916502	-7.080078	-18.798828
2024-02-01 11:33:23.500	-0.452393	-0.670654	0.686035	-27.404783	-3.417969	-21.301268
2024-02-01 11:33:23.510	-0.431885	-0.657227	0.673584	-25.207518	1.831055	-23.498533
2024-02-01 11:33:23.520	-0.413086	-0.648193	0.676758	-21.789549	7.263183	-24.536131
2024-02-01 11:33:23.530	-0.390381	-0.650146	0.687256	-19.958496	11.901855	-23.986814
2024-02-01 11:33:23.540	-0.366211	-0.650391	0.693359	-19.775391	15.197753	-22.766111
2024-02-01 11:33:23.549	-0.354004	-0.664063	0.692139	-20.019531	16.235352	-21.972654
2024-02-01 11:33:23.559	-0.355225	-0.677246	0.686523	-20.507811	15.502929	-21.545408
2024-02-01 11:33:23.569	-0.369385	-0.692627	0.679443	-21.179197	13.488769	-21.728514
2024-02-01 11:33:23.579	-0.387207	-0.70459	0.666992	-22.27783	10.681151	-22.3999
2024-02-01 11:33:23.590	-0.405273	-0.708984	0.658203	-23.132322	8.422852	-23.620604
2024-02-01 11:33:23.600	-0.420898	-0.709229	0.655762	-23.620604	7.141113	-25.451658
2024-02-01 11:33:23.610	-0.434326	-0.703369	0.656738	-23.498533	6.958007	-28.015135
2024-02-01 11:33:23.620	-0.428711	-0.691406	0.651367	-23.315428	7.751464	-30.639647
2024-02-01 11:33:23.630	-0.413818	-0.686279	0.641357	-22.644041	8.972168	-32.897949
2024-02-01 11:33:23.640	-0.401123	-0.695801	0.629395	-21.118162	9.399414	-34.790039
2024-02-01 11:33:23.650	-0.38623	-0.708008	0.629395	-19.470215	8.789063	-35.705566
2024-02-01 11:33:23.660	-0.371094	-0.716797	0.636719	-17.456055	8.789063	-35.339355
2024-02-01 11:33:23.670	-0.369629	-0.724854	0.656738	-13.916015	9.94873	-34.423828
2024-02-01 11:33:23.681	-0.364746	-0.727051	0.682129	-10.009766	11.596679	-32.836914
2024-02-01 11:33:23.691	-0.355469	-0.72998	0.698486	-6.896972	13.061522	-30.822752
2024-02-01 11:33:23.701	-0.350586	-0.739014	0.714844	-5.859375	13.000487	-28.747557
2024-02-01 11:33:23.711	-0.347168	-0.736328	0.729248	-7.141113	11.230468	-26.550291
2024-02-01 11:33:23.722	-0.345947	-0.723877	0.739258	-8.483887	8.178711	-24.597166
2024-02-01 11:33:23.732	-0.355957	-0.716797	0.73877	-8.422852	4.760742	-22.583006
2024-02-01 11:33:23.742	-0.366699	-0.718018	0.72998	-7.446289	1.525879	-20.751951
2024-02-01 11:33:23.753	-0.373291	-0.727783	0.723145	-6.530761	-0.976562	-18.798828
2024-02-01 11:33:23.763	-0.386719	-0.744141	0.716553	-6.713867	-2.563476	-16.845703
2024-02-01 11:33:23.773	-0.406982	-0.760986	0.705566	-7.446289	-3.295898	-15.930175
2024-02-01 11:33:23.783	-0.42749	-0.774902	0.689697	-8.422852	-4.02832	-16.052246
2024-02-01 11:33:23.794	-0.434814	-0.775391	0.672119	-10.375976	-4.150391	-16.662598
2024-02-01 11:33:23.804	-0.437744	-0.760498	0.645264	-11.535644	-2.868652	-17.456055
2024-02-01 11:33:23.814	-0.438232	-0.749756	0.627686	-10.620116	-0.610352	-18.371582
2024-02-01 11:33:23.824	-0.430664	-0.74585	0.623535	-8.361816	2.380371	-19.40918
2024-02-01 11:33:23.834	-0.412109	-0.747803	0.624756	-6.530761	5.493164	-20.446775
2024-02-01 11:33:23.845	-0.387939	-0.754883	0.624512	-4.821777	8.361816	-20.690916
2024-02-01 11:33:23.855	-0.366699	-0.760742	0.625977	-2.685547	10.375976	-20.38574
2024-02-01 11:33:23.865	-0.353027	-0.769531	0.628906	-0.183105	11.657714	-19.958496
2024-02-01 11:33:23.875	-0.346436	-0.777344	0.631104	2.13623	12.390136	-19.165039
2024-02-01 11:33:23.886	-0.346924	-0.783447	0.640381	3.295898	12.878417	-17.883301
2024-02-01 11:33:23.896	-0.352539	-0.791504	0.644531	2.563476	13.366698	-16.662598
2024-02-01 11:33:23.906	-0.353516	-0.784912	0.647461	0.488281	13.793944	-15.86914
2024-02-01 11:33:23.916	-0.354248	-0.776367	0.642578	-0.488281	13.793944	-15.502929
2024-02-01 11:33:23.927	-0.358154	-0.770752	0.644531	-0.793457	13.061522	-15.014647
2024-02-01 11:33:23.937	-0.363037	-0.767334	0.654053	-0.854492	12.268065	-14.404296
2024-02-01 11:33:23.947	-0.36499	-0.765625	0.647705	-0.061035	12.08496	-14.09912
2024-02-01 11:33:23.958	-0.366455	-0.773438	0.643555	2.075195	11.901855	-14.22119
2024-02-01 11:33:23.968	-0.369385	-0.785156	0.66626	3.295898	10.620116	-14.892577
2024-02-01 11:33:23.978	-0.372559	-0.794678	0.673096	1.89209	9.277344	-15.808105
2024-02-01 11:33:23.988	-0.384521	-0.796387	0.661621	0.061035	7.629394	-16.662598
2024-02-01 11:33:23.999	-0.387939	-0.800049	0.65332	-0.732422	5.065917	-17.944336
2024-02-01 11:33:24.009	-0.380859	-0.802246	0.6521	-0.976562	2.807617	-20.446775
2024-02-01 11:33:24.019	-0.365479	-0.806641	0.651611	-2.197266	1.89209	-23.864744
2024-02-01 11:33:24.029	-0.351563	-0.806641	0.644775	-3.784179	3.112793	-27.099607
2024-02-01 11:33:24.040	-0.347412	-0.799805	0.634277	-4.089355	5.981445	-30.029295
2024-02-01 11:33:24.049	-0.351563	-0.799805	0.61792	-3.662109	9.399414	-31.921385
2024-02-01 11:33:24.059	-0.345947	-0.792236	0.60083	-3.479004	13.916015	-32.897949
2024-02-01 11:33:24.069	-0.340088	-0.773438	0.592773	-2.380371	19.958496	-33.874512
2024-02-01 11:33:24.079	-0.328369	-0.753174	0.589111	0.427246	26.000975	-34.790039
2024-02-01 11:33:24.090	-0.313721	-0.731201	0.583496	3.356933	30.2124	-34.790039
2024-02-01 11:33:24.100	-0.302002	-0.706299	0.577637	6.652832	32.287598	-33.569336
2024-02-01 11:33:24.110	-0.282227	-0.694336	0.574219	11.108397	32.653809	-31.494139
2024-02-01 11:33:24.119	-0.269043	-0.704102	0.577148	14.892577	32.592773	-28.625486
2024-02-01 11:33:24.129	-0.263672	-0.728271	0.593506	17.883301	32.470703	-25.939939
2024-02-01 11:33:24.139	-0.264893	-0.759033	0.605225	19.592285	31.494139	-23.498533
2024-02-01 11:33:24.149	-0.255859	-0.782715	0.606201	19.592285	29.663084	-20.996092
2024-02-01 11:33:24.159	-0.252197	-0.802734	0.611572	19.470215	27.038572	-18.981934
2024-02-01 11:33:24.170	-0.267578	-0.811523	0.631348	18.432617	24.902342	-17.76123
2024-02-01 11:33:24.180	-0.289795	-0.804932	0.65625	16.906738	23.071287	-17.028809
2024-02-01 11:33:24.190	-0.299805	-0.796143	0.658691	16.113281	20.568846	-16.723633
2024-02-01 11:33:24.200	-0.289551	-0.794189	0.632813	14.953612	17.578125	-15.86914
2024-02-01 11:33:24.209	-0.293457	-0.7854	0.63208	12.939452	15.319823	-14.770507
2024-02-01 11:33:24.219	-0.305908	-0.789063	0.630859	11.291503	14.587401	-13.671874
2024-02-01 11:33:24.229	-0.318359	-0.806152	0.626465	8.728027	13.671874	-12.573241
2024-02-01 11:33:24.239	-0.321533	-0.810059	0.632568	5.432128	13.122558	-11.718749
2024-02-01 11:33:24.250	-0.314453	-0.805908	0.624756	2.685547	14.465331	-12.145995
2024-02-01 11:33:24.260	-0.30835	-0.789307	0.639893	3.417969	17.150879	-14.648437
2024-02-01 11:33:24.270	-0.294922	-0.789307	0.658691	7.141113	18.859863	-18.676758
2024-02-01 11:33:24.280	-0.274414	-0.80249	0.639648	7.751464	18.920898	-21.911619
2024-02-01 11:33:24.290	-0.264404	-0.807617	0.619385	5.249023	17.51709	-22.766111
2024-02-01 11:33:24.299	-0.261475	-0.809082	0.611328	2.868652	15.747069	-22.583006
2024-02-01 11:33:24.309	-0.267334	-0.806641	0.604492	0.0	15.380858	-21.545408
2024-02-01 11:33:24.319	-0.281006	-0.784912	0.610352	-1.953125	16.479492	-20.019531
2024-02-01 11:33:24.329	-0.283203	-0.766602	0.616699	-1.708984	18.127441	-18.981934
2024-02-01 11:33:24.340	-0.263184	-0.766846	0.615723	-1.525879	19.836426	-18.676758
2024-02-01 11:33:24.350	-0.239258	-0.776855	0.604248	-2.441406	19.714355	-18.676758
2024-02-01 11:33:24.360	-0.228271	-0.787842	0.593018	-4.821777	16.784668	-18.188477
2024-02-01 11:33:24.370	-0.233643	-0.80542	0.611572	-8.544922	11.657714	-17.822266
2024-02-01 11:33:24.380	-0.249023	-0.815918	0.63208	-12.878417	6.530761	-17.700195
2024-02-01 11:33:24.389	-0.26416	-0.819824	0.618896	-16.601563	1.525879	-17.333984
2024-02-01 11:33:24.399	-0.274902	-0.834717	0.612061	-18.310547	-4.02832	-16.845703
2024-02-01 11:33:24.409	-0.285156	-0.855469	0.633057	-20.996092	-8.972168	-17.028809
2024-02-01 11:33:24.420	-0.297119	-0.859863	0.622559	-26.367186	-11.596679	-17.578125
2024-02-01 11:33:24.430	-0.301025	-0.847656	0.615234	-29.907225	-12.634276	-18.737793
2024-02-01 11:33:24.440	-0.30542	-0.839355	0.60791	-31.127928	-12.878417	-20.080564
2024-02-01 11:33:24.450	-0.302246	-0.845703	0.595703	-32.287598	-13.122558	-21.179197
2024-02-01 11:33:24.460	-0.291504	-0.849609	0.572754	-34.790039	-13.427733	-22.094725
2024-02-01 11:33:24.470	-0.304932	-0.835205	0.563965	-36.682129	-12.634276	-23.986814
2024-02-01 11:33:24.480	-0.318848	-0.810547	0.567383	-34.179688	-9.521484	-27.9541
2024-02-01 11:33:24.491	-0.313477	-0.781006	0.567383	-27.832029	-4.02832	-33.447266
2024-02-01 11:33:24.501	-0.293701	-0.766846	0.5354	-21.179197	3.967285	-37.780762
2024-02-01 11:33:24.511	-0.272217	-0.763428	0.517334	-15.075683	12.329101	-39.916992
2024-02-01 11:33:24.521	-0.253906	-0.772949	0.527588	-10.498046	20.690916	-40.832516
2024-02-01 11:33:24.532	-0.233643	-0.790771	0.534668	-8.544922	28.564451	-41.198727
2024-02-01 11:33:24.542	-0.203857	-0.810547	0.545898	-8.544922	34.545898	-40.588375
2024-02-01 11:33:24.552	-0.188232	-0.840576	0.577148	-7.385253	38.635254	-40.161129
2024-02-01 11:33:24.562	-0.172363	-0.883057	0.597412	-8.056641	41.076656	-40.466305
2024-02-01 11:33:24.573	-0.162842	-0.896729	0.604492	-11.596679	40.954586	-40.954586
2024-02-01 11:33:24.583	-0.170654	-0.876465	0.606201	-13.793944	38.085938	-41.931149
2024-02-01 11:33:24.593	-0.177002	-0.848877	0.587646	-13.793944	32.409668	-42.053219
2024-02-01 11:33:24.604	-0.187256	-0.842041	0.560791	-12.08496	25.573729	-40.954586
2024-02-01 11:33:24.614	-0.213867	-0.854736	0.531494	-9.643555	18.981934	-39.733887
2024-02-01 11:33:24.624	-0.236572	-0.861816	0.518555	-7.690429	13.97705	-38.635254
2024-02-01 11:33:24.634	-0.255127	-0.863037	0.508789	-5.798339	11.474608	-38.085938
2024-02-01 11:33:24.645	-0.2771	-0.868652	0.507813	-3.601074	11.596679	-38.330078
2024-02-01 11:33:24.655	-0.289795	-0.881836	0.516357	-2.01416	12.634276	-38.818359
2024-02-01 11:33:24.665	-0.293945	-0.897705	0.526367	-1.342773	14.343261	-39.245605
2024-02-01 11:33:24.675	-0.287354	-0.908936	0.542969	-0.305176	16.845703	-39.855957
2024-02-01 11:33:24.686	-0.273438	-0.916504	0.561768	0.549316	20.507811	-40.283199
2024-02-01 11:33:24.696	-0.253418	-0.918945	0.568115	0.793457	25.512693	-39.550781
2024-02-01 11:33:24.706	-0.227295	-0.908936	0.568359	1.464844	31.127928	-38.269043
2024-02-01 11:33:24.716	-0.196289	-0.900635	0.572021	3.356933	35.705566	-36.193848
2024-02-01 11:33:24.727	-0.174561	-0.897461	0.593262	4.882813	39.0625	-33.38623
2024-02-01 11:33:24.737	-0.169434	-0.895264	0.597412	5.187988	40.40527	-30.334471
2024-02-01 11:33:24.747	-0.155762	-0.891846	0.586426	4.638672	38.94043	-27.404783
2024-02-01 11:33:24.757	-0.14624	-0.887207	0.578125	3.723144	34.973145	-24.536131
2024-02-01 11:33:24.767	-0.157715	-0.885254	0.5625	2.441406	30.09033	-21.545408
2024-02-01 11:33:24.778	-0.168701	-0.890625	0.537109	1.708984	24.536131	-18.249512
2024-02-01 11:33:24.788	-0.181641	-0.905762	0.522461	2.13623	19.348145	-15.075683
2024-02-01 11:33:24.798	-0.205566	-0.923096	0.518066	2.380371	15.686034	-12.695312
2024-02-01 11:33:24.809	-0.228516	-0.921631	0.514404	0.793457	13.916015	-11.291503
2024-02-01 11:33:24.819	-0.23584	-0.907715	0.512207	-0.366211	13.427733	-11.047362
2024-02-01 11:33:24.829	-0.235107	-0.894287	0.517578	-0.12207	13.671874	-11.535644
2024-02-01 11:33:24.839	-0.230713	-0.883301	0.518311	0.183105	14.831542	-11.901855
2024-02-01 11:33:24.850	-0.21582	-0.874023	0.515869	0.610352	16.418457	-11.291503
2024-02-01 11:33:24.860	-0.193359	-0.878418	0.523438	1.281738	17.51709	-10.19287
2024-02-01 11:33:24.870	-0.16748	-0.886719	0.534424	1.89209	18.554688	-9.094238
2024-02-01 11:33:24.880	-0.139893	-0.908936	0.549561	2.075195	20.26367	-8.422852
2024-02-01 11:33:24.889	-0.123535	-0.928467	0.567139	0.976562	21.545408	-8.056641
2024-02-01 11:33:24.899	-0.121582	-0.925781	0.579834	-1.281738	20.874022	-7.8125
2024-02-01 11:33:24.909	-0.122314	-0.903809	0.567627	-2.746582	17.089844	-7.141113
2024-02-01 11:33:24.920	-0.117432	-0.876221	0.552979	-3.356933	11.901855	-6.103515
2024-02-01 11:33:24.930	-0.126709	-0.852783	0.537109	-3.417969	6.835937	-5.065917
2024-02-01 11:33:24.940	-0.137207	-0.83667	0.509521	-2.502441	1.098633	-4.211426
2024-02-01 11:33:24.950	-0.118652	-0.829834	0.483154	-1.159668	-6.530761	-3.967285
2024-02-01 11:33:24.959	-0.10498	-0.843506	0.470703	-0.549316	-14.770507	-3.173828
2024-02-01 11:33:24.969	-0.119629	-0.886963	0.448486	0.915527	-21.545408	-0.427246
2024-02-01 11:33:24.979	-0.128174	-0.925537	0.414063	1.525879	-27.526854	4.516602
2024-02-01 11:33:24.989	-0.127197	-0.929199	0.39624	1.464844	-33.630371	11.108397
2024-02-01 11:33:25.000	-0.170654	-0.916992	0.417236	5.249023	-39.978027	17.456055
2024-02-01 11:33:25.010	-0.219971	-0.907715	0.456787	12.145995	-46.081539	21.423338
2024-02-01 11:33:25.020	-0.244873	-0.901123	0.492188	19.348145	-51.757809	23.010252
2024-02-01 11:33:25.030	-0.272705	-0.902588	0.537354	24.29199	-54.13818	23.376463
2024-02-01 11:33:25.040	-0.296387	-0.905273	0.573242	25.939939	-51.879879	22.766111
2024-02-01 11:33:25.049	-0.302734	-0.906982	0.611816	27.343748	-46.691891	20.507811
2024-02-01 11:33:25.059	-0.292236	-0.919678	0.644531	29.052732	-39.428711	17.028809
2024-02-01 11:33:25.069	-0.281982	-0.946533	0.664551	29.541014	-31.372068	12.634276
2024-02-01 11:33:25.079	-0.262207	-0.963623	0.677002	26.30615	-22.827147	8.361816
2024-02-01 11:33:25.090	-0.238525	-0.9646	0.658447	19.897461	-15.563964	4.943848
2024-02-01 11:33:25.100	-0.2229	-0.947266	0.628418	13.183593	-9.643555	2.624511
2024-02-01 11:33:25.110	-0.215332	-0.923584	0.614258	8.239746	-5.249023	0.793457
2024-02-01 11:33:25.120	-0.210938	-0.898682	0.585449	4.333496	-2.197266	-0.183105
2024-02-01 11:33:25.130	-0.193359	-0.878906	0.546143	1.953125	-0.12207	-0.305176
2024-02-01 11:33:25.139	-0.184814	-0.868164	0.534912	1.586914	1.281738	0.244141
2024-02-01 11:33:25.149	-0.182129	-0.856445	0.519531	1.586914	2.197266	1.098633
2024-02-01 11:33:25.159	-0.18335	-0.842529	0.511475	2.01416	1.953125	2.380371
2024-02-01 11:33:25.170	-0.189453	-0.82666	0.509521	2.990722	0.183105	3.723144
2024-02-01 11:33:25.180	-0.194092	-0.808594	0.508301	4.516602	-2.685547	4.760742
2024-02-01 11:33:25.190	-0.196045	-0.803467	0.509277	6.469726	-5.859375	5.249023
2024-02-01 11:33:25.200	-0.205322	-0.805664	0.522949	8.605957	-7.93457	5.859375
2024-02-01 11:33:25.209	-0.212646	-0.807373	0.543457	11.047362	-8.422852	7.202148
2024-02-01 11:33:25.219	-0.213623	-0.814209	0.562988	13.549804	-7.080078	9.460449
2024-02-01 11:33:25.229	-0.208984	-0.82666	0.584229	16.296387	-4.333496	12.023925
2024-02-01 11:33:25.239	-0.20166	-0.847168	0.59668	18.798828	-0.793457	13.85498
2024-02-01 11:33:25.250	-0.193604	-0.86792	0.616943	19.042969	3.479004	15.136718
2024-02-01 11:33:25.260	-0.181396	-0.871826	0.631592	16.601563	7.568359	16.235352
2024-02-01 11:33:25.270	-0.169678	-0.869141	0.632324	13.305663	10.681151	17.51709
2024-02-01 11:33:25.280	-0.162354	-0.868652	0.632324	10.742187	12.20703	18.981934
2024-02-01 11:33:25.291	-0.15332	-0.86499	0.633789	9.277344	12.023925	20.751951
2024-02-01 11:33:25.301	-0.140869	-0.860107	0.634766	8.300781	10.31494	22.705076
2024-02-01 11:33:25.311	-0.136719	-0.856445	0.626953	7.995605	8.117676	25.085447
2024-02-01 11:33:25.321	-0.141113	-0.858154	0.620361	8.544922	5.310058	27.770994
2024-02-01 11:33:25.332	-0.150146	-0.858154	0.60791	8.666992	1.098633	29.96826
2024-02-01 11:33:25.342	-0.159912	-0.847412	0.598145	7.507324	-4.821777	31.372068
2024-02-01 11:33:25.352	-0.177246	-0.821289	0.598389	7.141113	-12.145995	31.555174
2024-02-01 11:33:25.362	-0.199707	-0.789551	0.600586	9.094238	-19.592285	31.738279
2024-02-01 11:33:25.373	-0.223389	-0.775879	0.60791	13.061522	-25.268553	32.531738
2024-02-01 11:33:25.383	-0.252441	-0.785156	0.614746	18.127441	-28.259275	33.691406
2024-02-01 11:33:25.393	-0.279541	-0.811035	0.626953	22.338865	-28.320311	34.851074
2024-02-01 11:33:25.403	-0.293213	-0.833984	0.64209	25.329588	-26.18408	35.705566
2024-02-01 11:33:25.413	-0.300293	-0.851318	0.65625	27.099607	-22.3999	35.888672
2024-02-01 11:33:25.424	-0.299561	-0.866455	0.671875	26.855467	-17.944336	35.03418
2024-02-01 11:33:25.434	-0.287109	-0.872559	0.684814	24.719236	-14.038085	33.14209
2024-02-01 11:33:25.444	-0.272949	-0.869629	0.687744	20.935057	-10.620116	31.433104
2024-02-01 11:33:25.454	-0.269531	-0.866455	0.679932	16.540527	-8.300781	29.96826
2024-02-01 11:33:25.465	-0.264648	-0.855713	0.663818	12.023925	-7.080078	28.564451
2024-02-01 11:33:25.475	-0.262695	-0.836914	0.640381	8.239746	-6.04248	27.038572
2024-02-01 11:33:25.485	-0.264648	-0.821045	0.62207	6.591796	-4.943848	25.512693
2024-02-01 11:33:25.496	-0.274658	-0.80957	0.618652	6.530761	-4.272461	24.230955
2024-02-01 11:33:25.506	-0.287109	-0.801514	0.632813	6.225585	-3.845215	23.315428
2024-02-01 11:33:25.516	-0.295898	-0.799316	0.644775	4.455566	-3.173828	22.338865
2024-02-01 11:33:25.526	-0.29541	-0.791016	0.639893	2.624511	-2.746582	21.484373
2024-02-01 11:33:25.537	-0.280518	-0.787109	0.625732	1.89209	-2.868652	20.996092
2024-02-01 11:33:25.547	-0.264648	-0.788574	0.621338	1.159668	-3.295898	21.057127
2024-02-01 11:33:25.557	-0.259766	-0.792236	0.608398	0.183105	-3.356933	21.667479
2024-02-01 11:33:25.567	-0.256592	-0.800781	0.594971	0.854492	-3.417969	22.521971
2024-02-01 11:33:25.577	-0.257813	-0.797852	0.593506	2.258301	-4.760742	24.04785
2024-02-01 11:33:25.588	-0.26709	-0.781738	0.597168	3.845215	-6.774902	26.428221
2024-02-01 11:33:25.598	-0.284668	-0.767334	0.609863	5.981445	-8.422852	28.930662
2024-02-01 11:33:25.608	-0.310547	-0.769775	0.623535	7.385253	-9.155273	30.883787
2024-02-01 11:33:25.618	-0.325684	-0.787354	0.63208	7.507324	-9.033203	31.311033
2024-02-01 11:33:25.629	-0.336914	-0.808105	0.644775	6.16455	-7.446289	30.395506
2024-02-01 11:33:25.639	-0.344727	-0.820068	0.657471	3.417969	-4.821777	28.07617
2024-02-01 11:33:25.649	-0.333984	-0.823486	0.657227	0.732422	-1.770019	25.207518
2024-02-01 11:33:25.659	-0.32251	-0.817383	0.654297	-1.586914	1.159668	22.15576
2024-02-01 11:33:25.670	-0.311279	-0.80835	0.654541	-3.845215	3.417969	19.592285
2024-02-01 11:33:25.680	-0.306396	-0.801758	0.65332	-6.469726	4.943848	17.456055
2024-02-01 11:33:25.690	-0.30542	-0.796631	0.645752	-9.216309	5.737304	15.258788
2024-02-01 11:33:25.701	-0.301758	-0.788574	0.641113	-11.718749	5.554199	13.061522
2024-02-01 11:33:25.711	-0.29541	-0.778564	0.630615	-13.549804	4.394531	11.291503
2024-02-01 11:33:25.721	-0.283203	-0.769287	0.618896	-14.831542	2.807617	10.31494
2024-02-01 11:33:25.731	-0.28125	-0.770996	0.611084	-14.282226	2.197266	10.131835
2024-02-01 11:33:25.742	-0.277344	-0.787109	0.59082	-13.366698	2.502441	10.375976
2024-02-01 11:33:25.752	-0.272217	-0.80249	0.574463	-14.038085	3.173828	11.352538
