2024-02-01 00:15:34.375	-0.100342	0.057129	0.944336	-7.995605	2.380371	-3.540039
2024-02-01 00:15:34.385	-0.095947	0.086914	0.93335	-16.357422	-4.821777	-12.145995
2024-02-01 00:15:34.395	-0.10791	0.12915	0.910156	-23.132322	-6.896972	-20.38574
2024-02-01 00:15:34.404	-0.121094	0.160889	0.884521	-24.963377	-4.089355	-28.381346
2024-02-01 00:15:34.414	-0.125977	0.178223	0.861816	-21.789549	-0.12207	-36.437988
2024-02-01 00:15:34.424	-0.131104	0.1875	0.844482	-16.418457	1.464844	-44.189449
2024-02-01 00:15:34.434	-0.132813	0.190674	0.845459	-11.352538	-0.244141	-51.086422
2024-02-01 00:15:34.444	-0.147217	0.200195	0.861816	-8.117676	-2.01416	-57.128902
2024-02-01 00:15:34.453	-0.16748	0.223145	0.867432	-5.615234	-3.173828	-62.988277
2024-02-01 00:15:34.463	-0.171875	0.246094	0.868896	-2.502441	-3.784179	-69.091797
2024-02-01 00:15:34.473	-0.16748	0.25293	0.874756	1.89209	-3.356933	-75.134277
2024-02-01 00:15:34.483	-0.179932	0.236572	0.889404	7.446289	-2.075195	-79.284668
2024-02-01 00:15:34.492	-0.225586	0.199219	0.927979	12.573241	-0.488281	-81.359856
2024-02-01 00:15:34.502	-0.27002	0.162354	0.935791	16.662598	1.464844	-81.787102
2024-02-01 00:15:34.512	-0.280273	0.124756	0.91333	19.592285	3.723144	-82.580559
2024-02-01 00:15:34.521	-0.281006	0.095459	0.904053	20.1416	5.615234	-83.923332
2024-02-01 00:15:34.531	-0.302979	0.085449	0.908936	18.310547	5.432128	-84.167473
2024-02-01 00:15:34.541	-0.327637	0.092041	0.911621	16.601563	3.601074	-83.435051
2024-02-01 00:15:34.551	-0.348145	0.10083	0.915039	16.052246	0.854492	-82.763664
2024-02-01 00:15:34.561	-0.358643	0.114014	0.912598	15.624999	-1.403808	-82.275383
2024-02-01 00:15:34.570	-0.376465	0.131348	0.917236	15.136718	-1.89209	-81.787102
2024-02-01 00:15:34.580	-0.398438	0.134766	0.939453	16.113281	-1.403808	-81.909172
2024-02-01 00:15:34.590	-0.412842	0.119385	0.962891	16.235352	-1.586914	-82.641594
2024-02-01 00:15:34.599	-0.408447	0.092773	0.961426	13.610839	-0.915527	-83.007805
2024-02-01 00:15:34.610	-0.379883	0.076904	0.931885	9.58252	-0.12207	-84.350578
2024-02-01 00:15:34.619	-0.357666	0.094482	0.910889	5.981445	-2.563476	-87.09716
2024-02-01 00:15:34.630	-0.347656	0.115234	0.906494	4.333496	-7.690429	-89.965813
2024-02-01 00:15:34.639	-0.349609	0.131104	0.920654	4.394531	-11.657714	-91.857903
2024-02-01 00:15:34.650	-0.348145	0.130859	0.932129	5.493164	-13.366698	-92.407219
2024-02-01 00:15:34.659	-0.331787	0.11377	0.9375	7.080078	-13.610839	-91.491692
2024-02-01 00:15:34.669	-0.32251	0.09082	0.943115	6.835937	-13.122558	-89.660637
2024-02-01 00:15:34.680	-0.320557	0.077637	0.941895	4.333496	-12.329101	-87.646477
2024-02-01 00:15:34.689	-0.320313	0.074463	0.93457	1.525879	-11.657714	-86.364738
2024-02-01 00:15:34.700	-0.32251	0.073486	0.932617	-0.793457	-10.253905	-85.571281
2024-02-01 00:15:34.709	-0.326416	0.070557	0.930176	-2.075195	-8.850098	-84.777824
2024-02-01 00:15:34.720	-0.331299	0.059814	0.922119	-2.746582	-6.713867	-83.801262
2024-02-01 00:15:34.729	-0.337402	0.049316	0.923584	-3.234863	-3.662109	-82.763664
2024-02-01 00:15:34.740	-0.343262	0.042236	0.92334	-3.540039	-0.976562	-81.359856
2024-02-01 00:15:34.750	-0.345215	0.032471	0.928223	-3.601074	0.854492	-79.345703
2024-02-01 00:15:34.759	-0.349609	0.030762	0.939697	-3.784179	2.685547	-76.843262
2024-02-01 00:15:34.770	-0.35083	0.023682	0.946777	-4.577637	3.784179	-73.913574
2024-02-01 00:15:34.779	-0.349854	0.018555	0.958984	-5.981445	3.967285	-70.739746
2024-02-01 00:15:34.790	-0.364258	0.015869	0.966553	-7.568359	3.845215	-67.016602
2024-02-01 00:15:34.799	-0.380859	0.018311	0.958984	-8.789063	3.967285	-63.232418
2024-02-01 00:15:34.810	-0.39917	0.01416	0.959473	-8.728027	4.394531	-59.93652
2024-02-01 00:15:34.819	-0.418457	0.000488	0.974365	-8.789063	5.004883	-57.189938
2024-02-01 00:15:34.830	-0.428223	-0.013184	0.980713	-9.765625	5.676269	-54.870602
2024-02-01 00:15:34.840	-0.429688	-0.020752	0.983887	-11.657714	5.92041	-52.856441
2024-02-01 00:15:34.849	-0.431396	-0.026611	0.983154	-14.282226	5.92041	-51.147457
2024-02-01 00:15:34.860	-0.426514	-0.024902	0.96167	-15.502929	6.04248	-50.109859
2024-02-01 00:15:34.869	-0.416748	-0.031006	0.950684	-14.953612	7.019042	-49.865719
2024-02-01 00:15:34.880	-0.403809	-0.038818	0.948242	-14.160155	8.178711	-49.743649
2024-02-01 00:15:34.889	-0.38501	-0.039063	0.948242	-13.671874	7.93457	-49.194332
2024-02-01 00:15:34.900	-0.369385	-0.03833	0.960449	-13.061522	7.446289	-48.156734
2024-02-01 00:15:34.909	-0.361084	-0.043457	0.977295	-12.817382	7.385253	-46.752926
2024-02-01 00:15:34.919	-0.356445	-0.052979	0.981201	-13.122558	7.263183	-45.410152
2024-02-01 00:15:34.930	-0.348145	-0.057129	0.969238	-14.038085	7.141113	-44.677731
2024-02-01 00:15:34.939	-0.34082	-0.054199	0.966064	-14.648437	6.591796	-44.494625
2024-02-01 00:15:34.950	-0.342529	-0.051514	0.9646	-14.465331	5.371093	-44.189449
2024-02-01 00:15:34.959	-0.343262	-0.053223	0.958008	-14.09912	4.821777	-43.334957
2024-02-01 00:15:34.970	-0.349854	-0.05542	0.958008	-13.488769	5.554199	-41.564938
2024-02-01 00:15:34.979	-0.365723	-0.052979	0.960449	-12.512206	6.530761	-39.550781
2024-02-01 00:15:34.990	-0.374756	-0.053223	0.952148	-11.230468	7.873535	-37.780762
2024-02-01 00:15:35.000	-0.378418	-0.05957	0.946289	-10.31494	9.094238	-36.254883
2024-02-01 00:15:35.009	-0.384277	-0.07251	0.944336	-9.765625	10.375976	-34.545898
2024-02-01 00:15:35.020	-0.381104	-0.08252	0.937988	-9.338379	11.779784	-32.409668
2024-02-01 00:15:35.029	-0.383789	-0.088867	0.931641	-9.277344	13.061522	-29.724119
2024-02-01 00:15:35.040	-0.396973	-0.090088	0.92627	-9.094238	14.160155	-26.855467
2024-02-01 00:15:35.049	-0.398193	-0.098633	0.919678	-8.483887	14.892577	-24.597166
2024-02-01 00:15:35.060	-0.397217	-0.102295	0.91333	-8.300781	15.319823	-22.521971
2024-02-01 00:15:35.069	-0.400635	-0.109619	0.912598	-8.117676	15.624999	-20.568846
2024-02-01 00:15:35.080	-0.396484	-0.114746	0.91333	-7.690429	15.502929	-18.981934
2024-02-01 00:15:35.090	-0.394775	-0.117432	0.907959	-7.324218	15.075683	-17.76123
2024-02-01 00:15:35.099	-0.395752	-0.117676	0.907471	-7.080078	14.09912	-16.540527
2024-02-01 00:15:35.110	-0.406006	-0.118652	0.908936	-6.408691	12.573241	-15.319823
2024-02-01 00:15:35.119	-0.414795	-0.118896	0.908691	-5.676269	10.559081	-14.404296
2024-02-01 00:15:35.130	-0.418213	-0.12207	0.906006	-5.004883	8.728027	-13.488769
2024-02-01 00:15:35.139	-0.419922	-0.122314	0.905029	-4.150391	7.263183	-12.695312
2024-02-01 00:15:35.150	-0.419434	-0.128174	0.908936	-3.417969	5.859375	-12.08496
2024-02-01 00:15:35.159	-0.412842	-0.135254	0.912598	-3.234863	4.516602	-11.108397
2024-02-01 00:15:35.169	-0.409424	-0.140137	0.914307	-3.295898	2.746582	-9.887695
2024-02-01 00:15:35.180	-0.409668	-0.143799	0.913574	-3.356933	0.732422	-8.850098
2024-02-01 00:15:35.189	-0.413818	-0.145508	0.919189	-3.479004	-0.854492	-8.056641
2024-02-01 00:15:35.200	-0.416748	-0.140137	0.916016	-3.845215	-1.586914	-7.507324
2024-02-01 00:15:35.209	-0.419434	-0.128662	0.911377	-3.356933	-1.953125	-7.507324
2024-02-01 00:15:35.220	-0.417969	-0.130615	0.911865	-2.502441	-1.953125	-7.629394
2024-02-01 00:15:35.229	-0.419678	-0.134766	0.908203	-1.647949	-1.586914	-7.507324
2024-02-01 00:15:35.240	-0.415527	-0.134521	0.908447	-0.854492	-1.098633	-6.896972
2024-02-01 00:15:35.250	-0.416992	-0.138184	0.915039	-0.183105	0.061035	-6.286621
2024-02-01 00:15:35.259	-0.414063	-0.13916	0.92041	0.061035	1.037598	-5.981445
2024-02-01 00:15:35.270	-0.40625	-0.137695	0.922363	-0.305176	1.586914	-5.92041
2024-02-01 00:15:35.279	-0.401855	-0.134277	0.921143	-0.915527	1.89209	-5.981445
2024-02-01 00:15:35.290	-0.402588	-0.129883	0.921143	-1.281738	2.13623	-5.371093
2024-02-01 00:15:35.299	-0.402588	-0.12793	0.919189	-1.220703	2.13623	-4.638672
2024-02-01 00:15:35.310	-0.402832	-0.121826	0.913818	-1.342773	1.953125	-4.272461
2024-02-01 00:15:35.319	-0.40918	-0.111816	0.901611	-1.159668	2.13623	-4.333496
2024-02-01 00:15:35.330	-0.41333	-0.102539	0.89624	-0.183105	2.563476	-4.577637
2024-02-01 00:15:35.340	-0.423096	-0.091064	0.883057	1.037598	3.295898	-5.004883
2024-02-01 00:15:35.349	-0.430664	-0.065674	0.859131	2.746582	3.845215	-5.249023
2024-02-01 00:15:35.360	-0.444336	-0.036133	0.822266	5.187988	3.601074	-5.981445
2024-02-01 00:15:35.369	-0.478516	-0.022217	0.781738	8.239746	2.746582	-9.338379
2024-02-01 00:15:35.380	-0.489258	-0.00708	0.731201	9.94873	1.403808	-15.319823
2024-02-01 00:15:35.389	-0.462646	0.090088	0.631836	12.08496	0.244141	-21.850584
2024-02-01 00:15:35.400	-0.475342	0.264648	0.546143	22.338865	-2.258301	-28.869627
2024-02-01 00:15:35.409	-0.580566	0.363525	0.626709	43.029781	-6.347656	-36.92627
2024-02-01 00:15:35.419	-0.581055	0.409424	0.756348	53.771969	-11.596679	-32.592773
2024-02-01 00:15:35.430	-0.370361	0.457275	0.909424	44.982906	-28.869627	-11.169433
2024-02-01 00:15:35.439	-0.372559	0.327881	1.367188	29.724119	-36.193848	-8.789063
2024-02-01 00:15:35.450	-0.469238	0.441406	1.577393	-0.488281	-8.850098	-42.602535
2024-02-01 00:15:35.459	-0.414551	0.755127	1.07959	-32.470703	6.652832	-86.425774
2024-02-01 00:15:35.470	-0.142578	0.498047	0.617188	-24.29199	-3.356933	-143.005371
2024-02-01 00:15:35.479	0.229736	-0.438965	0.803223	13.671874	-0.305176	-213.01268
2024-02-01 00:15:35.490	0.757813	-1.132324	1.0271	29.602049	11.840819	-262.573242
2024-02-01 00:15:35.500	0.938965	-1.036133	1.102295	6.652832	0.610352	-273.620605
2024-02-01 00:15:35.510	0.52832	-0.493652	1.411621	-17.700195	-42.907711	-286.376953
2024-02-01 00:15:35.520	-0.316895	-0.356934	1.988525	-38.452148	-88.684074	-310.60791
2024-02-01 00:15:35.529	-0.80249	-0.900391	2.22876	-45.654293	-116.577141	-344.787567
2024-02-01 00:15:35.540	-0.874268	-1.408447	2.009033	-60.913082	-151.489258	-354.370087
2024-02-01 00:15:35.549	-0.754395	-1.280518	1.533691	-128.845215	-175.109848	-318.908691
2024-02-01 00:15:35.560	-0.733154	-0.82959	1.140137	-174.194321	-155.151367	-271.728516
2024-02-01 00:15:35.569	-0.766113	-0.563965	1.067383	-165.161118	-102.661125	-235.412582
2024-02-01 00:15:35.580	-0.7229	-0.422119	0.956787	-140.441895	-28.015135	-219.055161
2024-02-01 00:15:35.590	-0.652832	-0.275635	0.756104	-110.351555	45.043941	-223.571762
2024-02-01 00:15:35.599	-0.513916	-0.106934	0.524414	-85.571281	101.318352	-234.43602
2024-02-01 00:15:35.610	-0.337158	-0.106934	0.464111	-61.157223	134.338379	-239.135727
2024-02-01 00:15:35.619	-0.146484	-0.199951	0.536865	-33.691406	146.42334	-232.971176
2024-02-01 00:15:35.630	0.05249	-0.23999	0.50708	-7.507324	140.930176	-224.60936
2024-02-01 00:15:35.639	0.139648	-0.267578	0.580078	8.544922	121.704094	-211.12059
2024-02-01 00:15:35.650	0.179199	-0.290283	0.716309	15.686034	101.745598	-190.490707
2024-02-01 00:15:35.659	0.224609	-0.361084	0.776367	25.390623	82.397453	-168.273911
2024-02-01 00:15:35.669	0.231689	-0.47998	0.89502	31.494139	59.875484	-144.40918
2024-02-01 00:15:35.680	0.175293	-0.503662	1.036621	27.587889	47.363277	-121.704094
2024-02-01 00:15:35.689	-0.001953	-0.37793	1.044922	36.437988	57.189938	-102.294914
2024-02-01 00:15:35.700	-0.146729	-0.224121	1.029297	70.861816	82.031242	-89.233391
2024-02-01 00:15:35.709	-0.196045	-0.120361	1.125732	112.42675	103.942863	-76.477051
2024-02-01 00:15:35.720	-0.280273	-0.044678	1.026611	137.939453	124.1455	-58.959957
2024-02-01 00:15:35.729	-0.397461	-0.029053	0.89624	159.362793	131.347656	-51.330563
2024-02-01 00:15:35.740	-0.472412	-0.123047	0.818604	178.955063	113.586418	-58.959957
2024-02-01 00:15:35.750	-0.420166	-0.300537	0.60791	184.204086	79.345703	-73.852539
2024-02-01 00:15:35.760	-0.205078	-0.428223	0.39209	168.762192	42.846676	-68.969727
2024-02-01 00:15:35.770	-0.21582	-0.259766	0.454346	157.165527	18.249512	-46.508785
2024-02-01 00:15:35.779	-0.133057	0.022217	0.929199	177.551254	8.789063	-53.894039
2024-02-01 00:15:35.790	0.047852	0.057617	1.44751	193.6035	10.681151	-76.721191
2024-02-01 00:15:35.799	0.065918	-0.075684	1.816406	180.358871	23.376463	-87.402336
2024-02-01 00:15:35.809	0.061279	-0.151855	1.880615	145.446777	43.029781	-83.923332
2024-02-01 00:15:35.819	0.148193	-0.057373	1.569336	109.680168	54.199215	-75.744629
2024-02-01 00:15:35.829	0.283691	0.056396	1.289551	90.393059	43.334957	-77.575684
2024-02-01 00:15:35.839	0.303223	0.165039	1.288086	84.716789	35.522461	-87.402336
2024-02-01 00:15:35.848	0.272705	0.280762	1.320801	91.918938	40.710445	-109.863274
2024-02-01 00:15:35.858	0.271484	0.3125	1.28833	109.863274	39.611816	-143.981934
2024-02-01 00:15:35.868	0.237305	0.274902	1.205566	120.849602	32.958984	-179.87059
2024-02-01 00:15:35.877	0.14917	0.189941	1.024658	124.816887	32.714844	-216.735825
2024-02-01 00:15:35.887	0.069336	0.052734	0.922607	124.328606	28.930662	-252.136215
2024-02-01 00:15:35.897	-0.026123	-0.091553	0.84668	117.492668	23.681639	-280.883789
2024-02-01 00:15:35.907	-0.129639	-0.186768	0.760498	110.29052	23.071287	-304.80957
2024-02-01 00:15:35.916	-0.226318	-0.231934	0.739502	100.158684	22.27783	-323.181122
2024-02-01 00:15:35.926	-0.2854	-0.229004	0.795898	83.374016	22.216795	-333.068817
2024-02-01 00:15:35.936	-0.349365	-0.137695	0.845947	67.382813	33.26416	-331.603973
2024-02-01 00:15:35.946	-0.359863	-0.062988	0.915527	67.321777	47.241207	-325.256317
2024-02-01 00:15:35.956	-0.296631	-0.06665	0.981934	79.528809	57.006832	-315.002441
2024-02-01 00:15:35.965	-0.30542	-0.090088	0.999268	90.637199	66.833496	-299.255371
2024-02-01 00:15:35.975	-0.328857	-0.136719	1.027832	93.444817	72.021484	-279.968262
2024-02-01 00:15:35.985	-0.357666	-0.182129	1.052734	81.420891	71.716309	-259.643555
2024-02-01 00:15:35.994	-0.346191	-0.197021	1.023193	58.532711	63.659664	-241.271957
2024-02-01 00:15:36.004	-0.27124	-0.167725	0.977783	32.958984	52.24609	-227.172836
2024-02-01 00:15:36.014	-0.231201	-0.081055	0.968018	9.521484	40.710445	-220.336899
2024-02-01 00:15:36.024	-0.212891	0.012695	0.947998	-4.333496	27.404783	-223.205551
2024-02-01 00:15:36.034	-0.155762	0.078857	0.899414	-5.432128	14.953612	-232.42186
2024-02-01 00:15:36.043	-0.023682	0.134521	0.81958	-1.037598	6.713867	-236.45018
2024-02-01 00:15:36.053	0.129883	0.156494	0.774414	8.850098	9.338379	-229.309067
2024-02-01 00:15:36.063	0.19751	0.111084	0.874512	30.09033	25.085447	-221.740707
2024-02-01 00:15:36.073	0.223633	0.018555	1.069824	53.527828	35.400391	-224.975571
2024-02-01 00:15:36.082	0.398193	-0.037598	1.01709	70.19043	30.334471	-238.159164
2024-02-01 00:15:36.092	0.722656	-0.005859	0.722412	79.162598	13.122558	-246.826157
2024-02-01 00:15:36.102	0.894287	0.064209	0.563477	95.031731	-5.92041	-243.286118
2024-02-01 00:15:36.111	0.753418	0.016602	0.793945	128.173828	-13.183593	-246.520981
2024-02-01 00:15:36.121	0.455811	-0.13623	1.024658	157.958984	-14.892577	-264.526367
2024-02-01 00:15:36.131	0.252441	-0.274902	0.95459	168.884262	-29.907225	-286.437988
2024-02-01 00:15:36.141	0.214844	-0.420166	0.706299	165.283188	-59.387203	-303.161621
2024-02-01 00:15:36.151	0.193604	-0.553467	0.635742	143.310547	-97.534172	-309.082031
2024-02-01 00:15:36.160	0.125488	-0.547119	0.73877	102.966301	-117.858879	-302.734375
2024-02-01 00:15:36.170	0.023438	-0.489014	0.759766	72.44873	-107.788078	-296.75293
2024-02-01 00:15:36.180	0.031494	-0.501953	0.619873	60.852047	-91.369621	-303.894043
2024-02-01 00:15:36.189	0.071045	-0.547363	0.68042	39.367676	-82.336418	-314.758301
2024-02-01 00:15:36.200	-0.019531	-0.442139	0.848145	7.93457	-60.974117	-317.932129
2024-02-01 00:15:36.209	-0.075195	-0.287598	0.810547	6.04248	-31.921385	-312.62207
2024-02-01 00:15:36.220	0.023682	-0.208252	0.603271	27.404783	-18.005371	-296.264648
2024-02-01 00:15:36.229	0.097412	-0.210693	0.463135	44.372555	-11.596679	-272.766113
2024-02-01 00:15:36.240	0.039063	-0.271484	0.758789	52.185055	-2.319336	-252.014145
2024-02-01 00:15:36.250	-0.067871	-0.224854	1.489502	40.100098	12.08496	-230.041489
2024-02-01 00:15:36.259	-0.210205	0.020752	1.635498	30.456541	46.997066	-197.936996
2024-02-01 00:15:36.270	-0.297363	0.233887	1.572021	72.814941	80.566399	-183.227524
2024-02-01 00:15:36.279	-0.015869	0.244873	1.884766	126.892082	78.735352	-185.058578
2024-02-01 00:15:36.290	0.329346	0.112793	1.945313	137.451172	75.98877	-180.908188
2024-02-01 00:15:36.299	0.543457	-0.049805	1.542725	111.511223	76.11084	-168.884262
2024-02-01 00:15:36.310	0.601563	-0.145264	1.157227	94.970695	58.898922	-169.067368
2024-02-01 00:15:36.319	0.628418	-0.29248	1.100098	107.177727	13.244628	-189.331039
2024-02-01 00:15:36.330	0.627197	-0.537842	1.319092	101.074211	-45.288082	-213.01268
2024-02-01 00:15:36.340	0.54248	-0.658447	1.444092	56.27441	-86.669914	-221.313461
2024-02-01 00:15:36.349	0.363037	-0.720947	1.456543	15.808105	-109.863274	-221.435532
2024-02-01 00:15:36.360	0.192627	-0.717773	1.503662	-28.869627	-134.460449	-214.660629
2024-02-01 00:15:36.369	0.01123	-0.604248	1.486572	-77.026367	-151.489258	-205.810532
2024-02-01 00:15:36.380	-0.128906	-0.498779	1.327881	-104.431145	-154.174805	-203.796371
2024-02-01 00:15:36.389	-0.22998	-0.421631	1.081299	-113.464348	-149.475098	-208.923325
2024-02-01 00:15:36.400	-0.263428	-0.371338	0.999023	-117.248528	-149.047852	-217.773422
2024-02-01 00:15:36.409	-0.240723	-0.293213	1.02832	-132.751465	-133.789063	-222.228989
2024-02-01 00:15:36.419	-0.28125	-0.230469	0.968018	-143.798828	-99.243156	-222.534164
2024-02-01 00:15:36.430	-0.277832	-0.212646	0.977051	-142.51709	-62.07275	-221.252426
2024-02-01 00:15:36.439	-0.197998	-0.189209	1.062744	-137.756348	-22.15576	-217.773422
2024-02-01 00:15:36.450	-0.094238	-0.111816	1.051025	-127.80761	22.521971	-211.669907
2024-02-01 00:15:36.459	-0.03125	0.012451	1.072998	-109.313957	61.706539	-206.603989
2024-02-01 00:15:36.470	0.071777	0.115479	1.165283	-84.777824	80.444328	-205.627426
2024-02-01 00:15:36.479	0.202881	0.203613	1.118408	-58.654781	84.83886	-206.054672
2024-02-01 00:15:36.490	0.287598	0.163818	1.134033	-26.123045	79.711914	-211.914047
2024-02-01 00:15:36.500	0.350342	-0.007324	1.159668	-0.793457	70.19043	-218.200668
2024-02-01 00:15:36.510	0.392578	-0.198975	1.147461	11.291503	55.969234	-219.299301
2024-02-01 00:15:36.520	0.442627	-0.305908	1.056885	8.850098	30.456541	-214.416489
2024-02-01 00:15:36.529	0.511963	-0.238037	0.780029	-2.075195	3.112793	-206.176743
2024-02-01 00:15:36.540	0.544922	-0.16333	0.553955	1.342773	-15.136718	-204.345688
2024-02-01 00:15:36.549	0.505127	-0.268799	0.620361	12.634276	-27.832029	-210.632309
2024-02-01 00:15:36.560	0.460205	-0.495117	0.855469	11.779784	-25.573729	-227.905258
2024-02-01 00:15:36.569	0.503906	-0.658691	1.053711	-7.690429	-0.610352	-246.948227
2024-02-01 00:15:36.580	0.584229	-0.623779	1.141602	-31.799314	37.719727	-249.328598
2024-02-01 00:15:36.590	0.565674	-0.493408	1.243164	-41.503902	72.692871	-232.849106
2024-02-01 00:15:36.599	0.465332	-0.341064	1.276855	-41.992184	89.782707	-205.32225
2024-02-01 00:15:36.610	0.378906	-0.139893	1.291992	-38.330078	92.712395	-181.88475
2024-02-01 00:15:36.619	0.401123	0.181152	1.335205	-25.756834	97.473137	-175.415024
2024-02-01 00:15:36.630	0.468018	0.63208	1.444824	-1.953125	105.529778	-175.659164
2024-02-01 00:15:36.639	0.465088	0.969238	1.519287	43.029781	109.985344	-174.011215
2024-02-01 00:15:36.650	0.553223	0.893799	1.553711	111.816399	111.694328	-187.866196
2024-02-01 00:15:36.659	0.815918	0.633057	1.471924	162.902817	109.497063	-214.90477
2024-02-01 00:15:36.669	1.07373	0.608154	1.18457	180.725082	114.135735	-235.229477
2024-02-01 00:15:36.680	1.112549	0.682861	0.920166	198.852524	136.291504	-246.27684
2024-02-01 00:15:36.689	0.934326	0.617432	0.902344	228.027328	152.648926	-263.48877
2024-02-01 00:15:36.700	0.904785	0.336914	1.02002	255.249008	155.456543	-294.494629
2024-02-01 00:15:36.709	0.876465	0.102539	0.849121	264.892578	151.672363	-309.204102
2024-02-01 00:15:36.720	0.758301	-0.155762	0.595215	281.37207	141.235352	-316.223145
2024-02-01 00:15:36.729	0.774658	-0.612549	0.75	300.048828	116.21093	-325.866669
2024-02-01 00:15:36.740	0.760986	-1.018799	0.934082	283.508301	93.383781	-339.294403
2024-02-01 00:15:36.750	0.525146	-1.182861	1.102295	234.497055	61.889645	-361.450165
2024-02-01 00:15:36.759	0.245361	-1.23877	1.258789	177.307114	21.423338	-394.348114
2024-02-01 00:15:36.770	0.050537	-1.12085	1.320068	103.881828	-8.789063	-408.447235
2024-02-01 00:15:36.779	-0.195068	-0.88501	1.269043	21.850584	-15.686034	-388.244598
2024-02-01 00:15:36.790	-0.301025	-0.629395	1.166992	-55.480953	-17.272949	-345.397919
2024-02-01 00:15:36.799	-0.345947	-0.291748	0.996582	-112.976067	-13.122558	-294.372559
2024-02-01 00:15:36.810	-0.398682	0.10376	0.817139	-125.427238	-2.624511	-249.877914
2024-02-01 00:15:36.819	-0.413818	0.455322	0.483887	-91.369621	-0.793457	-214.538559
2024-02-01 00:15:36.830	-0.109131	0.469727	-0.045166	-23.376463	-16.906738	-186.157211
2024-02-01 00:15:36.840	-0.001221	0.083984	-0.177002	25.390623	-19.958496	-171.691879
2024-02-01 00:15:36.849	-0.153809	-0.263672	-0.405762	40.588375	-5.798339	-163.818344
2024-02-01 00:15:36.860	-0.216064	-0.702637	-0.100098	48.400875	4.333496	-168.640121
2024-02-01 00:15:36.869	-0.398193	-1.127197	0.385986	53.100582	22.15576	-186.889633
2024-02-01 00:15:36.880	-0.445313	-1.474854	0.531982	85.571281	11.474608	-247.863754
2024-02-01 00:15:36.889	-0.372314	-1.51123	1.131592	77.087402	-59.020992	-339.904755
2024-02-01 00:15:36.900	-0.22998	-0.680664	1.725098	-55.908199	-135.253906	-340.393036
2024-02-01 00:15:36.909	0.06958	0.853027	1.169678	-149.047852	-163.635239	-253.906235
2024-02-01 00:15:36.919	0.585449	1.939209	0.610352	-62.622066	-176.635727	-181.945786
2024-02-01 00:15:36.930	0.659912	1.613037	0.56958	134.094238	-215.270981	-187.133774
2024-02-01 00:15:36.939	0.860107	0.402344	0.940186	252.441391	-308.166504	-258.544922
2024-02-01 00:15:36.950	0.832764	-0.342041	1.448975	161.315903	-346.496552	-261.169434
2024-02-01 00:15:36.959	0.487061	-0.528809	1.700928	59.692379	-301.940918	-226.74559
2024-02-01 00:15:36.970	0.427979	-0.933838	1.763672	-8.178711	-259.58252	-210.937485
2024-02-01 00:15:36.979	0.395508	-1.038086	1.971191	-103.820793	-189.636215	-187.622055
2024-02-01 00:15:36.990	0.597656	-0.642822	1.765137	-178.039536	-123.718254	-160.339355
2024-02-01 00:15:37.000	0.516113	-0.231689	1.249756	-162.3535	-102.233879	-129.882813
2024-02-01 00:15:37.009	-0.579834	-1.028076	2.255127	47.668453	-52.856441	-270.690918
2024-02-01 00:15:37.020	1.143066	-2.074707	2.065186	33.935547	119.628899	-556.152344
2024-02-01 00:15:37.029	1.634766	-1.51001	1.807373	-138.549805	268.676758	-453.552216
2024-02-01 00:15:37.040	0.428955	-0.421387	1.598145	-201.599106	151.123047	-226.684555
2024-02-01 00:15:37.049	0.452393	-0.151611	1.401367	-162.475571	60.546871	-151.184082
2024-02-01 00:15:37.060	0.392578	-0.275391	1.278076	-120.056145	103.820793	-98.510735
2024-02-01 00:15:37.069	0.114258	-0.715332	1.479004	-83.129875	132.69043	-47.302242
2024-02-01 00:15:37.080	0.0625	-0.951416	1.485596	-79.040527	143.432617	-15.075683
2024-02-01 00:15:37.090	0.066162	-0.865967	1.292969	-104.003899	148.193359	-1.708984
2024-02-01 00:15:37.099	0.05542	-0.751221	1.137939	-128.78418	132.8125	-1.281738
2024-02-01 00:15:37.110	-0.004639	-0.593506	1.01123	-145.935059	101.135246	-1.342773
2024-02-01 00:15:37.119	-0.082764	-0.457764	0.994141	-145.812988	71.899414	1.831055
2024-02-01 00:15:37.130	-0.0896	-0.403564	1.074219	-126.220695	59.326168	8.544922
2024-02-01 00:15:37.139	-0.112793	-0.424072	1.123047	-99.182121	61.767574	10.742187
2024-02-01 00:15:37.150	-0.121582	-0.407471	1.024658	-76.171875	63.049313	11.230468
2024-02-01 00:15:37.159	-0.137207	-0.329346	0.970459	-54.748531	53.771969	18.432617
2024-02-01 00:15:37.169	-0.219727	-0.272217	0.907471	-31.249998	45.288082	30.395506
2024-02-01 00:15:37.180	-0.321045	-0.16626	0.826172	-9.765625	48.400875	43.029781
2024-02-01 00:15:37.189	-0.256348	-0.116943	0.769531	11.047362	57.495113	55.664059
2024-02-01 00:15:37.200	-0.104248	-0.270264	0.77417	29.296873	70.739746	64.39209
2024-02-01 00:15:37.209	0.004639	-0.404541	0.862061	38.269043	83.984367	73.242188
2024-02-01 00:15:37.220	0.091309	-0.533691	0.89502	39.489746	89.965813	89.721672
2024-02-01 00:15:37.229	0.101074	-0.643066	0.929199	30.029295	87.768547	109.802238
2024-02-01 00:15:37.240	0.027832	-0.66626	0.883545	12.20703	78.796387	130.493164
2024-02-01 00:15:37.250	-0.002197	-0.580811	0.70752	-4.760742	66.772461	148.071289
2024-02-01 00:15:37.259	-0.072998	-0.509277	0.681885	-11.474608	54.13818	161.804184
2024-02-01 00:15:37.270	-0.123779	-0.549072	0.73999	-15.624999	38.330078	174.194321
2024-02-01 00:15:37.279	-0.076172	-0.553223	0.792969	-28.381346	14.770507	187.194809
2024-02-01 00:15:37.290	0.017822	-0.50293	0.887207	-49.133297	-12.08496	203.918442
2024-02-01 00:15:37.299	-0.003906	-0.452393	0.986328	-75.134277	-38.94043	223.022446
2024-02-01 00:15:37.310	-0.145996	-0.371582	1.01123	-99.609367	-65.429688	235.046371
2024-02-01 00:15:37.319	-0.307373	-0.230957	0.902588	-118.34716	-84.533684	236.999496
2024-02-01 00:15:37.330	-0.379639	-0.10083	0.831299	-124.572746	-95.520012	237.548813
2024-02-01 00:15:37.340	-0.406982	-0.032715	0.825928	-116.516106	-95.458977	242.614731
2024-02-01 00:15:37.349	-0.427979	-0.023926	0.751709	-105.895988	-89.050285	247.863754
2024-02-01 00:15:37.360	-0.415771	0.003174	0.562744	-98.81591	-80.26123	253.478989
2024-02-01 00:15:37.369	-0.393311	-0.050537	0.512207	-87.463371	-70.678711	258.850098
2024-02-01 00:15:37.380	-0.318604	-0.203613	0.5979	-76.782227	-64.758301	262.145996
2024-02-01 00:15:37.389	-0.219482	-0.373535	0.764893	-74.279785	-64.63623	266.479492
2024-02-01 00:15:37.400	-0.160889	-0.42627	0.917725	-83.984367	-65.124512	277.22168
2024-02-01 00:15:37.409	-0.193848	-0.306152	1.022705	-96.740715	-59.997555	288.024902
2024-02-01 00:15:37.419	-0.262207	-0.101563	1.058105	-106.567375	-49.926754	285.583496
2024-02-01 00:15:37.430	-0.286133	0.058594	1.02417	-107.543938	-40.64941	267.578125
2024-02-01 00:15:37.439	-0.277344	0.10498	1.008789	-94.177238	-35.949707	242.492661
2024-02-01 00:15:37.450	-0.223145	0.050781	1.067139	-77.697754	-35.522461	223.449692
2024-02-01 00:15:37.459	-0.199951	-0.021484	1.153076	-67.077637	-25.085447	216.247543
2024-02-01 00:15:37.470	-0.257324	-0.048584	1.157471	-60.546871	-2.807617	215.02684
2024-02-01 00:15:37.479	-0.321533	-0.054199	1.101563	-51.147457	17.333984	212.707504
2024-02-01 00:15:37.490	-0.34375	-0.074951	1.103271	-37.04834	29.235838	207.09227
2024-02-01 00:15:37.500	-0.314453	-0.089111	1.098389	-22.827147	36.804199	200.866684
2024-02-01 00:15:37.509	-0.27002	-0.097656	1.08252	-11.779784	45.104977	195.37352
2024-02-01 00:15:37.520	-0.227051	-0.098877	1.050781	-2.441406	53.649899	190.490707
2024-02-01 00:15:37.529	-0.172363	-0.097412	1.014893	6.713867	57.434078	184.814438
2024-02-01 00:15:37.540	-0.163818	-0.103027	1.004639	13.488769	58.898922	176.330551
2024-02-01 00:15:37.549	-0.2146	-0.084961	1.002197	18.432617	57.434078	164.978012
2024-02-01 00:15:37.560	-0.277832	-0.051758	0.953613	23.132322	48.21777	153.625488
2024-02-01 00:15:37.569	-0.311523	-0.035156	0.891113	27.282713	33.26416	145.568848
2024-02-01 00:15:37.580	-0.338379	-0.017578	0.851563	30.151365	16.418457	141.540527
2024-02-01 00:15:37.590	-0.354248	-0.001953	0.844971	34.118652	-0.915527	139.465332
2024-02-01 00:15:37.599	-0.355713	0.013184	0.835938	39.18457	-17.456055	136.901855
2024-02-01 00:15:37.610	-0.348877	0.025879	0.808838	45.837399	-29.724119	132.8125
2024-02-01 00:15:37.619	-0.33667	0.019531	0.785645	54.504391	-37.29248	127.990715
2024-02-01 00:15:37.630	-0.327881	0.01123	0.779297	60.668941	-43.151852	123.657219
2024-02-01 00:15:37.639	-0.311523	0.006592	0.773682	63.232418	-49.072262	120.178215
2024-02-01 00:15:37.650	-0.289795	-0.01001	0.783203	61.889645	-54.809566	118.22509
2024-02-01 00:15:37.659	-0.258789	-0.030762	0.812988	56.335445	-61.462399	117.919914
2024-02-01 00:15:37.669	-0.238281	-0.029053	0.843506	46.691891	-69.152832	118.469231
2024-02-01 00:15:37.680	-0.242432	-0.006348	0.862061	34.545898	-77.209473	119.079582
2024-02-01 00:15:37.689	-0.261719	0.009277	0.884033	22.521971	-83.801262	118.835442
2024-02-01 00:15:37.700	-0.276123	0.005127	0.9021	10.498046	-87.585442	117.309563
2024-02-01 00:15:37.709	-0.29541	0.000488	0.927246	-2.380371	-88.86718	114.379875
2024-02-01 00:15:37.720	-0.323975	0.006348	0.938477	-16.296387	-86.730949	109.802238
2024-02-01 00:15:37.729	-0.341064	0.01123	0.930908	-30.029295	-81.542961	103.759758
2024-02-01 00:15:37.740	-0.343262	0.014648	0.916016	-41.564938	-75.378418	96.191399
2024-02-01 00:15:37.750	-0.348145	0.016357	0.921875	-50.354	-68.603516	87.951653
2024-02-01 00:15:37.759	-0.368408	0.016113	0.942627	-57.006832	-59.753414	80.688469
2024-02-01 00:15:37.770	-0.385986	0.016846	0.954834	-61.218258	-48.583981	74.768066
2024-02-01 00:15:37.779	-0.394043	0.000977	0.948242	-62.927242	-36.437988	69.152832
2024-02-01 00:15:37.790	-0.394531	-0.011963	0.941895	-65.673828	-25.451658	63.537594
2024-02-01 00:15:37.799	-0.381348	-0.006104	0.946045	-69.091797	-17.211914	57.617184
2024-02-01 00:15:37.809	-0.361572	0.014893	0.950684	-70.19043	-9.155273	50.598141
2024-02-01 00:15:37.819	-0.327637	0.045654	0.959961	-69.152832	-0.671387	42.846676
2024-02-01 00:15:37.828	-0.285889	0.071777	0.980469	-65.246582	7.263183	34.484863
2024-02-01 00:15:37.838	-0.224121	0.064941	1.00415	-58.654781	12.512206	26.550291
2024-02-01 00:15:37.848	-0.137207	0.0354	1.047607	-55.541988	15.808105	21.179197
2024-02-01 00:15:37.858	-0.048584	-0.020752	1.070068	-58.471676	19.592285	20.38574
2024-02-01 00:15:37.868	0.001709	-0.049316	1.07251	-68.481445	22.705076	25.756834
2024-02-01 00:15:37.877	-0.000977	-0.010742	1.016846	-76.904297	26.550291	33.935547
2024-02-01 00:15:37.887	0.001709	0.019287	0.964111	-73.608398	27.587889	36.621094
2024-02-01 00:15:37.897	0.061035	0.043945	0.941162	-67.016602	20.935057	33.813477
2024-02-01 00:15:37.907	0.056396	0.057861	0.937256	-58.471676	12.878417	29.357908
2024-02-01 00:15:37.916	-0.02417	0.034424	0.993408	-48.095699	3.540039	24.963377
2024-02-01 00:15:37.926	-0.115479	0.011719	1.003662	-41.137691	-7.385253	20.690916
2024-02-01 00:15:37.936	-0.175781	-0.004395	0.996338	-37.29248	-19.40918	14.343261
2024-02-01 00:15:37.945	-0.200195	-0.02417	1.021729	-35.888672	-30.273436	6.408691
2024-02-01 00:15:37.955	-0.206787	-0.030518	1.054199	-35.461426	-36.437988	-2.624511
2024-02-01 00:15:37.965	-0.194824	-0.028809	1.075195	-34.790039	-39.428711	-11.901855
2024-02-01 00:15:37.975	-0.198486	-0.036865	1.094971	-33.325195	-40.222164	-19.104004
2024-02-01 00:15:37.985	-0.215088	-0.051758	1.114502	-31.738279	-38.574219	-23.376463
2024-02-01 00:15:37.994	-0.235107	-0.068604	1.129639	-31.127928	-35.644531	-25.390623
2024-02-01 00:15:38.004	-0.259033	-0.07959	1.109619	-30.151365	-31.433104	-27.099607
2024-02-01 00:15:38.014	-0.272949	-0.070068	1.055664	-26.428221	-26.733397	-31.188963
2024-02-01 00:15:38.023	-0.226807	-0.033447	0.964111	-19.775391	-26.367186	-37.414551
2024-02-01 00:15:38.033	-0.161865	0.022949	0.882568	-10.19287	-30.517576	-43.823238
2024-02-01 00:15:38.043	-0.126709	0.058838	0.861816	3.295898	-35.217285	-49.377438
2024-02-01 00:15:38.053	-0.112793	0.058594	0.900146	16.784668	-40.893551	-53.222652
2024-02-01 00:15:38.062	-0.107666	0.046387	0.968262	26.733397	-46.56982	-53.771969
2024-02-01 00:15:38.072	-0.087891	0.054932	0.993652	32.714844	-50.354	-50.720211
2024-02-01 00:15:38.082	-0.032959	0.070313	0.998291	35.03418	-58.715816	-46.508785
2024-02-01 00:15:38.092	0.001221	0.051514	1.08667	36.254883	-72.937012	-45.104977
2024-02-01 00:15:38.102	0.002686	0.014648	1.244629	36.92627	-88.562004	-49.621578
2024-02-01 00:15:38.111	0.010986	-0.035156	1.353027	33.935547	-106.994621	-56.884762
2024-02-01 00:15:38.121	0.062988	-0.027344	1.31543	28.137205	-120.727531	-61.401363
2024-02-01 00:15:38.131	0.081055	0.001221	1.25	32.470703	-120.544426	-67.077637
2024-02-01 00:15:38.140	0.074707	-0.026855	1.248779	48.21777	-115.905754	-80.078125
2024-02-01 00:15:38.150	0.115967	-0.098877	1.305908	64.51416	-118.10302	-94.726555
2024-02-01 00:15:38.160	0.128418	-0.173584	1.394043	75.378418	-124.511711	-105.651848
2024-02-01 00:15:38.170	0.131836	-0.210205	1.439941	80.688469	-133.422852	-113.769524
2024-02-01 00:15:38.180	0.12793	-0.188477	1.421143	78.735352	-142.51709	-118.286125
2024-02-01 00:15:38.189	0.125488	-0.119385	1.373291	72.692871	-146.179199	-120.666496
2024-02-01 00:15:38.200	0.135742	-0.0354	1.329346	69.030762	-141.113281	-122.619621
2024-02-01 00:15:38.209	0.143066	0.03418	1.316406	72.32666	-127.380363	-124.633781
2024-02-01 00:15:38.220	0.158691	0.088623	1.252686	79.772949	-108.5205	-124.816887
2024-02-01 00:15:38.229	0.206299	0.121338	1.182617	89.355461	-89.782707	-124.572746
2024-02-01 00:15:38.240	0.246582	0.11377	1.141113	101.684563	-74.035645	-124.572746
2024-02-01 00:15:38.250	0.278564	0.076172	1.116211	114.379875	-62.683102	-123.413078
2024-02-01 00:15:38.259	0.287109	0.033203	1.081787	124.1455	-55.236813	-119.079582
2024-02-01 00:15:38.270	0.283691	-0.024902	1.071533	129.638672	-49.621578	-114.074699
2024-02-01 00:15:38.279	0.265869	-0.070557	1.050049	129.821777	-42.66357	-107.360832
2024-02-01 00:15:38.290	0.233398	-0.086182	1.015869	127.92968	-34.729004	-100.280754
2024-02-01 00:15:38.299	0.188965	-0.085938	0.998535	126.15966	-27.9541	-94.543449
2024-02-01 00:15:38.310	0.131104	-0.089355	0.997314	121.765129	-20.690916	-89.416496
2024-02-01 00:15:38.319	0.093994	-0.068359	0.979004	113.830559	-11.96289	-84.899895
2024-02-01 00:15:38.330	0.075195	-0.016602	0.946777	104.919426	-2.624511	-81.665031
2024-02-01 00:15:38.340	0.086182	0.049316	0.920166	98.57177	7.995605	-78.186035
