2024-02-02 12:02:43.598	-0.706543	-3.647217	2.27832	47.546383	321.777313	45.471188
2024-02-02 12:02:43.609	-0.449707	-3.974609	3.124756	5.187988	361.938446	-9.643555
2024-02-02 12:02:43.619	0.226318	-2.907227	3.059326	-77.819824	346.679657	-84.777824
2024-02-02 12:02:43.629	0.892334	-1.512695	2.323486	-145.874023	287.04834	-95.458977
2024-02-02 12:02:43.639	0.783691	-0.913574	1.616699	-159.179688	228.576645	-69.824219
2024-02-02 12:02:43.650	0.423584	-0.558105	1.165527	-144.348145	165.222153	-68.237305
2024-02-02 12:02:43.659	0.187988	-0.282227	0.817139	-114.135735	112.30468	-82.763664
2024-02-02 12:02:43.669	0.03833	-0.102051	0.530762	-75.622559	70.861816	-79.101563
2024-02-02 12:02:43.680	-0.029297	-0.0896	0.358398	-21.118162	32.714844	-58.227535
2024-02-02 12:02:43.689	-0.044434	-0.169189	0.416992	40.771481	12.329101	-31.005857
2024-02-02 12:02:43.700	-0.166748	-0.419678	0.62915	112.18261	16.357422	-10.742187
2024-02-02 12:02:43.709	-0.27002	-0.947266	0.7771	160.27832	23.498533	1.525879
2024-02-02 12:02:43.720	-0.299805	-1.560547	0.714844	148.193359	24.597166	13.488769
2024-02-02 12:02:43.729	-0.385986	-1.855469	0.610107	92.041008	28.381346	23.681639
2024-02-02 12:02:43.740	-0.469971	-1.708496	0.553467	45.654293	32.775879	24.780272
2024-02-02 12:02:43.750	-0.501465	-1.448975	0.577148	27.465818	35.583496	17.700195
2024-02-02 12:02:43.759	-0.428223	-1.204834	0.631104	14.831542	42.41943	6.591796
2024-02-02 12:02:43.770	-0.334229	-1.018799	0.588135	6.652832	52.307125	-3.295898
2024-02-02 12:02:43.779	-0.281982	-0.919678	0.455566	8.178711	61.279293	-10.864257
2024-02-02 12:02:43.790	-0.194336	-0.909912	0.326416	13.97705	63.537594	-13.000487
2024-02-02 12:02:43.799	-0.133545	-0.940674	0.290527	19.65332	66.345215	-10.498046
2024-02-02 12:02:43.810	-0.120117	-0.998047	0.345947	23.742674	72.937012	-4.577637
2024-02-02 12:02:43.819	-0.111572	-1.069336	0.416992	24.475096	81.481926	1.708984
2024-02-02 12:02:43.830	-0.072754	-1.11084	0.511475	17.51709	91.491692	5.004883
2024-02-02 12:02:43.840	-0.051025	-1.123779	0.603516	3.479004	99.609367	4.455566
2024-02-02 12:02:43.849	-0.0354	-1.114014	0.629639	-11.779784	102.72216	-0.732422
2024-02-02 12:02:43.860	0.009766	-1.064453	0.625977	-25.024412	102.47802	-10.253905
2024-02-02 12:02:43.869	-0.003174	-0.980469	0.605713	-32.104492	100.952141	-22.3999
2024-02-02 12:02:43.880	-0.031738	-0.907471	0.534668	-30.944822	95.642082	-35.27832
2024-02-02 12:02:43.889	-0.061523	-0.834961	0.5	-26.611326	90.88134	-45.959469
2024-02-02 12:02:43.900	-0.126221	-0.788086	0.528076	-17.089844	89.050285	-54.809566
2024-02-02 12:02:43.909	-0.162354	-0.804932	0.537354	-5.065917	88.256828	-64.697266
2024-02-02 12:02:43.919	-0.112549	-0.852539	0.536865	4.394531	88.74511	-78.24707
2024-02-02 12:02:43.930	-0.075928	-0.901123	0.524414	13.305663	90.148918	-92.163078
2024-02-02 12:02:43.939	-0.049805	-0.93335	0.501465	24.04785	87.158195	-100.891106
2024-02-02 12:02:43.950	-0.008789	-0.932861	0.507568	34.729004	79.162598	-101.806633
2024-02-02 12:02:43.959	-0.008545	-0.919678	0.532227	40.64941	68.54248	-96.008293
2024-02-02 12:02:43.970	-0.016846	-0.906738	0.557617	44.738766	55.725094	-86.85302
2024-02-02 12:02:43.979	-0.036621	-0.908936	0.57373	49.987789	41.870113	-77.392578
2024-02-02 12:02:43.990	-0.067139	-0.927979	0.558594	55.114742	27.282713	-70.19043
2024-02-02 12:02:44.000	-0.143555	-0.94165	0.533691	60.18066	15.075683	-66.589355
2024-02-02 12:02:44.009	-0.226074	-0.927734	0.541016	62.011715	5.065917	-62.927242
2024-02-02 12:02:44.020	-0.296875	-0.875488	0.560303	59.509274	-0.671387	-58.654781
2024-02-02 12:02:44.029	-0.351563	-0.844238	0.588135	59.753414	0.12207	-59.020992
2024-02-02 12:02:44.040	-0.394531	-0.828125	0.591309	61.340328	8.666992	-66.28418
2024-02-02 12:02:44.050	-0.368164	-0.831787	0.55542	65.856934	21.240232	-80.749504
2024-02-02 12:02:44.060	-0.311279	-0.828857	0.56665	68.115234	37.780762	-97.473137
2024-02-02 12:02:44.070	-0.307617	-0.823975	0.607178	64.941406	58.105465	-111.816399
2024-02-02 12:02:44.081	-0.421143	-0.805908	0.664551	55.847164	80.810539	-120.422356
2024-02-02 12:02:44.091	-0.522705	-0.745117	0.704834	42.602535	101.501457	-125.610344
2024-02-02 12:02:44.101	-0.548096	-0.683594	0.668945	33.081055	116.21093	-139.587402
2024-02-02 12:02:44.111	-0.543213	-0.604248	0.640869	25.512693	125.061028	-168.518051
2024-02-02 12:02:44.122	-0.489746	-0.547119	0.638672	25.207518	130.981445	-209.10643
2024-02-02 12:02:44.132	-0.410889	-0.519043	0.722412	29.724119	146.728516	-252.563461
2024-02-02 12:02:44.142	-0.287842	-0.513428	0.855957	35.522461	173.82811	-289.978027
2024-02-02 12:02:44.152	-0.13501	-0.499268	1.026855	38.574219	209.411606	-312.805176
2024-02-02 12:02:44.163	-0.001465	-0.445801	1.16626	40.64941	255.493149	-319.274902
2024-02-02 12:02:44.173	0.184814	-0.424561	1.225098	50.109859	299.499512	-312.744141
2024-02-02 12:02:44.183	0.360107	-0.431885	1.190674	52.551266	332.885712	-291.07666
2024-02-02 12:02:44.193	0.403809	-0.369141	1.153809	43.884274	353.454559	-256.958008
2024-02-02 12:02:44.203	0.419922	-0.267578	1.104004	37.353516	355.468719	-222.473129
2024-02-02 12:02:44.214	0.475342	-0.165283	0.990234	33.996582	339.172333	-189.69725
2024-02-02 12:02:44.224	0.533691	-0.10791	0.852539	41.076656	308.166504	-158.569336
2024-02-02 12:02:44.234	0.571777	-0.169189	0.747803	67.504883	261.474609	-130.065918
2024-02-02 12:02:44.244	0.563477	-0.320801	0.651855	103.515617	198.730453	-103.393547
2024-02-02 12:02:44.255	0.563965	-0.570313	0.602295	138.122559	121.582024	-79.223633
2024-02-02 12:02:44.265	0.576416	-0.960449	0.686768	159.729004	43.151852	-57.861324
2024-02-02 12:02:44.275	0.492676	-1.416016	0.806885	149.780273	-18.615723	-33.630371
2024-02-02 12:02:44.285	0.283203	-1.711182	0.892578	112.365715	-61.096188	1.159668
2024-02-02 12:02:44.296	0.019531	-1.784912	0.975342	74.645996	-88.806145	42.114254
2024-02-02 12:02:44.306	-0.205811	-1.784424	0.989502	36.987305	-103.759758	75.927734
2024-02-02 12:02:44.316	-0.46167	-1.691162	0.891357	-2.868652	-109.008781	96.008293
2024-02-02 12:02:44.326	-0.742676	-1.486084	0.738281	-31.249998	-105.285637	95.458977
2024-02-02 12:02:44.337	-0.852783	-1.298096	0.657471	-34.545898	-103.027336	68.786621
2024-02-02 12:02:44.347	-0.739014	-1.197266	0.691406	-15.258788	-103.027336	25.085447
2024-02-02 12:02:44.357	-0.548584	-1.088135	0.68457	2.380371	-88.195793	-13.610839
2024-02-02 12:02:44.368	-0.33667	-0.935059	0.579834	5.737304	-45.532223	-34.545898
2024-02-02 12:02:44.378	-0.175293	-0.773926	0.49707	5.554199	13.183593	-39.794922
2024-02-02 12:02:44.388	-0.088379	-0.643799	0.507568	14.038085	71.105957	-35.827637
2024-02-02 12:02:44.398	-0.033203	-0.588135	0.604492	27.404783	121.398918	-29.296873
2024-02-02 12:02:44.409	0.0354	-0.586914	0.687988	33.569336	157.104492	-21.118162
2024-02-02 12:02:44.419	0.088379	-0.60083	0.734863	36.560059	175.7202	-13.732909
2024-02-02 12:02:44.429	0.094238	-0.632568	0.764648	43.945309	178.710922	-11.96289
2024-02-02 12:02:44.439	0.078857	-0.679199	0.772705	52.185055	166.748032	-16.113281
2024-02-02 12:02:44.450	0.080811	-0.728027	0.771484	55.786129	142.272949	-22.216795
2024-02-02 12:02:44.460	0.07373	-0.783447	0.760498	51.147457	111.511223	-26.672361
2024-02-02 12:02:44.470	0.048096	-0.845947	0.742676	35.705566	79.040527	-28.381346
2024-02-02 12:02:44.480	-0.013428	-0.886719	0.697021	11.047362	47.424313	-27.9541
2024-02-02 12:02:44.491	-0.106201	-0.867676	0.617188	-12.817382	18.371582	-28.503416
2024-02-02 12:02:44.501	-0.170166	-0.808594	0.57251	-26.794432	-6.225585	-31.921385
2024-02-02 12:02:44.511	-0.189453	-0.74707	0.559814	-32.531738	-21.484373	-36.92627
2024-02-02 12:02:44.521	-0.175537	-0.699219	0.556885	-36.193848	-27.343748	-39.489746
2024-02-02 12:02:44.532	-0.137939	-0.659424	0.550537	-41.931149	-28.747557	-36.987305
2024-02-02 12:02:44.542	-0.088867	-0.609131	0.518555	-48.095699	-28.381346	-29.724119
2024-02-02 12:02:44.552	-0.04248	-0.565186	0.495117	-47.729488	-28.137205	-20.080564
2024-02-02 12:02:44.562	-0.009277	-0.554443	0.504395	-41.198727	-29.113768	-8.850098
2024-02-02 12:02:44.572	0.026123	-0.563721	0.526855	-35.888672	-31.066893	3.601074
2024-02-02 12:02:44.583	0.039551	-0.568359	0.525879	-33.569336	-32.958984	16.296387
2024-02-02 12:02:44.593	0.020508	-0.572998	0.525635	-29.357908	-34.301758	27.160643
2024-02-02 12:02:44.603	0.001221	-0.581543	0.566406	-24.353025	-34.973145	34.667969
2024-02-02 12:02:44.613	-0.058105	-0.581543	0.604004	-21.423338	-33.081055	37.353516
2024-02-02 12:02:44.624	-0.133789	-0.556152	0.635742	-19.775391	-32.287598	35.217285
2024-02-02 12:02:44.634	-0.197754	-0.526611	0.650879	-18.127441	-35.400391	30.273436
2024-02-02 12:02:44.644	-0.233643	-0.498291	0.644287	-15.747069	-39.794922	23.742674
2024-02-02 12:02:44.654	-0.254395	-0.480957	0.615723	-10.009766	-40.039063	16.418457
2024-02-02 12:02:44.665	-0.273193	-0.516113	0.625	0.671387	-34.423828	10.19287
2024-02-02 12:02:44.675	-0.307861	-0.601563	0.679932	10.253905	-20.507811	6.530761
2024-02-02 12:02:44.685	-0.320313	-0.67334	0.730469	14.343261	-1.037598	4.333496
2024-02-02 12:02:44.695	-0.322754	-0.723877	0.775146	14.160155	20.690916	4.211426
2024-02-02 12:02:44.706	-0.332764	-0.778564	0.822998	12.878417	42.724606	5.371093
2024-02-02 12:02:44.716	-0.324463	-0.873291	0.935791	12.390136	61.340328	7.446289
2024-02-02 12:02:44.726	-0.320557	-0.946045	1.026123	10.009766	79.467773	10.498046
2024-02-02 12:02:44.736	-0.343994	-0.980469	1.05542	10.986327	98.937981	8.850098
2024-02-02 12:02:44.747	-0.382568	-1.008057	1.089844	17.700195	113.159172	-0.610352
2024-02-02 12:02:44.757	-0.369629	-1.001953	1.130371	20.996092	115.112297	-13.488769
2024-02-02 12:02:44.767	-0.305176	-0.939941	1.137695	19.958496	110.29052	-26.733397
2024-02-02 12:02:44.777	-0.288086	-0.869629	1.155518	24.353025	106.750481	-43.457027
2024-02-02 12:02:44.788	-0.27124	-0.811279	1.169434	31.738279	102.966301	-61.828609
2024-02-02 12:02:44.798	-0.208008	-0.750977	1.135498	37.963867	99.792473	-76.721191
2024-02-02 12:02:44.808	-0.138916	-0.710449	1.080566	45.654293	98.083488	-86.486809
2024-02-02 12:02:44.819	-0.078857	-0.704346	1.036621	54.321285	96.55761	-91.369621
2024-02-02 12:02:44.829	-0.026611	-0.703613	1.00293	59.265133	94.848625	-91.247551
2024-02-02 12:02:44.839	0.024902	-0.699463	0.971191	61.401363	90.515129	-88.195793
2024-02-02 12:02:44.849	0.073242	-0.69043	0.930908	63.232418	83.557121	-83.557121
2024-02-02 12:02:44.860	0.087158	-0.685791	0.875	65.368652	74.279785	-78.308105
2024-02-02 12:02:44.869	0.070801	-0.688721	0.81958	66.40625	62.683102	-72.570801
2024-02-02 12:02:44.880	0.054443	-0.700439	0.776123	64.39209	49.926754	-65.490723
2024-02-02 12:02:44.889	0.02832	-0.706055	0.728271	58.715816	37.597656	-57.373043
2024-02-02 12:02:44.900	-0.011719	-0.697998	0.692871	50.109859	25.878904	-49.743649
2024-02-02 12:02:44.909	-0.05835	-0.681152	0.668701	40.466305	15.686034	-43.151852
2024-02-02 12:02:44.919	-0.103027	-0.655762	0.635254	30.395506	6.835937	-37.04834
2024-02-02 12:02:44.930	-0.135742	-0.62207	0.603271	21.606443	-1.953125	-31.921385
2024-02-02 12:02:44.939	-0.15332	-0.584717	0.596924	14.831542	-9.460449	-28.625486
2024-02-02 12:02:44.950	-0.169678	-0.546143	0.575195	11.352538	-12.268065	-26.30615
2024-02-02 12:02:44.959	-0.200928	-0.516846	0.533203	13.244628	-10.375976	-23.010252
2024-02-02 12:02:44.970	-0.24707	-0.528809	0.555908	24.536131	-4.272461	-18.920898
2024-02-02 12:02:44.979	-0.266846	-0.586182	0.646484	36.682129	5.126953	-14.953612
2024-02-02 12:02:44.990	-0.265869	-0.64209	0.704834	39.428711	18.249512	-10.925292
2024-02-02 12:02:45.000	-0.250732	-0.662354	0.723145	33.26416	31.921385	-6.958007
2024-02-02 12:02:45.010	-0.228027	-0.6521	0.73584	27.404783	44.189449	-3.112793
2024-02-02 12:02:45.020	-0.216553	-0.651367	0.756104	27.038572	52.24609	-0.244141
2024-02-02 12:02:45.029	-0.230469	-0.665527	0.778809	28.625486	53.833004	2.319336
2024-02-02 12:02:45.040	-0.255615	-0.684326	0.796631	29.113768	49.865719	5.92041
2024-02-02 12:02:45.049	-0.278076	-0.696289	0.813477	28.442381	43.090816	10.009766
2024-02-02 12:02:45.060	-0.293701	-0.682373	0.833008	26.428221	35.217285	13.793944
2024-02-02 12:02:45.069	-0.298828	-0.64917	0.874756	26.611326	28.137205	14.343261
2024-02-02 12:02:45.080	-0.318359	-0.621094	0.915283	29.174803	23.925779	9.765625
2024-02-02 12:02:45.090	-0.345459	-0.596924	0.919189	30.334471	21.423338	1.89209
2024-02-02 12:02:45.099	-0.339111	-0.576904	0.926758	30.2124	17.51709	-4.760742
2024-02-02 12:02:45.110	-0.308105	-0.586914	0.952393	29.724119	13.85498	-7.93457
2024-02-02 12:02:45.119	-0.282471	-0.619873	0.992188	26.794432	11.779784	-7.995605
2024-02-02 12:02:45.130	-0.2771	-0.648438	1.032471	19.226074	12.20703	-6.896972
2024-02-02 12:02:45.139	-0.27832	-0.652344	1.017578	7.202148	12.878417	-4.089355
2024-02-02 12:02:45.150	-0.262939	-0.626709	0.958008	-5.737304	11.047362	0.183105
2024-02-02 12:02:45.159	-0.256104	-0.596924	0.908936	-12.390136	6.408691	3.295898
2024-02-02 12:02:45.170	-0.274658	-0.599121	0.853271	-13.244628	-1.525879	5.249023
2024-02-02 12:02:45.180	-0.27417	-0.609863	0.767822	-15.441894	-11.718749	6.896972
2024-02-02 12:02:45.189	-0.279297	-0.586182	0.673828	-19.53125	-21.057127	9.277344
2024-02-02 12:02:45.200	-0.314697	-0.520752	0.579346	-16.967773	-28.442381	12.023925
2024-02-02 12:02:45.209	-0.324951	-0.46582	0.543945	-0.061035	-36.621094	12.451171
2024-02-02 12:02:45.220	-0.315674	-0.462158	0.605469	24.353025	-48.278805	8.972168
2024-02-02 12:02:45.229	-0.328369	-0.483643	0.71875	44.128414	-57.800289	3.479004
2024-02-02 12:02:45.240	-0.365479	-0.511475	0.818604	57.312008	-59.814449	-2.502441
2024-02-02 12:02:45.250	-0.381348	-0.55835	0.887451	65.795898	-56.640621	-9.399414
2024-02-02 12:02:45.260	-0.351563	-0.618408	0.948975	69.946289	-47.424313	-17.944336
2024-02-02 12:02:45.270	-0.316162	-0.691895	0.993408	68.359375	-28.564451	-26.550291
2024-02-02 12:02:45.280	-0.292969	-0.763916	1.018311	57.800289	-3.112793	-31.677244
2024-02-02 12:02:45.290	-0.271973	-0.805908	1.019043	38.696289	23.071287	-30.700682
2024-02-02 12:02:45.300	-0.238037	-0.812744	0.98291	17.150879	44.616695	-25.085447
2024-02-02 12:02:45.311	-0.202148	-0.778564	0.93335	-3.295898	59.997555	-15.319823
2024-02-02 12:02:45.321	-0.186035	-0.713379	0.879395	-16.906738	65.917969	-4.394531
2024-02-02 12:02:45.331	-0.174561	-0.647461	0.848877	-21.423338	60.913082	2.868652
2024-02-02 12:02:45.341	-0.177734	-0.566162	0.84375	-21.728514	49.194332	5.981445
2024-02-02 12:02:45.352	-0.209961	-0.468506	0.830811	-15.930175	35.522461	5.554199
2024-02-02 12:02:45.362	-0.250244	-0.393311	0.836182	-1.281738	23.986814	1.586914
2024-02-02 12:02:45.372	-0.280273	-0.352295	0.865234	15.747069	18.005371	-3.234863
2024-02-02 12:02:45.382	-0.301025	-0.325928	0.883789	30.944822	16.052246	-7.568359
2024-02-02 12:02:45.393	-0.297363	-0.322998	0.915527	46.32568	14.465331	-13.427733
2024-02-02 12:02:45.403	-0.278076	-0.355469	0.983887	58.959957	13.549804	-20.874022
2024-02-02 12:02:45.413	-0.255615	-0.387451	1.060303	64.819336	15.075683	-27.465818
2024-02-02 12:02:45.423	-0.229004	-0.408203	1.09668	64.147949	18.371582	-32.043457
2024-02-02 12:02:45.434	-0.190918	-0.412109	1.059326	58.898922	20.019531	-34.606934
2024-02-02 12:02:45.444	-0.1521	-0.41626	1.01001	54.504391	17.028809	-36.132813
2024-02-02 12:02:45.454	-0.120361	-0.436768	0.983154	55.480953	9.338379	-36.315918
2024-02-02 12:02:45.465	-0.107178	-0.489502	0.986084	60.18066	-1.098633	-34.118652
2024-02-02 12:02:45.475	-0.115479	-0.550293	1.018311	63.293453	-13.122558	-27.709959
2024-02-02 12:02:45.485	-0.135742	-0.596436	1.05957	62.622066	-23.254393	-19.226074
2024-02-02 12:02:45.495	-0.150879	-0.626465	1.064697	59.387203	-28.19824	-10.437011
2024-02-02 12:02:45.506	-0.168701	-0.623535	1.043701	53.466793	-28.442381	-1.220703
2024-02-02 12:02:45.516	-0.204102	-0.582031	1.015869	49.743649	-26.855467	7.263183
2024-02-02 12:02:45.526	-0.235596	-0.526367	1.011475	50.720211	-27.770994	13.305663
2024-02-02 12:02:45.536	-0.277832	-0.478271	1.034424	52.856441	-29.113768	15.624999
2024-02-02 12:02:45.547	-0.334473	-0.440186	1.021484	54.13818	-27.526854	13.366698
2024-02-02 12:02:45.557	-0.361572	-0.4021	0.98999	54.870602	-26.000975	7.385253
2024-02-02 12:02:45.567	-0.368408	-0.358398	0.982178	57.006832	-24.536131	0.366211
2024-02-02 12:02:45.577	-0.377441	-0.325684	0.976807	62.683102	-20.996092	-6.835937
2024-02-02 12:02:45.588	-0.391602	-0.295654	0.979248	70.983887	-14.892577	-12.512206
2024-02-02 12:02:45.598	-0.398193	-0.275879	0.986328	81.420891	-6.896972	-16.418457
2024-02-02 12:02:45.608	-0.393066	-0.275879	0.994141	91.613762	0.976562	-18.371582
2024-02-02 12:02:45.618	-0.384521	-0.282959	1.010254	99.609367	7.751464	-18.310547
2024-02-02 12:02:45.629	-0.356445	-0.303955	1.006836	106.323235	13.183593	-17.39502
2024-02-02 12:02:45.639	-0.30542	-0.331543	0.990479	109.497063	17.333984	-16.052246
2024-02-02 12:02:45.649	-0.229736	-0.35791	0.93042	107.482903	20.629881	-13.244628
2024-02-02 12:02:45.659	-0.157471	-0.363525	0.88208	100.341789	23.986814	-7.873535
2024-02-02 12:02:45.669	-0.116211	-0.334717	0.902588	91.125481	28.137205	-0.183105
2024-02-02 12:02:45.680	-0.094482	-0.297852	0.913574	84.289543	31.98242	8.728027
2024-02-02 12:02:45.689	-0.082275	-0.271729	0.887939	79.589844	33.203125	17.883301
2024-02-02 12:02:45.700	-0.070557	-0.254639	0.856201	75.500488	31.616209	26.000975
2024-02-02 12:02:45.709	-0.072266	-0.224854	0.818848	72.265625	29.907225	30.944822
2024-02-02 12:02:45.720	-0.097412	-0.196045	0.803955	72.265625	29.296873	31.249998
2024-02-02 12:02:45.729	-0.118408	-0.193359	0.844238	73.608398	24.230955	28.991697
2024-02-02 12:02:45.740	-0.137939	-0.204102	0.874756	72.143555	15.441894	26.428221
2024-02-02 12:02:45.750	-0.154541	-0.199951	0.88623	68.29834	6.286621	24.108885
2024-02-02 12:02:45.759	-0.176514	-0.175049	0.878662	63.537594	-1.403808	21.423338
2024-02-02 12:02:45.770	-0.188721	-0.151367	0.884766	58.593746	-7.263183	18.005371
2024-02-02 12:02:45.779	-0.201904	-0.149414	0.92749	51.391598	-10.559081	14.831542
2024-02-02 12:02:45.790	-0.220215	-0.153076	0.975342	40.40527	-10.19287	12.634276
2024-02-02 12:02:45.799	-0.238037	-0.143311	0.991211	28.503416	-6.896972	11.596679
2024-02-02 12:02:45.810	-0.233398	-0.115479	0.976074	20.1416	-5.432128	10.253905
2024-02-02 12:02:45.819	-0.220703	-0.08252	0.925537	13.97705	-8.972168	7.202148
2024-02-02 12:02:45.830	-0.205322	-0.050049	0.861084	8.178711	-16.784668	1.770019
2024-02-02 12:02:45.840	-0.189453	-0.022949	0.824707	4.882813	-23.742674	-5.676269
2024-02-02 12:02:45.849	-0.190674	-0.012451	0.811279	6.835937	-26.30615	-13.549804
2024-02-02 12:02:45.860	-0.193604	-0.024902	0.8125	12.08496	-24.963377	-18.920898
2024-02-02 12:02:45.869	-0.181885	-0.047363	0.873291	18.798828	-21.545408	-19.836426
2024-02-02 12:02:45.880	-0.164307	-0.053955	0.968506	24.108885	-16.662598	-15.197753
2024-02-02 12:02:45.889	-0.15625	-0.045654	1.041992	30.273436	-9.399414	-6.835937
2024-02-02 12:02:45.900	-0.18335	-0.034668	1.084717	37.841797	0.061035	1.647949
2024-02-02 12:02:45.909	-0.20166	-0.02002	1.101807	43.212887	7.995605	6.774902
2024-02-02 12:02:45.919	-0.173584	-0.02002	1.109863	43.212887	8.117676	7.629394
2024-02-02 12:02:45.930	-0.115967	-0.015869	1.070313	41.748043	-4.394531	5.004883
2024-02-02 12:02:45.939	-0.058105	-0.011475	1.064453	44.860836	-22.888182	-3.417969
2024-02-02 12:02:45.950	-0.024902	-0.002686	1.110352	50.109859	-41.320797	-14.526366
2024-02-02 12:02:45.959	0.003662	0.003906	1.131104	58.1665	-62.988277	-25.085447
2024-02-02 12:02:45.970	0.041504	-0.003418	1.140869	65.917969	-87.463371	-34.118652
2024-02-02 12:02:45.979	0.081299	-0.006836	1.135498	67.565918	-110.53466	-40.344234
2024-02-02 12:02:45.990	0.10791	0.003174	1.111084	65.734863	-128.845215	-43.945309
2024-02-02 12:02:46.000	0.105957	0.011719	1.091553	66.040039	-144.775391	-47.058102
2024-02-02 12:02:46.010	0.111328	0.000977	1.098145	67.382813	-160.27832	-50.537106
2024-02-02 12:02:46.020	0.10791	-0.01001	1.109375	66.52832	-172.302231	-53.527828
2024-02-02 12:02:46.029	0.09082	-0.005859	1.099609	62.07275	-178.894028	-52.429195
2024-02-02 12:02:46.040	0.04541	0.036865	1.099609	55.725094	-179.992661	-44.43359
2024-02-02 12:02:46.049	-0.064697	0.094238	1.107666	53.222652	-175.96434	-32.104492
2024-02-02 12:02:46.060	-0.224854	0.133057	1.155762	57.678219	-159.301758	-20.080564
2024-02-02 12:02:46.069	-0.439941	0.165039	1.117676	64.880371	-123.046867	-6.04248
2024-02-02 12:02:46.080	-0.839355	0.105957	0.959961	79.772949	-52.551266	15.99121
2024-02-02 12:02:46.090	-1.143311	-0.018311	0.680908	76.171875	42.175289	61.523434
2024-02-02 12:02:46.100	-1.369141	-0.017578	0.568115	45.715328	150.20752	135.559082
2024-02-02 12:02:46.111	-1.608643	-0.013916	0.612549	36.437988	270.690918	190.368637
2024-02-02 12:02:46.121	-1.784668	-0.063232	0.787354	36.560059	394.409149	204.711899
2024-02-02 12:02:46.131	-1.829834	-0.016113	1.151611	22.216795	529.47998	192.199692
2024-02-02 12:02:46.141	-1.759766	0.073486	1.530518	15.808105	686.157166	164.306625
2024-02-02 12:02:46.152	-1.525391	0.0979	1.789307	22.583006	835.082947	124.1455
2024-02-02 12:02:46.162	-1.231689	0.042969	2.004883	34.057617	929.260193	76.049805
2024-02-02 12:02:46.172	-1.013672	-0.021973	2.146484	44.738766	950.744568	21.789549
2024-02-02 12:02:46.182	-0.924805	-0.092529	2.248535	40.588375	920.165955	-30.639647
2024-02-02 12:02:46.193	-0.389648	-0.088379	2.310303	14.770507	838.806091	-68.42041
2024-02-02 12:02:46.203	1.383301	0.059326	2.251953	-11.535644	705.688416	-106.689445
2024-02-02 12:02:46.213	2.470703	0.407715	1.405029	-21.911619	553.344727	-164.855942
2024-02-02 12:02:46.223	2.736084	0.851807	-0.421143	-10.375976	247.985825	-223.205551
2024-02-02 12:02:46.234	3.294678	0.803467	-0.912842	57.800289	-227.661118	-295.166016
2024-02-02 12:02:46.244	3.431152	0.339355	0.832764	149.963379	-584.777832	-350.830048
2024-02-02 12:02:46.254	3.152832	0.00708	2.465332	215.698227	-905.761658	-341.125458
2024-02-02 12:02:46.264	2.413086	-0.365479	4.159668	262.756348	-1267.700195	-293.212891
2024-02-02 12:02:46.275	0.905518	-0.811279	5.845703	274.414063	-1559.936401	-199.523911
2024-02-02 12:02:46.285	-0.145996	-1.135254	6.418457	204.772934	-1746.642944	-34.973145
2024-02-02 12:02:46.295	0.394287	-1.387451	5.288574	95.214836	-1718.200562	148.4375
2024-02-02 12:02:46.305	-0.126709	-1.43042	4.310303	-52.36816	-1528.32019	296.081543
2024-02-02 12:02:46.316	-4.273193	-0.574707	5.124268	-259.399414	-1360.595581	364.318817
2024-02-02 12:02:46.326	-6.064697	1.221924	3.330566	-376.403778	-1090.393066	442.016571
2024-02-02 12:02:46.336	-3.422363	2.078369	-0.702881	-220.458969	-521.30127	477.477997
2024-02-02 12:02:46.346	-3.864014	2.790771	-0.843262	-34.118652	327.026337	503.295868
2024-02-02 12:02:46.356	-5.366211	2.114746	1.882568	198.181137	1039.855957	566.28418
2024-02-02 12:02:46.367	-5.038818	0.112061	4.007813	471.862762	1520.873901	495.056122
2024-02-02 12:02:46.377	-4.248047	-1.135742	5.892822	546.630859	1878.539917	342.346161
2024-02-02 12:02:46.387	-3.250244	-1.301758	7.255859	464.172333	1981.872437	162.536606
2024-02-02 12:02:46.397	-1.646729	-1.403564	7.337402	379.821747	1828.97937	-48.278805
2024-02-02 12:02:46.408	-0.577637	-1.852783	6.192383	281.677246	1604.003784	-277.893066
2024-02-02 12:02:46.418	0.49292	-1.249512	6.630859	28.869627	1455.810425	-340.026825
2024-02-02 12:02:46.428	4.463135	-0.884766	5.916504	-129.943848	1125.732422	-447.082489
2024-02-02 12:02:46.438	5.031006	-0.92041	0.486572	-129.02832	591.491699	-386.84079
2024-02-02 12:02:46.449	5.619141	0.612305	-1.178711	-145.080566	-187.316879	-264.709473
2024-02-02 12:02:46.459	4.775391	2.231445	2.282959	-113.525383	-799.987732	-281.066895
2024-02-02 12:02:46.469	3.681641	1.374268	5.032959	171.93602	-1406.494019	-347.106903
2024-02-02 12:02:46.479	2.38623	-0.124756	7.109375	469.421356	-1843.810913	-330.810516
2024-02-02 12:02:46.490	0.750977	-1.0	7.999756	542.297363	-1999.938843	-183.898911
2024-02-02 12:02:46.500	-1.030518	-1.353271	7.957275	404.418915	-1999.938843	53.283688
2024-02-02 12:02:46.509	-0.95874	-1.414063	6.802979	245.666489	-1913.940308	237.976059
2024-02-02 12:02:46.520	-1.791016	-1.903076	7.24707	103.942863	-1743.774292	283.203125
2024-02-02 12:02:46.529	-7.694336	-1.515625	7.358643	-122.741692	-1504.699585	307.373047
2024-02-02 12:02:46.540	-6.35498	-0.374268	2.232178	-312.683105	-1220.947266	393.066376
2024-02-02 12:02:46.549	-2.825439	1.033447	-2.606445	-194.152817	-343.688934	202.087387
2024-02-02 12:02:46.560	-5.136963	2.537354	0.381104	-85.632317	757.995544	89.660637
2024-02-02 12:02:46.569	-5.296631	1.979736	3.530273	94.238274	1341.491577	226.62352
2024-02-02 12:02:46.580	-4.115967	0.105713	5.325928	457.946747	1768.127319	269.348145
2024-02-02 12:02:46.590	-3.395996	-0.744385	7.279541	537.475586	1999.938843	265.380859
2024-02-02 12:02:46.599	-2.821045	-0.802979	7.999756	458.312958	1999.938843	210.754379
2024-02-02 12:02:46.610	-2.000732	-1.001221	7.999756	420.471161	1981.811401	55.725094
2024-02-02 12:02:46.619	-0.315918	-1.696289	7.965088	375.305145	1837.890503	-147.583008
2024-02-02 12:02:46.630	3.509521	-1.495117	7.999756	205.749496	1661.13269	-254.028305
2024-02-02 12:02:46.639	7.936279	-1.672119	4.552246	33.081055	1266.479492	-273.864746
2024-02-02 12:02:46.650	7.23291	-2.081787	-2.143066	94.299309	392.700165	3.479004
2024-02-02 12:02:46.659	6.706543	1.103027	1.195557	-288.146973	-614.624023	41.503902
2024-02-02 12:02:46.669	4.015869	2.77124	5.150635	-328.49118	-1378.234741	-71.533203
2024-02-02 12:02:46.680	2.835449	1.577393	6.951172	107.849113	-1920.71521	-297.668457
2024-02-02 12:02:46.689	1.544434	-0.119629	7.999756	563.354492	-1999.938843	-352.905243
2024-02-02 12:02:46.700	-1.353271	-0.952637	7.999756	664.489685	-1998.046753	-161.804184
2024-02-02 12:02:46.709	-1.133301	-1.506348	7.975342	481.384247	-1997.619507	154.35791
2024-02-02 12:02:46.720	-2.808594	-3.004639	7.989258	195.678696	-1999.938843	296.508789
2024-02-02 12:02:46.729	-7.999756	-2.449463	7.733154	-140.625	-1996.82605	385.436981
2024-02-02 12:02:46.740	-6.473633	-0.611084	0.049805	-489.562958	-1530.029175	467.712372
2024-02-02 12:02:46.750	-6.366211	1.735596	-2.624268	-294.921875	-67.321777	105.712883
2024-02-02 12:02:46.759	-7.314209	3.656738	2.43042	-288.024902	941.223083	137.329102
2024-02-02 12:02:46.770	-5.290039	3.11792	4.838135	26.611326	1612.12146	356.140106
2024-02-02 12:02:46.779	-3.600342	0.155273	7.572021	666.076599	1999.938843	391.540497
2024-02-02 12:02:46.790	-3.16333	-1.187988	7.999756	757.812439	1999.938843	325.866669
2024-02-02 12:02:46.799	-2.177979	-2.074707	7.97168	628.417969	1992.309448	177.73436
2024-02-02 12:02:46.810	-0.278809	-3.025391	7.984619	428.955048	1999.938843	-91.735832
2024-02-02 12:02:46.819	1.730957	-2.394043	7.999756	34.301758	1987.548706	-280.029297
2024-02-02 12:02:46.830	7.126221	-1.829102	5.268555	-242.797836	1653.686401	-416.381805
2024-02-02 12:02:46.840	7.38916	-0.259521	-2.745117	-370.056122	640.991211	-314.086914
2024-02-02 12:02:46.849	7.157959	1.706299	1.079834	-324.34079	-523.803711	-321.289032
2024-02-02 12:02:46.860	5.468994	2.682861	4.617432	-301.696777	-1312.499878	-399.047821
2024-02-02 12:02:46.869	4.785889	1.356445	6.230713	126.281731	-1926.63562	-548.706055
2024-02-02 12:02:46.880	2.653076	-0.449463	7.999756	620.056152	-1999.938843	-502.075165
2024-02-02 12:02:46.890	0.185547	-1.103271	7.999756	711.364685	-1995.422241	-185.363754
2024-02-02 12:02:46.900	0.290771	-2.003418	7.959473	499.145477	-1997.436401	181.579575
2024-02-02 12:02:46.910	-4.413818	-2.456787	7.999756	218.994125	-1999.938843	436.523407
2024-02-02 12:02:46.921	-7.999756	-0.366699	6.765381	-238.586411	-1947.93689	688.476501
2024-02-02 12:02:46.931	-6.017334	0.179443	-2.732178	-318.847656	-1085.449219	549.865723
2024-02-02 12:02:46.941	-6.88501	1.780273	-1.021729	-146.972656	458.740204	112.30468
2024-02-02 12:02:46.951	-6.417725	2.243164	3.644775	-87.341301	1283.935547	145.812988
2024-02-02 12:02:46.962	-4.140381	1.179443	4.747559	206.848129	1840.57605	310.852051
2024-02-02 12:02:46.972	-3.864014	-0.294678	7.044189	535.217285	1999.938843	355.285614
2024-02-02 12:02:46.982	-2.687012	-1.563232	7.999756	601.867676	1968.627808	236.267075
2024-02-02 12:02:46.992	0.970703	-2.783691	7.999756	499.023407	1837.951538	-84.411613
2024-02-02 12:02:47.002	4.553467	-1.975586	7.976563	90.026848	1969.72644	-459.228485
2024-02-02 12:02:47.013	7.019287	-0.661865	6.037598	-101.562492	1867.492554	-635.559082
2024-02-02 12:02:47.023	6.971436	-0.00415	-0.959473	-123.352043	736.63324	-429.992645
2024-02-02 12:02:47.033	7.71582	1.137451	0.235596	-121.582024	-474.304169	-172.363266
2024-02-02 12:02:47.043	4.967529	1.714844	3.374512	-107.727043	-1132.019043	-167.968735
2024-02-02 12:02:47.054	2.17627	0.833252	4.987305	166.625961	-1679.260132	-297.363281
2024-02-02 12:02:47.064	0.912354	-0.259766	6.658936	498.596161	-1874.694702	-305.786133
2024-02-02 12:02:47.074	0.91333	-1.484375	6.469238	630.126953	-1749.145386	-154.541016
2024-02-02 12:02:47.084	-2.345459	-3.476807	7.406982	384.765594	-1652.709839	85.021965
2024-02-02 12:02:47.095	-7.403809	-2.353027	7.924072	-55.297848	-1747.863647	460.754364
2024-02-02 12:02:47.105	-6.382813	-0.547363	2.452637	-369.811981	-1279.174805	649.963318
2024-02-02 12:02:47.115	-4.760254	0.962158	-2.359375	-222.290024	-190.307602	332.336395
2024-02-02 12:02:47.125	-4.352295	1.097412	0.422363	-21.362303	682.18988	30.151365
2024-02-02 12:02:47.136	-2.972656	0.342529	2.101563	-55.175777	1102.905273	50.048824
2024-02-02 12:02:47.146	-1.647217	-0.070557	2.25293	-31.127928	1304.870483	135.925293
2024-02-02 12:02:47.156	0.068604	-0.355469	2.870605	68.969727	1305.969116	112.792961
2024-02-02 12:02:47.166	0.911377	-0.733887	2.727051	115.966789	1252.258301	-4.943848
2024-02-02 12:02:47.177	-0.093018	-0.925537	2.699707	21.484373	1316.406128	-111.206047
2024-02-02 12:02:47.187	0.393799	-0.489502	3.865723	-106.079094	1302.856323	-149.719238
2024-02-02 12:02:47.197	1.541016	-0.355713	3.670898	-61.401363	1088.562012	-244.811996
2024-02-02 12:02:47.208	2.80957	-0.262451	2.453857	13.305663	836.975037	-321.411102
2024-02-02 12:02:47.218	2.407471	-0.110352	0.835938	89.538567	559.692383	-263.305664
2024-02-02 12:02:47.228	1.867432	-0.139404	-0.051514	167.9077	179.87059	-159.362793
2024-02-02 12:02:47.238	0.830322	-0.503418	-0.033203	200.134262	-96.130363	-57.373043
2024-02-02 12:02:47.249	-0.204834	-0.69751	0.206055	158.203125	-256.04248	8.544922
2024-02-02 12:02:47.259	-0.697998	-0.715088	0.459473	140.686035	-338.378876	0.610352
2024-02-02 12:02:47.269	-0.756348	-0.800781	0.966553	179.199203	-376.159637	-52.24609
2024-02-02 12:02:47.279	-0.625977	-1.069336	1.457031	214.355453	-394.409149	-110.473625
2024-02-02 12:02:47.290	-0.125977	-1.321533	1.809082	170.532211	-415.527313	-147.460938
2024-02-02 12:02:47.299	0.297607	-1.285645	2.073975	86.547844	-401.611298	-138.122559
2024-02-02 12:02:47.310	0.079346	-1.121338	1.501221	25.756834	-296.081543	-88.98925
2024-02-02 12:02:47.319	-0.325684	-0.885498	0.938721	5.859375	-204.467758	-26.18408
2024-02-02 12:02:47.330	-0.594971	-0.718506	0.97998	11.596679	-152.770996	26.245115
2024-02-02 12:02:47.340	-0.886719	-0.654297	1.015137	13.488769	-110.778801	52.551266
2024-02-02 12:02:47.349	-1.229248	-0.707275	0.857178	26.977537	-78.430176	47.302242
2024-02-02 12:02:47.360	-1.438232	-0.931641	0.641357	55.358883	-68.786621	10.498046
2024-02-02 12:02:47.369	-1.221191	-1.144287	0.504883	76.35498	-85.021965	-48.522945
2024-02-02 12:02:47.380	-0.777344	-1.222168	0.601563	80.01709	-93.505852	-105.895988
2024-02-02 12:02:47.389	-0.540039	-1.101563	0.617432	49.011227	-77.636719	-136.291504
2024-02-02 12:02:47.400	-0.400635	-0.831787	0.586426	5.798339	-58.1665	-138.793945
2024-02-02 12:02:47.409	-0.220703	-0.592041	0.619385	-15.563964	-36.193848	-127.197258
2024-02-02 12:02:47.419	-0.101807	-0.449951	0.664551	-17.883301	-4.943848	-105.346672
2024-02-02 12:02:47.430	-0.083984	-0.37793	0.65625	-9.521484	34.912109	-76.049805
2024-02-02 12:02:47.439	-0.148438	-0.361328	0.651855	10.559081	72.814941	-48.095699
2024-02-02 12:02:47.450	-0.247314	-0.423828	0.708008	39.978027	95.703117	-27.587889
2024-02-02 12:02:47.459	-0.268311	-0.547607	0.80127	61.767574	98.449699	-12.939452
2024-02-02 12:02:47.470	-0.253418	-0.680176	0.859375	65.307617	91.857903	-1.464844
2024-02-02 12:02:47.479	-0.247314	-0.757813	0.858887	52.490231	81.05468	6.16455
2024-02-02 12:02:47.490	-0.214355	-0.776123	0.827881	36.92627	65.063477	7.629394
2024-02-02 12:02:47.500	-0.117676	-0.783691	0.802246	28.564451	45.043941	5.249023
2024-02-02 12:02:47.509	-0.076172	-0.770508	0.814941	23.193357	29.907225	5.310058
2024-02-02 12:02:47.520	-0.059326	-0.748047	0.891113	24.719236	20.507811	10.620116
2024-02-02 12:02:47.529	-0.073486	-0.74707	0.993164	29.479979	19.53125	22.888182
2024-02-02 12:02:47.540	-0.115723	-0.730225	1.049805	28.137205	27.343748	39.550781
2024-02-02 12:02:47.549	-0.155518	-0.698486	1.070557	24.597166	35.27832	54.321285
2024-02-02 12:02:47.560	-0.189697	-0.66626	1.097656	24.719236	38.146973	60.729977
2024-02-02 12:02:47.569	-0.191406	-0.644531	1.070068	27.9541	34.423828	57.861324
2024-02-02 12:02:47.580	-0.187744	-0.62085	1.022217	33.081055	26.489256	49.560543
2024-02-02 12:02:47.590	-0.193359	-0.612061	0.986572	41.870113	15.624999	38.269043
2024-02-02 12:02:47.599	-0.203369	-0.617188	0.959229	48.767086	2.624511	27.587889
2024-02-02 12:02:47.610	-0.223389	-0.608398	0.935059	47.424313	-7.93457	20.26367
2024-02-02 12:02:47.619	-0.219727	-0.591309	0.908691	41.137691	-14.892577	15.502929
2024-02-02 12:02:47.630	-0.215088	-0.582275	0.892578	33.325195	-18.554688	12.023925
2024-02-02 12:02:47.639	-0.222656	-0.549561	0.861572	22.827147	-19.897461	8.850098
