2024-02-02 00:45:25.880	-0.211914	-0.010498	0.837891	-62.622066	27.282713	-22.3999
2024-02-02 00:45:25.889	-0.168213	-0.036133	0.817627	-65.673828	37.109375	-22.3999
2024-02-02 00:45:25.899	-0.149902	-0.032959	0.882813	-62.19482	41.870113	-24.475096
2024-02-02 00:45:25.909	-0.176025	-0.015137	0.999023	-51.818844	44.738766	-29.113768
2024-02-02 00:45:25.920	-0.202393	0.013916	1.108887	-38.757324	42.785641	-34.118652
2024-02-02 00:45:25.930	-0.197754	0.053467	1.15918	-26.489256	32.409668	-38.269043
2024-02-02 00:45:25.940	-0.185547	0.069824	1.130859	-12.145995	19.226074	-43.457027
2024-02-02 00:45:25.950	-0.217773	0.059814	1.106201	1.586914	8.178711	-48.278805
2024-02-02 00:45:25.959	-0.256592	0.060059	1.116211	11.657714	-0.854492	-50.109859
2024-02-02 00:45:25.969	-0.278564	0.055908	1.144775	20.26367	-12.756347	-48.828121
2024-02-02 00:45:25.979	-0.289795	0.030762	1.152588	29.174803	-27.770994	-45.227047
2024-02-02 00:45:25.989	-0.278076	-0.009277	1.128662	36.499023	-44.006344	-39.367676
2024-02-02 00:45:26.000	-0.252441	-0.042725	1.129883	40.283199	-59.387203	-32.043457
2024-02-02 00:45:26.010	-0.22583	-0.065674	1.122559	41.137691	-70.251465	-25.207518
2024-02-02 00:45:26.020	-0.188721	-0.098145	1.072021	43.151852	-75.378418	-21.606443
2024-02-02 00:45:26.030	-0.139893	-0.144531	1.014893	48.095699	-75.134277	-24.475096
2024-02-02 00:45:26.040	-0.117432	-0.192139	1.010254	54.931637	-69.274902	-32.836914
2024-02-02 00:45:26.049	-0.121582	-0.225098	1.041992	59.570309	-61.096188	-43.395992
2024-02-02 00:45:26.059	-0.153564	-0.235596	1.106201	59.020992	-55.053707	-51.330563
2024-02-02 00:45:26.070	-0.213623	-0.17627	1.139404	49.438473	-52.185055	-53.894039
2024-02-02 00:45:26.080	-0.300537	-0.0271	1.076904	36.560059	-49.987789	-55.297848
2024-02-02 00:45:26.090	-0.375	0.139404	0.896484	29.052732	-48.645016	-60.791012
2024-02-02 00:45:26.100	-0.408936	0.269531	0.700928	26.18408	-46.691891	-72.20459
2024-02-02 00:45:26.111	-0.393311	0.324951	0.586182	24.780272	-36.376953	-89.965813
2024-02-02 00:45:26.121	-0.339844	0.276367	0.604004	19.104004	-17.456055	-109.680168
2024-02-02 00:45:26.131	-0.26123	0.17749	0.677002	5.615234	5.065917	-122.863762
2024-02-02 00:45:26.142	-0.194336	0.080078	0.781982	-16.418457	30.273436	-122.25341
2024-02-02 00:45:26.152	-0.141602	0.037109	0.884033	-48.034664	53.222652	-103.637688
2024-02-02 00:45:26.162	-0.098389	0.075195	0.864014	-75.622559	68.42041	-75.317383
2024-02-02 00:45:26.172	-0.10083	0.125977	0.745117	-85.388176	73.730469	-56.15234
2024-02-02 00:45:26.183	-0.082275	0.10083	0.743164	-80.444328	58.1665	-56.884762
2024-02-02 00:45:26.193	-0.04541	0.02002	0.818359	-75.317383	27.038572	-73.913574
2024-02-02 00:45:26.203	-0.043457	-0.031738	0.919189	-71.716309	-4.516602	-91.918938
2024-02-02 00:45:26.213	-0.082031	-0.068359	1.073975	-63.232418	-24.841307	-100.524895
2024-02-02 00:45:26.223	-0.125977	-0.10083	1.218506	-53.344723	-39.0625	-96.252434
2024-02-02 00:45:26.234	-0.162598	-0.11377	1.35498	-46.386715	-48.950191	-79.772949
2024-02-02 00:45:26.244	-0.20874	-0.104492	1.417725	-39.978027	-48.889156	-59.082027
2024-02-02 00:45:26.254	-0.241455	-0.103027	1.406738	-29.174803	-39.672852	-41.564938
2024-02-02 00:45:26.264	-0.260742	-0.115723	1.395752	-16.357422	-24.780272	-30.334471
2024-02-02 00:45:26.275	-0.257568	-0.118164	1.407471	-4.211426	-6.713867	-24.475096
2024-02-02 00:45:26.285	-0.249268	-0.093262	1.41333	9.155273	15.014647	-20.629881
2024-02-02 00:45:26.295	-0.265625	-0.078369	1.402588	26.123045	37.109375	-17.51709
2024-02-02 00:45:26.305	-0.269531	-0.083008	1.337891	45.349117	54.13818	-15.075683
2024-02-02 00:45:26.316	-0.276855	-0.118652	1.234131	61.279293	66.650391	-12.145995
2024-02-02 00:45:26.326	-0.297607	-0.146973	1.160889	67.687988	74.523926	-7.446289
2024-02-02 00:45:26.336	-0.3125	-0.143799	1.095459	65.979004	76.293945	-3.051758
2024-02-02 00:45:26.347	-0.291748	-0.103271	1.034912	59.143063	70.678711	-0.244141
2024-02-02 00:45:26.357	-0.257568	-0.041016	1.023193	47.363277	60.119625	4.455566
2024-02-02 00:45:26.367	-0.257324	0.038086	1.039307	32.165527	51.879879	12.817382
2024-02-02 00:45:26.377	-0.287109	0.116943	1.013916	17.700195	47.668453	24.04785
2024-02-02 00:45:26.388	-0.268311	0.199219	0.870361	4.211426	42.053219	36.499023
2024-02-02 00:45:26.398	-0.169189	0.272705	0.643066	-9.399414	32.409668	49.926754
2024-02-02 00:45:26.408	-0.070557	0.3125	0.450684	-18.066406	20.446775	64.331055
2024-02-02 00:45:26.418	-0.061279	0.26709	0.401611	-18.127441	10.131835	78.24707
2024-02-02 00:45:26.429	-0.102295	0.158936	0.440918	-15.319823	4.699707	88.134758
2024-02-02 00:45:26.439	-0.146484	0.036865	0.520996	-11.901855	0.366211	83.801262
2024-02-02 00:45:26.449	-0.222168	-0.064941	0.634033	-13.85498	-8.972168	62.438961
2024-02-02 00:45:26.459	-0.325439	-0.117188	0.741943	-24.16992	-28.320311	32.470703
2024-02-02 00:45:26.469	-0.336914	-0.116455	0.80249	-39.306641	-55.297848	5.249023
2024-02-02 00:45:26.479	-0.356445	-0.109619	0.901855	-45.349117	-67.443848	-11.779784
2024-02-02 00:45:26.489	-0.45166	-0.125732	1.0625	-42.602535	-55.236813	-22.3999
2024-02-02 00:45:26.500	-0.542236	-0.152344	1.233643	-38.818359	-37.353516	-29.418943
2024-02-02 00:45:26.510	-0.576416	-0.137451	1.353271	-32.409668	-19.53125	-35.400391
2024-02-02 00:45:26.520	-0.563721	-0.097412	1.336426	-21.606443	-3.356933	-40.588375
2024-02-02 00:45:26.530	-0.500244	-0.073486	1.280029	-7.446289	5.859375	-43.701168
2024-02-02 00:45:26.540	-0.431641	-0.070557	1.301514	10.131835	14.22119	-43.151852
2024-02-02 00:45:26.549	-0.372803	-0.092773	1.314209	30.151365	23.132322	-38.330078
2024-02-02 00:45:26.559	-0.313965	-0.103027	1.277588	48.21777	27.099607	-29.113768
2024-02-02 00:45:26.569	-0.278076	-0.09375	1.237061	61.95068	22.583006	-18.737793
2024-02-02 00:45:26.579	-0.253418	-0.066406	1.20752	69.580078	10.803222	-9.94873
2024-02-02 00:45:26.590	-0.221436	-0.04126	1.151855	69.702148	-3.540039	-2.990722
2024-02-02 00:45:26.600	-0.186523	-0.014404	1.090576	61.340328	-16.479492	1.831055
2024-02-02 00:45:26.610	-0.15625	0.029785	1.030273	47.790524	-25.085447	4.150391
2024-02-02 00:45:26.620	-0.136719	0.068848	0.952148	34.240723	-29.174803	3.723144
2024-02-02 00:45:26.630	-0.12793	0.098389	0.868896	21.667479	-31.921385	1.89209
2024-02-02 00:45:26.639	-0.141357	0.114014	0.820557	10.253905	-33.996582	-0.915527
2024-02-02 00:45:26.649	-0.165283	0.123535	0.851807	-1.098633	-31.372068	-5.676269
2024-02-02 00:45:26.659	-0.193848	0.184082	0.906738	-16.235352	-24.230955	-9.643555
2024-02-02 00:45:26.670	-0.182129	0.308838	0.820557	-31.433104	-16.113281	-10.620116
2024-02-02 00:45:26.680	-0.130615	0.40625	0.606689	-39.672852	-12.634276	-10.253905
2024-02-02 00:45:26.690	-0.111572	0.395996	0.474854	-36.865234	-21.118162	-14.648437
2024-02-02 00:45:26.700	-0.145996	0.296143	0.503174	-26.977537	-36.499023	-25.817869
2024-02-02 00:45:26.709	-0.165039	0.118652	0.659424	-19.470215	-47.546383	-35.583496
2024-02-02 00:45:26.719	-0.216797	-0.07666	0.802002	-18.615723	-44.006344	-37.231445
2024-02-02 00:45:26.729	-0.32666	-0.210449	0.849121	-14.587401	-33.691406	-32.653809
2024-02-02 00:45:26.739	-0.418945	-0.322021	1.057129	0.305176	-30.334471	-34.606934
2024-02-02 00:45:26.750	-0.406494	-0.403809	1.322754	8.239746	-42.297359	-42.236324
2024-02-02 00:45:26.760	-0.388916	-0.415039	1.375	4.394531	-55.541988	-49.316402
2024-02-02 00:45:26.770	-0.373291	-0.382813	1.293701	-0.549316	-62.438961	-57.495113
2024-02-02 00:45:26.780	-0.3396	-0.323975	1.293213	-3.967285	-62.805172	-65.917969
2024-02-02 00:45:26.790	-0.275879	-0.248047	1.358398	-2.075195	-59.997555	-77.880859
2024-02-02 00:45:26.799	-0.174316	-0.174316	1.379639	6.774902	-54.26025	-91.796867
2024-02-02 00:45:26.809	-0.054932	-0.124756	1.39209	23.986814	-42.602535	-104.553215
2024-02-02 00:45:26.819	0.054932	-0.094727	1.469482	44.250484	-24.230955	-115.722649
2024-02-02 00:45:26.829	0.117432	-0.075684	1.48999	63.84277	-2.929687	-120.178215
2024-02-02 00:45:26.840	0.150146	-0.070801	1.431885	78.796387	7.690429	-116.271965
2024-02-02 00:45:26.850	0.147949	-0.055908	1.356934	85.327141	-0.610352	-108.764641
2024-02-02 00:45:26.860	0.107422	-0.0271	1.287354	85.266106	-23.498533	-103.576653
2024-02-02 00:45:26.870	0.043457	-0.022217	1.239014	80.444328	-54.626461	-102.661125
2024-02-02 00:45:26.880	-0.030762	-0.030762	1.185791	69.335938	-84.777824	-103.698723
2024-02-02 00:45:26.890	-0.119629	-0.020508	1.122314	55.908199	-105.957024	-106.689445
2024-02-02 00:45:26.900	-0.207764	0.025879	1.046387	47.241207	-115.783684	-112.30468
2024-02-02 00:45:26.910	-0.240479	0.082275	0.982422	44.128414	-116.45507	-120.727531
2024-02-02 00:45:26.921	-0.24292	0.130371	0.960205	42.968746	-110.41259	-129.760742
2024-02-02 00:45:26.931	-0.221924	0.171143	0.906006	43.762203	-101.074211	-136.59668
2024-02-02 00:45:26.941	-0.169922	0.210449	0.786865	47.546383	-87.768547	-143.188477
2024-02-02 00:45:26.951	-0.128174	0.211182	0.698975	52.612301	-71.838379	-150.32959
2024-02-02 00:45:26.962	-0.026123	0.215576	0.549561	57.250973	-55.480953	-154.785156
2024-02-02 00:45:26.972	0.088379	0.206055	0.39624	64.147949	-38.208008	-159.179688
2024-02-02 00:45:26.982	0.130127	0.114502	0.449463	75.317383	-29.357908	-169.067368
2024-02-02 00:45:26.993	0.219482	-0.023438	0.548828	86.242668	-35.15625	-184.020981
2024-02-02 00:45:27.003	0.342041	-0.209229	0.641602	89.294426	-45.410152	-197.082504
2024-02-02 00:45:27.013	0.315674	-0.330078	0.822021	77.209473	-48.767086	-201.354965
2024-02-02 00:45:27.023	0.235596	-0.324707	1.028564	62.988277	-44.31152	-198.852524
2024-02-02 00:45:27.034	0.183838	-0.223877	1.218018	52.307125	-29.113768	-192.810043
2024-02-02 00:45:27.044	0.147217	-0.132568	1.316406	41.809078	-17.944336	-190.185532
2024-02-02 00:45:27.054	0.174316	-0.032471	1.296143	19.775391	-21.057127	-189.636215
2024-02-02 00:45:27.064	0.26709	0.097656	1.206299	-5.371093	-36.743164	-187.866196
2024-02-02 00:45:27.075	0.356445	0.21875	1.172852	-18.066406	-56.884762	-183.959946
2024-02-02 00:45:27.085	0.452637	0.297852	1.203369	-13.000487	-80.01709	-175.903305
2024-02-02 00:45:27.095	0.503662	0.295898	1.293457	2.807617	-100.646965	-169.189438
2024-02-02 00:45:27.105	0.507813	0.24292	1.368164	19.470215	-111.877434	-170.654282
2024-02-02 00:45:27.116	0.508545	0.180664	1.402588	29.541014	-117.187492	-178.710922
2024-02-02 00:45:27.126	0.548828	0.11499	1.386719	28.137205	-117.187492	-184.692368
2024-02-02 00:45:27.136	0.568359	0.110107	1.312256	20.202635	-109.924309	-185.119614
2024-02-02 00:45:27.146	0.510254	0.195557	1.207031	16.113281	-98.205559	-181.64061
2024-02-02 00:45:27.156	0.378906	0.304932	1.097168	20.751951	-85.266106	-176.879868
2024-02-02 00:45:27.167	0.234131	0.375977	0.989014	30.761717	-74.890137	-174.987778
2024-02-02 00:45:27.177	0.153809	0.416748	0.956055	38.085938	-69.213867	-174.499496
2024-02-02 00:45:27.187	0.132324	0.455078	0.942871	40.771481	-64.819336	-173.156723
2024-02-02 00:45:27.197	0.124512	0.512451	0.888916	42.724606	-60.363766	-170.654282
2024-02-02 00:45:27.208	0.139648	0.552734	0.795898	48.278805	-54.809566	-166.931137
2024-02-02 00:45:27.218	0.172119	0.536377	0.762939	56.945797	-48.400875	-161.621078
2024-02-02 00:45:27.228	0.208984	0.479004	0.800537	65.307617	-38.513184	-153.381348
2024-02-02 00:45:27.239	0.250488	0.36792	0.832275	69.335938	-28.19824	-140.441895
2024-02-02 00:45:27.249	0.293945	0.188477	0.925049	67.321777	-20.812986	-124.633781
2024-02-02 00:45:27.259	0.31665	0.018311	1.041504	57.128902	-16.296387	-113.403313
2024-02-02 00:45:27.269	0.257813	0.020508	1.037109	42.236324	-18.249512	-109.313957
2024-02-02 00:45:27.280	0.177734	0.078857	0.961914	33.630371	-23.010252	-111.694328
2024-02-02 00:45:27.290	0.132324	0.050293	0.882813	36.743164	-22.3999	-120.483391
2024-02-02 00:45:27.300	0.134766	-0.016113	0.892578	47.363277	-19.165039	-135.375977
2024-02-02 00:45:27.310	0.162598	-0.00708	0.973633	55.175777	-22.583006	-146.66748
2024-02-02 00:45:27.320	0.187988	0.03418	1.04541	60.729977	-28.320311	-146.118164
2024-02-02 00:45:27.331	0.197266	0.053955	1.122314	65.795898	-28.686522	-137.634277
2024-02-02 00:45:27.341	0.189941	0.083984	1.200684	67.565918	-26.30615	-130.859375
2024-02-02 00:45:27.351	0.200928	0.157471	1.254395	63.720699	-27.465818	-132.324219
2024-02-02 00:45:27.361	0.24707	0.253906	1.244141	56.640621	-28.259275	-143.615723
2024-02-02 00:45:27.372	0.279053	0.31958	1.200195	52.490231	-19.714355	-159.973145
2024-02-02 00:45:27.382	0.293701	0.357178	1.147461	53.405758	-1.464844	-172.424301
2024-02-02 00:45:27.392	0.302246	0.404785	1.104492	58.959957	19.53125	-179.321274
2024-02-02 00:45:27.402	0.286133	0.454102	1.12207	68.42041	31.98242	-181.945786
2024-02-02 00:45:27.413	0.235596	0.486816	1.151855	77.880859	34.606934	-181.579575
2024-02-02 00:45:27.423	0.166016	0.50708	1.131836	81.05468	30.09033	-177.795395
2024-02-02 00:45:27.433	0.112061	0.519287	1.058594	74.890137	20.26367	-168.762192
2024-02-02 00:45:27.444	0.07373	0.52002	0.962402	66.650391	9.399414	-155.212402
2024-02-02 00:45:27.454	0.049561	0.480469	0.894043	63.84277	0.915527	-140.014648
2024-02-02 00:45:27.464	0.025146	0.409912	0.837646	63.720699	-4.943848	-124.328606
2024-02-02 00:45:27.474	0.008301	0.357666	0.769531	63.110348	-11.96289	-110.473625
2024-02-02 00:45:27.485	0.010254	0.343262	0.677734	64.697266	-18.981934	-99.304192
2024-02-02 00:45:27.495	0.034912	0.345947	0.579346	68.786621	-25.268553	-88.86718
2024-02-02 00:45:27.505	0.050049	0.348877	0.536133	73.974609	-34.667969	-78.369141
2024-02-02 00:45:27.515	0.028564	0.341309	0.53833	79.040527	-46.691891	-69.152832
2024-02-02 00:45:27.526	-0.007324	0.315918	0.559082	82.275383	-60.913082	-63.96484
2024-02-02 00:45:27.536	-0.077393	0.284668	0.591553	80.444328	-79.284668	-63.537594
2024-02-02 00:45:27.546	-0.178955	0.231445	0.69165	73.608398	-97.228996	-66.467285
2024-02-02 00:45:27.556	-0.26416	0.182373	0.818848	58.227535	-109.069817	-71.166992
2024-02-02 00:45:27.566	-0.303711	0.205322	0.865723	32.531738	-113.708488	-76.721191
2024-02-02 00:45:27.577	-0.266846	0.313232	0.875244	1.647949	-111.267082	-80.993645
2024-02-02 00:45:27.587	-0.19751	0.43042	0.89209	-24.29199	-101.623528	-81.970207
2024-02-02 00:45:27.597	-0.163818	0.533936	0.931885	-42.053219	-84.472649	-79.833984
2024-02-02 00:45:27.607	-0.181152	0.588135	0.966553	-48.645016	-60.913082	-76.538086
2024-02-02 00:45:27.618	-0.218994	0.577148	1.010254	-44.250484	-36.743164	-74.035645
2024-02-02 00:45:27.628	-0.231934	0.568115	1.043213	-36.560059	-15.075683	-75.744629
2024-02-02 00:45:27.638	-0.200195	0.596924	1.047119	-30.944822	4.333496	-80.627434
2024-02-02 00:45:27.649	-0.164063	0.628418	1.032471	-24.29199	22.460936	-85.20507
2024-02-02 00:45:27.659	-0.14209	0.623047	1.021973	-12.145995	35.522461	-90.270988
2024-02-02 00:45:27.669	-0.118652	0.578857	0.99292	4.333496	40.039063	-95.825188
2024-02-02 00:45:27.679	-0.10498	0.528564	0.965576	21.545408	36.560059	-99.060051
2024-02-02 00:45:27.690	-0.126953	0.483398	0.954834	36.010742	28.991697	-99.060051
2024-02-02 00:45:27.700	-0.157471	0.455566	0.962891	45.715328	19.897461	-96.252434
2024-02-02 00:45:27.709	-0.160156	0.470459	1.021973	50.964352	8.605957	-92.956535
2024-02-02 00:45:27.719	-0.199707	0.540039	1.021729	52.307125	-5.554199	-87.219231
2024-02-02 00:45:27.729	-0.201172	0.616211	0.95752	54.077145	-19.836426	-76.049805
2024-02-02 00:45:27.739	-0.136475	0.673828	0.927002	60.363766	-34.423828	-61.706539
2024-02-02 00:45:27.750	-0.091797	0.701172	0.884277	70.19043	-46.56982	-47.912594
2024-02-02 00:45:27.760	-0.076172	0.670898	0.824219	80.627434	-57.189938	-37.597656
2024-02-02 00:45:27.770	-0.075928	0.591309	0.769775	86.364738	-63.598629	-30.883787
2024-02-02 00:45:27.780	-0.075195	0.519775	0.705811	85.388176	-59.020992	-27.282713
2024-02-02 00:45:27.790	-0.051514	0.466797	0.64209	81.29882	-45.410152	-27.893064
2024-02-02 00:45:27.799	-0.031494	0.445801	0.622803	76.782227	-29.96826	-31.677244
2024-02-02 00:45:27.809	-0.06958	0.477295	0.630859	72.44873	-19.40918	-36.499023
2024-02-02 00:45:27.819	-0.130371	0.507813	0.63208	68.115234	-15.197753	-39.978027
2024-02-02 00:45:27.829	-0.161133	0.520996	0.628662	63.415524	-12.756347	-41.015621
2024-02-02 00:45:27.840	-0.168945	0.531494	0.662109	56.15234	-11.230468	-40.344234
2024-02-02 00:45:27.850	-0.169678	0.554932	0.702881	45.288082	-12.20703	-39.245605
2024-02-02 00:45:27.860	-0.154785	0.577393	0.741455	32.714844	-14.526366	-37.963867
2024-02-02 00:45:27.870	-0.165771	0.578369	0.781494	19.40918	-16.113281	-34.912109
2024-02-02 00:45:27.880	-0.236572	0.563232	0.80127	4.882813	-16.662598	-30.761717
2024-02-02 00:45:27.889	-0.310547	0.566895	0.764648	-7.995605	-17.028809	-30.029295
2024-02-02 00:45:27.899	-0.327148	0.578369	0.739014	-12.573241	-17.211914	-34.301758
2024-02-02 00:45:27.909	-0.302246	0.580566	0.733887	-8.239746	-15.075683	-40.832516
2024-02-02 00:45:27.920	-0.276855	0.579346	0.709473	-0.183105	-14.648437	-44.982906
2024-02-02 00:45:27.930	-0.255615	0.565186	0.668945	8.666992	-17.211914	-45.288082
2024-02-02 00:45:27.940	-0.241455	0.537109	0.626709	17.211914	-19.53125	-43.029781
2024-02-02 00:45:27.950	-0.231689	0.501221	0.603516	23.437498	-20.446775	-38.94043
2024-02-02 00:45:27.959	-0.216553	0.462646	0.607666	24.780272	-18.859863	-33.325195
2024-02-02 00:45:27.969	-0.211914	0.438965	0.672852	18.676758	-16.174316	-25.024412
2024-02-02 00:45:27.979	-0.266357	0.452637	0.741699	5.187988	-12.023925	-15.380858
2024-02-02 00:45:27.989	-0.360596	0.557129	0.717529	-9.887695	-7.202148	-10.0708
2024-02-02 00:45:28.000	-0.424561	0.615967	0.759521	-21.179197	-0.12207	-6.896972
2024-02-02 00:45:28.010	-0.430664	0.619385	0.884277	-29.846189	8.972168	-5.615234
2024-02-02 00:45:28.020	-0.356201	0.678467	0.916992	-36.499023	12.512206	-9.338379
2024-02-02 00:45:28.030	-0.297852	0.73877	0.901611	-37.475586	8.544922	-15.930175
2024-02-02 00:45:28.040	-0.290039	0.732422	0.864746	-33.325195	0.671387	-22.827147
2024-02-02 00:45:28.049	-0.306396	0.665283	0.798828	-26.000975	-7.019042	-30.944822
2024-02-02 00:45:28.059	-0.337402	0.601318	0.766113	-18.310547	-11.840819	-39.672852
2024-02-02 00:45:28.069	-0.362793	0.568359	0.774414	-13.183593	-14.709472	-45.715328
2024-02-02 00:45:28.079	-0.375244	0.559082	0.783936	-10.559081	-15.258788	-47.119137
2024-02-02 00:45:28.090	-0.383301	0.555908	0.778076	-9.460449	-12.451171	-44.372555
2024-02-02 00:45:28.100	-0.38916	0.547119	0.773682	-8.483887	-7.690429	-39.245605
2024-02-02 00:45:28.110	-0.377686	0.544922	0.765869	-7.385253	-2.563476	-33.996582
2024-02-02 00:45:28.120	-0.360596	0.543701	0.763672	-6.286621	1.525879	-29.846189
2024-02-02 00:45:28.131	-0.341797	0.544922	0.761963	-4.943848	4.089355	-27.038572
2024-02-02 00:45:28.141	-0.324219	0.54834	0.761475	-3.784179	4.577637	-25.756834
2024-02-02 00:45:28.151	-0.306152	0.55542	0.765869	-2.258301	3.112793	-25.024412
2024-02-02 00:45:28.161	-0.297852	0.558838	0.7771	-0.671387	0.0	-24.16992
2024-02-02 00:45:28.172	-0.30957	0.556152	0.783936	0.183105	-4.394531	-22.705076
2024-02-02 00:45:28.182	-0.325928	0.558594	0.786865	-0.061035	-9.82666	-20.812986
2024-02-02 00:45:28.192	-0.3396	0.569092	0.79126	-0.976562	-15.86914	-18.859863
2024-02-02 00:45:28.202	-0.351807	0.580811	0.793945	-1.403808	-20.629881	-16.967773
2024-02-02 00:45:28.212	-0.368896	0.586426	0.796387	-1.159668	-23.132322	-15.441894
2024-02-02 00:45:28.223	-0.382813	0.588135	0.790527	-0.671387	-23.681639	-13.793944
2024-02-02 00:45:28.233	-0.393311	0.591797	0.796143	0.061035	-22.521971	-11.657714
2024-02-02 00:45:28.243	-0.398193	0.589111	0.799561	1.281738	-20.019531	-9.460449
2024-02-02 00:45:28.253	-0.398193	0.585449	0.789551	3.112793	-16.418457	-7.751464
2024-02-02 00:45:28.264	-0.391113	0.577881	0.787598	4.821777	-11.108397	-6.347656
2024-02-02 00:45:28.274	-0.380615	0.570557	0.789063	5.981445	-4.821777	-5.187988
2024-02-02 00:45:28.284	-0.360107	0.562012	0.792725	6.469726	0.244141	-3.662109
2024-02-02 00:45:28.295	-0.341553	0.560059	0.798096	5.981445	3.112793	-1.342773
2024-02-02 00:45:28.305	-0.332275	0.558838	0.801758	4.882813	4.699707	1.953125
2024-02-02 00:45:28.315	-0.321777	0.551758	0.801758	4.272461	5.676269	4.760742
2024-02-02 00:45:28.325	-0.309082	0.551758	0.799072	4.089355	5.798339	5.859375
2024-02-02 00:45:28.336	-0.303711	0.551025	0.796631	4.02832	4.638672	5.310058
2024-02-02 00:45:28.346	-0.309814	0.552979	0.793457	3.845215	2.075195	3.967285
2024-02-02 00:45:28.356	-0.317871	0.558105	0.785889	3.967285	-1.159668	2.380371
2024-02-02 00:45:28.366	-0.315918	0.562256	0.779053	4.394531	-4.272461	0.793457
2024-02-02 00:45:28.377	-0.315918	0.561035	0.780762	4.882813	-6.713867	-0.12207
2024-02-02 00:45:28.387	-0.318115	0.556152	0.782959	5.493164	-7.93457	0.244141
2024-02-02 00:45:28.397	-0.322998	0.547363	0.781006	5.798339	-7.8125	1.525879
2024-02-02 00:45:28.407	-0.328369	0.54248	0.776855	5.737304	-7.324218	2.502441
2024-02-02 00:45:28.417	-0.329834	0.546875	0.775879	6.04248	-6.469726	2.624511
2024-02-02 00:45:28.428	-0.331299	0.55542	0.774658	6.408691	-5.371093	2.380371
2024-02-02 00:45:28.438	-0.330322	0.560303	0.7771	6.713867	-4.638672	2.319336
2024-02-02 00:45:28.448	-0.328125	0.565674	0.780518	6.530761	-4.211426	2.563476
2024-02-02 00:45:28.458	-0.321045	0.572266	0.784424	5.737304	-4.577637	2.685547
2024-02-02 00:45:28.469	-0.316895	0.582764	0.785156	5.371093	-5.554199	2.746582
2024-02-02 00:45:28.479	-0.319336	0.594971	0.78418	5.249023	-6.713867	2.990722
2024-02-02 00:45:28.489	-0.32251	0.603516	0.789063	5.981445	-7.629394	2.746582
2024-02-02 00:45:28.500	-0.324951	0.606934	0.795898	8.300781	-8.483887	2.197266
2024-02-02 00:45:28.510	-0.331299	0.604248	0.797119	11.169433	-9.70459	1.953125
2024-02-02 00:45:28.520	-0.325439	0.601074	0.78418	13.427733	-10.864257	1.525879
2024-02-02 00:45:28.530	-0.316895	0.592529	0.779785	15.380858	-10.864257	0.610352
2024-02-02 00:45:28.540	-0.310303	0.584229	0.780762	16.967773	-9.521484	-0.366211
2024-02-02 00:45:28.549	-0.295654	0.581299	0.775635	17.700195	-8.422852	-1.647949
2024-02-02 00:45:28.559	-0.283691	0.57959	0.780273	17.150879	-8.056641	-2.13623
2024-02-02 00:45:28.569	-0.276611	0.584229	0.778809	14.526366	-6.835937	-1.281738
2024-02-02 00:45:28.579	-0.274658	0.590576	0.777588	11.901855	-5.798339	0.671387
2024-02-02 00:45:28.590	-0.274902	0.598389	0.771973	10.986327	-5.554199	2.502441
2024-02-02 00:45:28.600	-0.280273	0.601318	0.76709	11.901855	-5.432128	3.417969
2024-02-02 00:45:28.610	-0.287109	0.602051	0.76709	13.549804	-5.126953	3.479004
2024-02-02 00:45:28.620	-0.296143	0.605469	0.776123	15.319823	-4.638672	3.479004
2024-02-02 00:45:28.630	-0.312256	0.608887	0.782959	15.99121	-4.333496	3.417969
2024-02-02 00:45:28.639	-0.324707	0.619629	0.784912	15.563964	-3.601074	3.601074
2024-02-02 00:45:28.649	-0.325684	0.629883	0.778564	15.258788	-2.13623	3.356933
2024-02-02 00:45:28.659	-0.324707	0.626953	0.770264	15.441894	0.12207	2.746582
2024-02-02 00:45:28.670	-0.323486	0.619629	0.759033	15.930175	2.868652	2.624511
2024-02-02 00:45:28.680	-0.318604	0.608398	0.746094	16.174316	5.615234	3.112793
2024-02-02 00:45:28.690	-0.318115	0.593018	0.740234	16.235352	8.239746	3.90625
2024-02-02 00:45:28.700	-0.322754	0.583496	0.737793	15.747069	10.803222	4.699707
2024-02-02 00:45:28.709	-0.323975	0.584229	0.731934	14.709472	13.061522	4.455566
2024-02-02 00:45:28.719	-0.317627	0.593506	0.722168	13.85498	14.770507	3.662109
2024-02-02 00:45:28.729	-0.31543	0.604492	0.715332	13.183593	15.808105	2.929687
2024-02-02 00:45:28.739	-0.312744	0.606445	0.7146	12.939452	16.357422	2.502441
2024-02-02 00:45:28.750	-0.30249	0.61377	0.717529	12.573241	15.747069	2.319336
2024-02-02 00:45:28.760	-0.294678	0.619141	0.725342	11.657714	14.343261	2.685547
2024-02-02 00:45:28.770	-0.297119	0.619385	0.717773	10.31494	11.901855	3.601074
2024-02-02 00:45:28.780	-0.291748	0.61499	0.692627	8.850098	8.911133	4.211426
2024-02-02 00:45:28.790	-0.287598	0.614014	0.688477	7.690429	6.103515	4.089355
2024-02-02 00:45:28.799	-0.29126	0.621094	0.695313	7.202148	3.234863	3.662109
2024-02-02 00:45:28.809	-0.293945	0.634521	0.696777	7.690429	-0.183105	3.112793
2024-02-02 00:45:28.819	-0.29541	0.639893	0.696533	8.972168	-3.540039	1.708984
2024-02-02 00:45:28.829	-0.30957	0.637451	0.69751	9.70459	-5.737304	0.244141
2024-02-02 00:45:28.840	-0.322021	0.633545	0.70752	9.155273	-7.080078	-0.915527
2024-02-02 00:45:28.850	-0.328369	0.632813	0.716309	8.483887	-7.568359	-1.953125
2024-02-02 00:45:28.860	-0.331299	0.633057	0.721191	6.591796	-6.652832	-2.01416
2024-02-02 00:45:28.870	-0.334229	0.634766	0.720459	2.868652	-3.417969	-0.244141
2024-02-02 00:45:28.880	-0.334473	0.636475	0.718994	-0.061035	0.732422	1.89209
2024-02-02 00:45:28.889	-0.320557	0.639648	0.71875	-1.586914	4.211426	2.990722
2024-02-02 00:45:28.899	-0.307617	0.642334	0.719727	-2.13623	6.591796	2.746582
2024-02-02 00:45:28.910	-0.302002	0.639648	0.716797	-1.831055	8.239746	1.708984
2024-02-02 00:45:28.920	-0.299805	0.63501	0.712891	-1.586914	9.094238	0.244141
2024-02-02 00:45:28.930	-0.289551	0.632813	0.709717	-2.319336	9.460449	-1.464844
2024-02-02 00:45:28.941	-0.285645	0.63501	0.708252	-3.234863	8.605957	-2.868652
2024-02-02 00:45:28.951	-0.289551	0.641113	0.704346	-3.601074	6.103515	-4.272461
2024-02-02 00:45:28.961	-0.301514	0.64209	0.708496	-3.662109	3.540039	-5.493164
2024-02-02 00:45:28.971	-0.308838	0.645752	0.705566	-3.967285	0.976562	-6.530761
2024-02-02 00:45:28.982	-0.306396	0.648193	0.702637	-3.967285	-1.953125	-7.385253
2024-02-02 00:45:28.992	-0.307373	0.648682	0.701416	-3.356933	-4.150391	-7.446289
2024-02-02 00:45:29.002	-0.319092	0.638672	0.698242	-2.13623	-5.493164	-6.835937
2024-02-02 00:45:29.012	-0.326904	0.622559	0.696289	-1.220703	-5.798339	-6.16455
2024-02-02 00:45:29.023	-0.329102	0.619385	0.693848	-1.159668	-5.676269	-5.859375
2024-02-02 00:45:29.033	-0.322266	0.628174	0.706299	-1.464844	-5.92041	-5.737304
2024-02-02 00:45:29.043	-0.314941	0.645508	0.7146	-1.708984	-6.103515	-5.065917
2024-02-02 00:45:29.053	-0.313721	0.657959	0.727295	-2.01416	-6.408691	-3.90625
2024-02-02 00:45:29.063	-0.316162	0.662598	0.73584	-2.380371	-6.713867	-2.868652
2024-02-02 00:45:29.074	-0.322754	0.660156	0.739258	-2.563476	-6.652832	-1.953125
2024-02-02 00:45:29.084	-0.327148	0.651855	0.735352	-2.319336	-6.591796	-1.89209
2024-02-02 00:45:29.094	-0.326416	0.646973	0.726318	-1.525879	-6.347656	-2.380371
2024-02-02 00:45:29.104	-0.331299	0.642578	0.722412	-1.037598	-5.065917	-3.295898
2024-02-02 00:45:29.115	-0.33374	0.64502	0.722168	-0.427246	-3.90625	-4.150391
2024-02-02 00:45:29.125	-0.337158	0.644287	0.724609	0.915527	-2.929687	-4.821777
2024-02-02 00:45:29.135	-0.340088	0.63623	0.723389	2.258301	-1.708984	-5.249023
2024-02-02 00:45:29.145	-0.342529	0.631836	0.72168	2.990722	-0.671387	-5.187988
2024-02-02 00:45:29.156	-0.34668	0.63208	0.717529	3.356933	0.732422	-5.004883
2024-02-02 00:45:29.166	-0.339111	0.633301	0.720459	3.479004	2.380371	-5.432128
2024-02-02 00:45:29.176	-0.331543	0.629883	0.730957	3.356933	3.967285	-5.798339
2024-02-02 00:45:29.187	-0.331299	0.625244	0.727295	2.319336	5.249023	-5.371093
2024-02-02 00:45:29.197	-0.331055	0.623047	0.723877	0.366211	6.04248	-4.333496
2024-02-02 00:45:29.207	-0.327393	0.62793	0.720215	-0.732422	6.16455	-3.479004
2024-02-02 00:45:29.217	-0.318848	0.63501	0.723145	-0.671387	5.004883	-2.990722
2024-02-02 00:45:29.228	-0.316406	0.63501	0.720703	0.061035	3.601074	-3.173828
2024-02-02 00:45:29.238	-0.320801	0.632324	0.717285	1.098633	2.197266	-3.662109
2024-02-02 00:45:29.248	-0.322266	0.630859	0.71582	1.464844	1.220703	-4.211426
2024-02-02 00:45:29.258	-0.324951	0.625244	0.717773	1.037598	0.671387	-4.455566
2024-02-02 00:45:29.269	-0.32666	0.61792	0.717773	0.488281	0.366211	-4.272461
2024-02-02 00:45:29.279	-0.331299	0.616455	0.716797	-0.488281	0.183105	-3.967285
2024-02-02 00:45:29.289	-0.338623	0.621338	0.710449	-1.708984	0.0	-3.90625
2024-02-02 00:45:29.299	-0.345459	0.62793	0.704102	-2.441406	0.061035	-4.150391
2024-02-02 00:45:29.309	-0.346924	0.63916	0.703369	-2.258301	0.305176	-4.272461
2024-02-02 00:45:29.319	-0.345947	0.643066	0.708496	-1.342773	0.976562	-4.394531
2024-02-02 00:45:29.329	-0.344482	0.643799	0.705322	-0.610352	1.831055	-4.333496
2024-02-02 00:45:29.340	-0.346924	0.636475	0.707031	-0.12207	2.929687	-3.784179
2024-02-02 00:45:29.350	-0.3479	0.63208	0.706299	-0.061035	4.272461	-2.990722
2024-02-02 00:45:29.360	-0.351563	0.632324	0.712158	-0.244141	5.371093	-2.01416
2024-02-02 00:45:29.369	-0.355713	0.634277	0.718506	-0.12207	6.347656	-1.098633
2024-02-02 00:45:29.379	-0.357422	0.635742	0.718994	-0.305176	7.93457	-0.366211
2024-02-02 00:45:29.389	-0.354736	0.639648	0.718994	-0.427246	10.009766	0.488281
2024-02-02 00:45:29.399	-0.354004	0.640625	0.721436	-0.305176	11.779784	1.159668
2024-02-02 00:45:29.409	-0.348145	0.64209	0.722656	-0.366211	12.939452	2.01416
2024-02-02 00:45:29.420	-0.343262	0.646484	0.722168	-0.549316	13.061522	2.929687
2024-02-02 00:45:29.430	-0.342773	0.651123	0.7229	0.244141	12.634276	3.784179
2024-02-02 00:45:29.440	-0.345947	0.641357	0.722656	1.464844	12.20703	4.516602
2024-02-02 00:45:29.450	-0.342773	0.630859	0.719238	2.258301	11.474608	5.615234
2024-02-02 00:45:29.459	-0.344727	0.631348	0.720215	2.685547	10.0708	6.225585
2024-02-02 00:45:29.469	-0.348633	0.637939	0.728271	2.990722	7.995605	6.103515
2024-02-02 00:45:29.479	-0.346436	0.645264	0.726563	3.601074	5.737304	5.554199
2024-02-02 00:45:29.489	-0.346924	0.648438	0.722168	5.004883	3.723144	5.310058
2024-02-02 00:45:29.500	-0.352783	0.647949	0.713867	6.225585	2.502441	5.432128
2024-02-02 00:45:29.510	-0.360352	0.645264	0.711426	7.019042	2.319336	5.737304
2024-02-02 00:45:29.520	-0.359375	0.638428	0.716309	7.324218	3.112793	5.859375
2024-02-02 00:45:29.530	-0.355957	0.63208	0.718262	6.591796	4.089355	5.798339
2024-02-02 00:45:29.540	-0.35791	0.62915	0.71875	5.432128	5.249023	6.103515
2024-02-02 00:45:29.549	-0.356934	0.626465	0.716064	4.089355	6.591796	6.286621
2024-02-02 00:45:29.559	-0.352295	0.624756	0.713623	3.723144	7.507324	6.286621
2024-02-02 00:45:29.569	-0.350586	0.626221	0.71167	4.394531	8.056641	6.16455
2024-02-02 00:45:29.579	-0.351074	0.62915	0.71167	5.065917	8.911133	5.981445
2024-02-02 00:45:29.590	-0.354736	0.631348	0.708496	5.493164	9.887695	5.798339
2024-02-02 00:45:29.600	-0.352783	0.633545	0.704346	5.859375	10.742187	5.065917
2024-02-02 00:45:29.610	-0.346924	0.637939	0.707764	5.981445	11.352538	4.150391
2024-02-02 00:45:29.620	-0.347412	0.638916	0.702148	5.798339	11.779784	3.845215
2024-02-02 00:45:29.630	-0.349854	0.638672	0.689453	5.859375	11.96289	4.02832
2024-02-02 00:45:29.639	-0.349121	0.637939	0.678955	5.981445	11.657714	4.089355
2024-02-02 00:45:29.649	-0.348877	0.644043	0.676514	6.225585	11.474608	3.90625
2024-02-02 00:45:29.659	-0.347412	0.651123	0.676514	6.835937	11.230468	3.967285
2024-02-02 00:45:29.670	-0.347168	0.658447	0.676758	7.141113	10.681151	4.394531
2024-02-02 00:45:29.680	-0.342285	0.658203	0.678467	7.324218	10.437011	5.004883
2024-02-02 00:45:29.690	-0.342773	0.657471	0.677734	7.080078	10.0708	5.065917
2024-02-02 00:45:29.700	-0.338867	0.660889	0.682373	6.591796	9.216309	4.394531
2024-02-02 00:45:29.709	-0.336914	0.663818	0.685791	6.286621	7.8125	4.02832
2024-02-02 00:45:29.720	-0.3396	0.659912	0.681152	5.798339	6.652832	3.967285
2024-02-02 00:45:29.730	-0.341064	0.656982	0.675537	4.943848	6.04248	3.90625
2024-02-02 00:45:29.740	-0.346436	0.662354	0.671631	4.150391	5.432128	3.967285
2024-02-02 00:45:29.750	-0.354248	0.66626	0.669189	4.150391	4.516602	4.211426
2024-02-02 00:45:29.761	-0.357666	0.664551	0.669434	4.455566	3.90625	4.638672
2024-02-02 00:45:29.771	-0.355957	0.658691	0.665771	4.394531	3.967285	5.004883
2024-02-02 00:45:29.781	-0.352051	0.654053	0.669434	3.723144	4.455566	5.371093
2024-02-02 00:45:29.791	-0.35498	0.657471	0.677002	2.807617	4.638672	5.92041
2024-02-02 00:45:29.802	-0.357666	0.656982	0.67749	2.01416	4.150391	6.713867
2024-02-02 00:45:29.812	-0.354736	0.655762	0.674072	1.525879	2.868652	7.019042
2024-02-02 00:45:29.822	-0.349365	0.654541	0.674316	1.037598	1.647949	6.652832
2024-02-02 00:45:29.833	-0.350586	0.653809	0.672852	0.671387	0.976562	5.798339
2024-02-02 00:45:29.843	-0.353027	0.6521	0.670166	0.0	0.183105	4.882813
2024-02-02 00:45:29.853	-0.357422	0.65332	0.666504	-0.488281	-1.098633	3.90625
2024-02-02 00:45:29.863	-0.358398	0.652588	0.661133	-0.427246	-2.319336	3.112793
2024-02-02 00:45:29.874	-0.358643	0.654785	0.660645	-0.366211	-2.380371	2.380371
2024-02-02 00:45:29.884	-0.359619	0.660156	0.662109	-0.183105	-1.89209	1.89209
2024-02-02 00:45:29.894	-0.35791	0.663086	0.667969	0.244141	-1.159668	1.281738
2024-02-02 00:45:29.904	-0.357666	0.661377	0.682617	0.183105	-0.12207	0.793457
2024-02-02 00:45:29.915	-0.356445	0.661621	0.689697	-0.976562	0.793457	0.488281
2024-02-02 00:45:29.925	-0.353516	0.666992	0.687744	-2.380371	1.403808	0.366211
