2024-02-03 23:56:21.620	-0.222656	-0.054688	1.078613	-40.710445	33.996582	21.545408
2024-02-03 23:56:21.630	-0.276367	-0.14624	1.018799	-55.541988	34.057617	27.221678
2024-02-03 23:56:21.639	-0.352539	-0.214844	0.941162	-77.575684	38.024902	41.137691
2024-02-03 23:56:21.649	-0.411133	-0.256592	0.863525	-107.055656	42.66357	65.673828
2024-02-03 23:56:21.659	-0.504639	-0.26001	0.716797	-137.084961	50.537106	98.083488
2024-02-03 23:56:21.670	-0.578125	-0.198975	0.607666	-166.564926	60.668941	134.94873
2024-02-03 23:56:21.680	-0.663086	-0.047852	0.525391	-197.26561	71.716309	175.292953
2024-02-03 23:56:21.690	-0.760986	0.134277	0.435791	-220.214828	80.566399	214.172348
2024-02-03 23:56:21.700	-0.866455	0.284424	0.316162	-233.032211	87.463371	244.38475
2024-02-03 23:56:21.709	-1.074219	0.383545	0.302002	-239.868149	87.402336	263.61084
2024-02-03 23:56:21.719	-1.246338	0.469238	0.455566	-237.365707	75.683594	274.108887
2024-02-03 23:56:21.729	-1.316895	0.544189	0.577881	-217.468246	70.19043	275.756836
2024-02-03 23:56:21.739	-1.221924	0.543213	0.615479	-182.922348	77.148438	268.127441
2024-02-03 23:56:21.750	-1.061768	0.475586	0.675781	-143.615723	81.909172	254.08934
2024-02-03 23:56:21.760	-0.943604	0.401123	0.727783	-106.38427	79.223633	239.318832
2024-02-03 23:56:21.770	-0.827637	0.283936	0.731934	-69.702148	78.125	227.844223
2024-02-03 23:56:21.780	-0.783203	0.102539	0.800781	-41.381832	81.909172	219.970688
2024-02-03 23:56:21.790	-0.819336	-0.027588	0.968994	-33.508301	83.496086	209.289536
2024-02-03 23:56:21.799	-0.840576	0.025879	1.104004	-43.701168	79.833984	192.260727
2024-02-03 23:56:21.809	-0.881104	0.229492	1.114502	-58.1665	83.06884	164.12352
2024-02-03 23:56:21.819	-0.858887	0.398193	0.988281	-70.373535	86.914055	125.122063
2024-02-03 23:56:21.829	-0.744385	0.373047	0.847412	-64.819336	67.199707	91.308586
2024-02-03 23:56:21.840	-0.646973	0.251953	0.731689	-43.395992	32.958984	83.312981
2024-02-03 23:56:21.850	-0.568359	0.182129	0.637451	-35.400391	14.770507	95.947258
2024-02-03 23:56:21.860	-0.606201	0.11084	0.65332	-40.710445	26.489256	118.957512
2024-02-03 23:56:21.870	-0.723389	0.083252	0.718262	-51.635738	52.062984	144.65332
2024-02-03 23:56:21.880	-0.817383	0.150146	0.712646	-65.612793	73.608398	167.358383
2024-02-03 23:56:21.889	-0.882568	0.240234	0.606445	-77.209473	91.613762	181.091293
2024-02-03 23:56:21.899	-0.88916	0.270264	0.474121	-86.547844	100.891106	183.471664
2024-02-03 23:56:21.909	-0.872803	0.282715	0.338379	-94.360344	96.313469	177.73436
2024-02-03 23:56:21.920	-0.867676	0.320313	0.286133	-96.130363	87.158195	171.020493
2024-02-03 23:56:21.930	-0.868408	0.407471	0.337158	-90.576164	82.763664	166.13768
2024-02-03 23:56:21.940	-0.83252	0.52002	0.418945	-80.13916	78.369141	159.973145
2024-02-03 23:56:21.950	-0.750732	0.617432	0.456787	-62.988277	71.899414	149.536133
2024-02-03 23:56:21.959	-0.625977	0.632813	0.459961	-39.0625	66.833496	137.817383
2024-02-03 23:56:21.969	-0.503662	0.560791	0.476074	-18.737793	63.659664	127.441399
2024-02-03 23:56:21.979	-0.369629	0.432373	0.543213	-8.605957	57.067867	119.323723
2024-02-03 23:56:21.989	-0.299561	0.315918	0.605957	-12.756347	50.23193	112.853996
2024-02-03 23:56:22.000	-0.26123	0.243896	0.672363	-27.465818	39.978027	102.844231
2024-02-03 23:56:22.010	-0.263428	0.202881	0.723389	-47.546383	26.428221	88.195793
2024-02-03 23:56:22.020	-0.333496	0.1875	0.743896	-69.580078	13.122558	70.617676
2024-02-03 23:56:22.030	-0.435547	0.190186	0.732422	-91.186516	4.394531	51.818844
2024-02-03 23:56:22.040	-0.529541	0.220459	0.758545	-109.191887	0.061035	31.921385
2024-02-03 23:56:22.049	-0.570313	0.215576	0.79541	-122.924797	-2.563476	11.291503
2024-02-03 23:56:22.059	-0.587891	0.16748	0.818115	-136.657715	-0.854492	-6.713867
2024-02-03 23:56:22.069	-0.618652	0.133301	0.858887	-149.719238	2.685547	-20.446775
2024-02-03 23:56:22.079	-0.639404	0.169189	0.844971	-157.226563	6.347656	-29.663084
2024-02-03 23:56:22.090	-0.612305	0.266602	0.784912	-154.846191	6.835937	-35.03418
2024-02-03 23:56:22.100	-0.571045	0.368408	0.739014	-141.052246	1.586914	-37.963867
2024-02-03 23:56:22.109	-0.557861	0.400879	0.774658	-120.666496	-9.643555	-39.0625
2024-02-03 23:56:22.119	-0.564697	0.347412	0.887939	-103.088371	-20.324705	-39.550781
2024-02-03 23:56:22.129	-0.582275	0.196533	0.94458	-93.261711	-25.634764	-39.001465
2024-02-03 23:56:22.138	-0.68457	0.117676	0.872314	-86.85302	-22.949217	-35.522461
2024-02-03 23:56:22.148	-0.792236	0.197266	0.773926	-75.98877	-19.65332	-32.653809
2024-02-03 23:56:22.158	-0.813477	0.276367	0.743408	-57.617184	-28.381346	-33.203125
2024-02-03 23:56:22.168	-0.755371	0.289307	0.740723	-37.04834	-40.588375	-34.423828
2024-02-03 23:56:22.177	-0.690186	0.263672	0.797607	-18.249512	-42.785641	-32.531738
2024-02-03 23:56:22.187	-0.654297	0.244629	0.86377	-5.065917	-35.583496	-28.442381
2024-02-03 23:56:22.197	-0.66626	0.257324	0.876221	5.310058	-24.719236	-24.780272
2024-02-03 23:56:22.207	-0.67334	0.254639	0.855225	16.418457	-17.944336	-22.521971
2024-02-03 23:56:22.216	-0.65332	0.212891	0.819336	26.611326	-17.63916	-18.188477
2024-02-03 23:56:22.226	-0.639893	0.171875	0.778564	33.02002	-18.859863	-9.765625
2024-02-03 23:56:22.236	-0.663818	0.164307	0.758301	35.766602	-17.76123	0.549316
2024-02-03 23:56:22.246	-0.696289	0.179199	0.758789	36.682129	-16.113281	8.300781
2024-02-03 23:56:22.256	-0.715576	0.18457	0.768799	36.682129	-15.808105	13.122558
2024-02-03 23:56:22.265	-0.737061	0.195557	0.758301	35.522461	-14.953612	16.357422
2024-02-03 23:56:22.275	-0.754883	0.219971	0.747559	35.705566	-13.122558	19.104004
2024-02-03 23:56:22.285	-0.769287	0.251465	0.727295	37.04834	-10.253905	22.15576
2024-02-03 23:56:22.295	-0.776367	0.266357	0.709961	39.0625	-6.774902	25.268553
2024-02-03 23:56:22.304	-0.773438	0.267334	0.70752	39.611816	-3.234863	27.587889
2024-02-03 23:56:22.314	-0.759521	0.258301	0.718506	39.855957	-0.244141	28.381346
2024-02-03 23:56:22.324	-0.737305	0.248047	0.739014	39.794922	2.746582	28.625486
2024-02-03 23:56:22.333	-0.708496	0.237305	0.73584	39.001465	4.577637	28.747557
2024-02-03 23:56:22.343	-0.676025	0.226807	0.736572	37.902832	5.004883	29.174803
2024-02-03 23:56:22.353	-0.642822	0.219727	0.728027	35.644531	4.333496	30.2124
2024-02-03 23:56:22.363	-0.617676	0.217773	0.726318	32.348633	3.051758	31.433104
2024-02-03 23:56:22.373	-0.59375	0.230469	0.718262	28.808592	0.183105	32.775879
2024-02-03 23:56:22.382	-0.580322	0.257324	0.698242	26.367186	-2.258301	34.240723
2024-02-03 23:56:22.392	-0.572021	0.271484	0.693359	24.719236	-3.173828	35.03418
2024-02-03 23:56:22.402	-0.563965	0.277344	0.68042	22.827147	-4.516602	35.766602
2024-02-03 23:56:22.412	-0.560791	0.270264	0.689453	22.3999	-6.286621	36.437988
2024-02-03 23:56:22.421	-0.565918	0.261475	0.702393	21.362303	-6.469726	36.865234
2024-02-03 23:56:22.431	-0.575684	0.261963	0.706299	19.165039	-4.516602	37.414551
2024-02-03 23:56:22.441	-0.593506	0.26709	0.719971	16.357422	-2.075195	37.475586
2024-02-03 23:56:22.451	-0.598877	0.277344	0.723389	13.610839	0.305176	36.621094
2024-02-03 23:56:22.460	-0.587402	0.288574	0.723389	12.023925	2.685547	35.27832
2024-02-03 23:56:22.470	-0.573486	0.293213	0.732422	11.535644	4.02832	33.874512
2024-02-03 23:56:22.480	-0.544922	0.292236	0.740234	11.047362	3.601074	32.592773
2024-02-03 23:56:22.489	-0.515381	0.29126	0.757813	10.31494	0.366211	30.578611
2024-02-03 23:56:22.500	-0.501221	0.284668	0.759766	10.19287	-3.540039	27.770994
2024-02-03 23:56:22.510	-0.508545	0.282959	0.75293	9.399414	-5.615234	24.475096
2024-02-03 23:56:22.520	-0.526123	0.286377	0.748779	7.629394	-5.737304	21.301268
2024-02-03 23:56:22.530	-0.533447	0.298828	0.747314	5.859375	-5.126953	18.371582
2024-02-03 23:56:22.540	-0.529297	0.311768	0.746338	5.493164	-4.150391	15.563964
2024-02-03 23:56:22.549	-0.53125	0.312988	0.754639	6.652832	-2.624511	13.305663
2024-02-03 23:56:22.559	-0.536377	0.309326	0.776123	7.324218	-0.915527	11.779784
2024-02-03 23:56:22.569	-0.533691	0.311035	0.784668	6.408691	0.732422	10.620116
2024-02-03 23:56:22.579	-0.522705	0.317139	0.773438	5.493164	2.563476	9.399414
2024-02-03 23:56:22.590	-0.51709	0.320557	0.764893	5.310058	4.333496	7.446289
2024-02-03 23:56:22.600	-0.513428	0.321045	0.766357	5.187988	5.676269	5.371093
2024-02-03 23:56:22.610	-0.505859	0.31958	0.76416	4.638672	6.652832	3.540039
2024-02-03 23:56:22.620	-0.499268	0.31958	0.764893	4.089355	7.690429	1.770019
2024-02-03 23:56:22.630	-0.497803	0.320801	0.762939	3.784179	8.483887	-0.549316
2024-02-03 23:56:22.639	-0.49585	0.321533	0.77124	3.479004	8.666992	-3.173828
2024-02-03 23:56:22.649	-0.488037	0.325195	0.771484	2.868652	7.751464	-5.981445
2024-02-03 23:56:22.659	-0.476807	0.330078	0.772949	2.319336	6.04248	-8.422852
2024-02-03 23:56:22.670	-0.458252	0.327393	0.768066	1.647949	4.150391	-10.31494
2024-02-03 23:56:22.680	-0.441895	0.323486	0.76709	0.854492	2.441406	-11.779784
2024-02-03 23:56:22.690	-0.426025	0.315918	0.773438	0.305176	0.366211	-13.610839
2024-02-03 23:56:22.700	-0.405762	0.321533	0.755615	-0.244141	-2.075195	-15.99121
2024-02-03 23:56:22.709	-0.384766	0.332031	0.724854	0.610352	-4.455566	-18.981934
2024-02-03 23:56:22.719	-0.400391	0.342041	0.696045	3.479004	-6.16455	-22.338865
2024-02-03 23:56:22.729	-0.444824	0.350342	0.703369	9.277344	-7.873535	-25.390623
2024-02-03 23:56:22.739	-0.488525	0.350586	0.728271	16.967773	-10.803222	-27.709959
2024-02-03 23:56:22.750	-0.516602	0.366699	0.742432	26.489256	-15.808105	-30.151365
2024-02-03 23:56:22.760	-0.549072	0.377686	0.757324	36.132813	-20.629881	-32.653809
2024-02-03 23:56:22.770	-0.60376	0.343018	0.819092	43.762203	-26.245115	-35.15625
2024-02-03 23:56:22.780	-0.649414	0.269775	0.864258	52.185055	-36.499023	-38.269043
2024-02-03 23:56:22.790	-0.640381	0.206787	0.855469	58.776852	-45.166012	-44.067379
2024-02-03 23:56:22.799	-0.590332	0.176025	0.801514	54.809566	-48.583981	-52.001949
2024-02-03 23:56:22.809	-0.52832	0.177734	0.734131	44.738766	-56.335445	-59.814449
2024-02-03 23:56:22.819	-0.491943	0.221191	0.703125	39.672852	-73.791504	-65.185547
2024-02-03 23:56:22.829	-0.496094	0.272949	0.7854	40.344234	-89.050285	-72.32666
2024-02-03 23:56:22.840	-0.449951	0.297607	0.840576	32.958984	-99.731438	-85.571281
2024-02-03 23:56:22.850	-0.300537	0.331787	0.799561	16.662598	-112.792961	-105.346672
2024-02-03 23:56:22.860	-0.169434	0.369385	0.788818	3.90625	-125.488274	-123.596184
2024-02-03 23:56:22.870	-0.112061	0.373535	0.767578	-5.249023	-127.990715	-138.549805
2024-02-03 23:56:22.880	-0.115479	0.358643	0.735596	-10.0708	-125.488274	-151.977539
2024-02-03 23:56:22.889	-0.150879	0.300049	0.767578	-6.652832	-122.375481	-166.625961
2024-02-03 23:56:22.899	-0.179199	0.223389	0.8479	-1.159668	-117.370598	-179.260239
2024-02-03 23:56:22.909	-0.114746	0.195801	0.855957	-0.976562	-115.417473	-189.819321
2024-02-03 23:56:22.920	-0.046631	0.189453	0.874268	-1.159668	-116.333	-208.862289
2024-02-03 23:56:22.930	-0.041992	0.17749	1.030518	11.657714	-104.858391	-234.863266
2024-02-03 23:56:22.940	-0.081055	0.137695	1.110352	34.545898	-77.941895	-252.807602
2024-02-03 23:56:22.950	-0.130127	0.082275	1.071045	52.36816	-53.100582	-259.765625
2024-02-03 23:56:22.959	-0.209961	0.029053	1.071533	61.035152	-37.963867	-258.544922
2024-02-03 23:56:22.969	-0.32666	-0.009766	1.107178	63.110348	-30.700682	-251.831039
2024-02-03 23:56:22.979	-0.42334	-0.046143	1.123535	59.448238	-27.587889	-241.760239
2024-02-03 23:56:22.989	-0.484131	-0.071777	1.111572	47.790524	-27.893064	-229.919418
2024-02-03 23:56:23.000	-0.548096	-0.056152	1.072021	31.677244	-31.005857	-219.665512
2024-02-03 23:56:23.010	-0.631104	-0.028564	0.976807	22.3999	-35.27832	-213.806137
2024-02-03 23:56:23.020	-0.674805	-0.038574	0.892578	22.27783	-39.367676	-213.378891
2024-02-03 23:56:23.030	-0.694824	-0.027832	0.885742	18.676758	-43.701168	-212.341293
2024-02-03 23:56:23.040	-0.680176	0.01123	0.93335	11.901855	-45.104977	-212.951645
2024-02-03 23:56:23.049	-0.662109	0.063232	0.98291	9.277344	-38.879395	-217.712387
2024-02-03 23:56:23.059	-0.628418	0.102051	0.987305	11.291503	-30.2124	-226.318344
2024-02-03 23:56:23.069	-0.553223	0.137451	0.988281	13.488769	-20.507811	-234.680161
2024-02-03 23:56:23.079	-0.411621	0.194336	0.997803	13.671874	-9.277344	-240.23436
2024-02-03 23:56:23.090	-0.260254	0.230957	0.956543	12.695312	1.403808	-244.26268
2024-02-03 23:56:23.100	-0.158691	0.201416	0.959229	15.808105	7.93457	-244.445786
2024-02-03 23:56:23.110	-0.068604	0.122559	1.002197	25.695799	8.239746	-236.267075
2024-02-03 23:56:23.120	0.006592	0.020752	1.037354	38.024902	6.16455	-219.787582
2024-02-03 23:56:23.130	-0.000732	-0.041016	1.057373	44.128414	6.347656	-194.946274
2024-02-03 23:56:23.139	-0.120361	-0.033203	1.078857	49.621578	6.225585	-165.161118
2024-02-03 23:56:23.149	-0.283203	-0.025146	1.11084	62.438961	2.502441	-138.061523
2024-02-03 23:56:23.159	-0.428467	-0.053955	1.122559	73.425293	-5.981445	-116.45507
2024-02-03 23:56:23.170	-0.553467	-0.063721	1.085449	71.166992	-17.089844	-99.243156
2024-02-03 23:56:23.180	-0.658691	-0.042969	1.005859	57.617184	-30.700682	-84.716789
2024-02-03 23:56:23.190	-0.724609	0.002686	0.944824	41.992184	-44.372555	-73.242188
2024-02-03 23:56:23.200	-0.741455	0.038086	0.928467	32.409668	-51.818844	-66.28418
2024-02-03 23:56:23.209	-0.751465	0.051514	0.922607	31.738279	-48.21777	-64.025879
2024-02-03 23:56:23.219	-0.753662	0.055908	0.890381	36.499023	-37.17041	-66.467285
2024-02-03 23:56:23.229	-0.749023	0.050049	0.83252	42.41943	-27.221678	-72.753906
2024-02-03 23:56:23.239	-0.733398	0.044922	0.733643	46.264645	-26.794432	-81.420891
2024-02-03 23:56:23.250	-0.704834	0.04126	0.638428	48.034664	-40.40527	-91.430656
2024-02-03 23:56:23.260	-0.711426	0.003662	0.527588	50.47607	-65.917969	-102.111809
2024-02-03 23:56:23.270	-0.767578	0.01709	0.377686	52.062984	-93.139641	-115.051262
2024-02-03 23:56:23.280	-0.761475	0.064697	0.409668	54.443356	-102.47802	-132.019043
2024-02-03 23:56:23.290	-0.661865	0.050049	0.714355	53.161617	-83.740227	-140.014648
2024-02-03 23:56:23.299	-0.50293	0.042236	0.914551	36.437988	-45.166012	-134.765625
2024-02-03 23:56:23.309	-0.38623	0.070801	0.898438	17.944336	1.647949	-122.070305
2024-02-03 23:56:23.319	-0.313721	0.082764	0.9021	9.216309	39.550781	-106.872551
2024-02-03 23:56:23.329	-0.256592	0.070557	0.970459	-0.732422	65.734863	-88.98925
2024-02-03 23:56:23.340	-0.271484	0.087646	1.021484	-18.981934	84.533684	-72.265625
2024-02-03 23:56:23.350	-0.344238	0.130615	0.999756	-32.775879	90.148918	-62.07275
2024-02-03 23:56:23.360	-0.390625	0.172119	0.941162	-36.987305	81.05468	-55.603024
2024-02-03 23:56:23.369	-0.369873	0.191162	0.897461	-33.752441	68.115234	-48.278805
2024-02-03 23:56:23.379	-0.329102	0.181885	0.876221	-21.911619	55.969234	-39.367676
2024-02-03 23:56:23.389	-0.327148	0.14502	0.904053	-0.671387	45.227047	-30.395506
2024-02-03 23:56:23.399	-0.368896	0.077637	0.96167	20.690916	32.897949	-21.850584
2024-02-03 23:56:23.409	-0.431885	-0.002197	1.039551	33.874512	15.808105	-13.793944
2024-02-03 23:56:23.420	-0.519287	-0.080811	1.138672	36.254883	0.0	-6.652832
2024-02-03 23:56:23.430	-0.576172	-0.125977	1.189209	26.000975	-10.437011	-2.624511
2024-02-03 23:56:23.440	-0.564941	-0.10083	1.158447	7.080078	-17.63916	-3.173828
2024-02-03 23:56:23.450	-0.527832	-0.020264	1.135498	-11.230468	-23.376463	-6.835937
2024-02-03 23:56:23.459	-0.559814	0.061523	1.138428	-20.1416	-19.65332	-12.268065
2024-02-03 23:56:23.469	-0.610107	0.081055	1.112305	-14.22119	-8.972168	-21.179197
2024-02-03 23:56:23.479	-0.626709	0.035156	1.12085	0.244141	-6.408691	-30.639647
2024-02-03 23:56:23.489	-0.638184	-0.013428	1.145508	12.939452	-13.305663	-36.193848
2024-02-03 23:56:23.500	-0.626709	-0.045166	1.130127	18.493652	-20.324705	-39.0625
2024-02-03 23:56:23.510	-0.577637	-0.071289	1.112549	18.798828	-23.071287	-39.550781
2024-02-03 23:56:23.520	-0.541992	-0.090576	1.092529	16.723633	-16.174316	-35.339355
2024-02-03 23:56:23.530	-0.54834	-0.099365	1.053955	16.784668	1.220703	-26.18408
2024-02-03 23:56:23.540	-0.544678	-0.097412	0.998047	18.981934	21.301268	-14.282226
2024-02-03 23:56:23.549	-0.512451	-0.078369	0.947754	18.981934	36.193848	-1.770019
2024-02-03 23:56:23.559	-0.467285	-0.05957	0.92627	20.751951	43.823238	8.483887
2024-02-03 23:56:23.569	-0.390381	-0.071777	0.89624	27.099607	44.43359	14.648437
2024-02-03 23:56:23.579	-0.28125	-0.108887	0.83374	32.836914	39.611816	17.822266
2024-02-03 23:56:23.590	-0.192871	-0.144531	0.770508	33.325195	33.14209	18.371582
2024-02-03 23:56:23.600	-0.117188	-0.165039	0.730713	31.188963	28.015135	13.916015
2024-02-03 23:56:23.610	-0.076172	-0.158447	0.710938	29.235838	22.705076	5.249023
2024-02-03 23:56:23.620	-0.126465	-0.123779	0.729004	27.099607	16.662598	-2.563476
2024-02-03 23:56:23.630	-0.222412	-0.071533	0.80542	23.620604	9.887695	-7.690429
2024-02-03 23:56:23.639	-0.29834	-0.009277	0.862305	19.836426	2.502441	-11.657714
2024-02-03 23:56:23.649	-0.357666	0.058105	0.904785	18.432617	-5.981445	-16.052246
2024-02-03 23:56:23.659	-0.402344	0.111572	0.937744	18.615723	-13.671874	-21.301268
2024-02-03 23:56:23.670	-0.431641	0.157715	0.953369	17.578125	-17.76123	-25.390623
2024-02-03 23:56:23.680	-0.437256	0.196777	0.938477	15.563964	-18.249512	-26.855467
2024-02-03 23:56:23.690	-0.435059	0.226318	0.912109	16.845703	-17.63916	-26.733397
2024-02-03 23:56:23.700	-0.437256	0.224854	0.915039	23.925779	-17.150879	-25.634764
2024-02-03 23:56:23.709	-0.436768	0.195557	0.94873	33.203125	-17.456055	-22.644041
2024-02-03 23:56:23.719	-0.417725	0.150146	0.973389	41.748043	-18.981934	-18.554688
2024-02-03 23:56:23.729	-0.387695	0.08252	0.946045	48.767086	-20.446775	-15.075683
2024-02-03 23:56:23.739	-0.349854	0.013672	0.876221	55.541988	-20.568846	-13.427733
2024-02-03 23:56:23.750	-0.322998	-0.047607	0.822021	62.19482	-19.165039	-13.305663
2024-02-03 23:56:23.760	-0.320068	-0.091553	0.807373	65.002441	-15.747069	-13.305663
2024-02-03 23:56:23.770	-0.342529	-0.105713	0.84668	62.683102	-11.901855	-12.939452
2024-02-03 23:56:23.780	-0.378662	-0.088867	0.939697	55.419918	-9.216309	-12.695312
2024-02-03 23:56:23.790	-0.400146	-0.031494	1.012451	42.66357	-7.446289	-12.451171
2024-02-03 23:56:23.799	-0.398438	0.059082	0.996094	27.343748	-6.469726	-12.573241
2024-02-03 23:56:23.809	-0.395996	0.141602	0.953369	14.892577	-6.530761	-14.282226
2024-02-03 23:56:23.819	-0.416504	0.189941	0.953369	4.882813	-7.93457	-17.028809
2024-02-03 23:56:23.829	-0.459717	0.179688	0.951416	-5.798339	-9.643555	-20.568846
2024-02-03 23:56:23.840	-0.48584	0.116455	0.915283	-18.920898	-8.850098	-24.841307
2024-02-03 23:56:23.850	-0.482666	0.051025	0.84082	-35.522461	-4.211426	-29.785154
2024-02-03 23:56:23.860	-0.483643	0.009521	0.771484	-49.560543	-3.417969	-36.560059
2024-02-03 23:56:23.870	-0.490723	-0.024414	0.706055	-57.434078	-13.671874	-44.55566
2024-02-03 23:56:23.880	-0.515381	-0.061279	0.687744	-60.974117	-27.9541	-51.025387
2024-02-03 23:56:23.889	-0.554199	-0.080811	0.675781	-63.720699	-32.226563	-55.358883
2024-02-03 23:56:23.899	-0.593262	-0.104736	0.613037	-65.612793	-27.9541	-57.922359
2024-02-03 23:56:23.909	-0.610107	-0.136475	0.561035	-66.28418	-28.259275	-58.471676
2024-02-03 23:56:23.920	-0.569092	-0.161377	0.599609	-67.504883	-31.98242	-55.725094
2024-02-03 23:56:23.930	-0.520996	-0.162109	0.682861	-69.458008	-26.428221	-49.255367
2024-02-03 23:56:23.940	-0.493896	-0.141357	0.738525	-71.655273	-10.0708	-39.245605
2024-02-03 23:56:23.950	-0.511963	-0.123291	0.765625	-72.265625	8.422852	-27.526854
2024-02-03 23:56:23.959	-0.541016	-0.117676	0.811768	-72.265625	21.728514	-17.211914
2024-02-03 23:56:23.969	-0.555908	-0.11499	0.892578	-74.645996	31.433104	-10.131835
2024-02-03 23:56:23.979	-0.570801	-0.107178	0.964844	-80.01709	40.283199	-5.676269
2024-02-03 23:56:23.989	-0.568359	-0.07959	0.971924	-87.341301	45.898434	-1.525879
2024-02-03 23:56:24.000	-0.555908	-0.034912	0.941406	-93.566887	45.654293	3.540039
2024-02-03 23:56:24.010	-0.561523	-0.000244	0.948486	-95.397942	41.625973	9.033203
2024-02-03 23:56:24.020	-0.564209	0.014404	0.9646	-94.360344	36.193848	15.441894
2024-02-03 23:56:24.030	-0.55957	0.000244	0.948975	-90.270988	29.418943	22.766111
2024-02-03 23:56:24.040	-0.545166	-0.061035	0.910645	-81.115715	20.996092	30.09033
2024-02-03 23:56:24.049	-0.543701	-0.157959	0.868164	-71.411133	14.22119	38.330078
2024-02-03 23:56:24.059	-0.544434	-0.243652	0.814209	-64.880371	8.972168	48.400875
2024-02-03 23:56:24.069	-0.546387	-0.291992	0.755859	-59.570309	3.356933	58.959957
2024-02-03 23:56:24.079	-0.551025	-0.316406	0.735596	-54.748531	-1.831055	68.54248
2024-02-03 23:56:24.090	-0.552002	-0.317871	0.759521	-51.269527	-4.882813	75.134277
2024-02-03 23:56:24.099	-0.549316	-0.291016	0.800293	-48.706051	-3.417969	76.35498
2024-02-03 23:56:24.109	-0.552002	-0.26123	0.86499	-46.081539	0.12207	73.425293
2024-02-03 23:56:24.119	-0.573975	-0.224121	0.947754	-46.691891	4.699707	70.983887
2024-02-03 23:56:24.128	-0.597168	-0.197998	0.99585	-52.36816	9.82666	71.350098
2024-02-03 23:56:24.138	-0.609619	-0.198486	0.983643	-61.035152	10.986327	75.073242
2024-02-03 23:56:24.148	-0.641113	-0.214111	0.943848	-70.922852	7.019042	80.078125
2024-02-03 23:56:24.158	-0.686279	-0.245605	0.88501	-79.406738	-2.502441	80.078125
2024-02-03 23:56:24.167	-0.698975	-0.275635	0.852783	-84.594719	-19.348145	73.059082
2024-02-03 23:56:24.177	-0.710693	-0.297119	0.852051	-86.85302	-33.081055	65.490723
2024-02-03 23:56:24.187	-0.801025	-0.327148	0.866455	-85.327141	-33.752441	59.93652
2024-02-03 23:56:24.197	-0.907471	-0.390869	0.856201	-84.655754	-29.296873	54.809566
2024-02-03 23:56:24.207	-0.909424	-0.443115	0.80249	-90.393059	-30.395506	49.804684
2024-02-03 23:56:24.216	-0.802734	-0.443115	0.751709	-93.505852	-32.897949	45.104977
2024-02-03 23:56:24.226	-0.674072	-0.436035	0.760254	-84.777824	-28.930662	40.893551
2024-02-03 23:56:24.236	-0.569336	-0.451904	0.763184	-70.922852	-20.1416	37.536621
2024-02-03 23:56:24.246	-0.533447	-0.465332	0.767578	-56.213375	-12.390136	34.179688
2024-02-03 23:56:24.255	-0.533691	-0.467285	0.837158	-37.04834	-11.840819	28.747557
2024-02-03 23:56:24.265	-0.521484	-0.491699	0.979492	-18.554688	-18.005371	24.04785
2024-02-03 23:56:24.275	-0.522949	-0.517822	1.078125	-10.498046	-26.489256	23.986814
2024-02-03 23:56:24.284	-0.524414	-0.530762	1.078857	-13.427733	-37.841797	29.052732
2024-02-03 23:56:24.294	-0.491455	-0.508789	1.039307	-24.414061	-51.940914	39.428711
2024-02-03 23:56:24.304	-0.476563	-0.446045	1.005859	-38.208008	-63.84277	52.490231
2024-02-03 23:56:24.314	-0.497314	-0.371338	0.997803	-46.142574	-73.120117	62.622066
2024-02-03 23:56:24.323	-0.523682	-0.324219	1.016357	-46.081539	-81.665031	69.030762
2024-02-03 23:56:24.333	-0.538086	-0.288086	0.978271	-41.870113	-88.684074	74.584961
2024-02-03 23:56:24.343	-0.536133	-0.25708	0.913086	-34.423828	-90.88134	80.810539
2024-02-03 23:56:24.353	-0.541992	-0.246338	0.930176	-20.324705	-89.538567	85.083
2024-02-03 23:56:24.363	-0.57666	-0.262207	1.033203	-1.464844	-84.167473	84.83886
2024-02-03 23:56:24.372	-0.636719	-0.269775	1.128174	15.624999	-73.547363	79.467773
2024-02-03 23:56:24.382	-0.651367	-0.257813	1.111816	30.395506	-63.659664	66.101074
2024-02-03 23:56:24.392	-0.617676	-0.243896	1.031006	42.907711	-55.847164	43.701168
2024-02-03 23:56:24.402	-0.567383	-0.219971	0.915527	49.804684	-44.799801	17.028809
2024-02-03 23:56:24.411	-0.539551	-0.183838	0.811279	53.894039	-32.592773	-8.056641
2024-02-03 23:56:24.421	-0.529297	-0.176758	0.802246	62.927242	-22.644041	-29.907225
2024-02-03 23:56:24.431	-0.509033	-0.205322	0.8479	73.364258	-11.352538	-46.874996
2024-02-03 23:56:24.441	-0.472412	-0.24292	0.898926	80.01709	1.708984	-57.189938
2024-02-03 23:56:24.450	-0.417969	-0.298584	0.889893	85.388176	17.211914	-61.523434
2024-02-03 23:56:24.460	-0.404053	-0.373535	0.892578	89.416496	34.912109	-64.39209
2024-02-03 23:56:24.470	-0.449219	-0.426514	0.848389	84.777824	52.185055	-67.382813
2024-02-03 23:56:24.479	-0.456299	-0.421387	0.779541	73.364258	57.617184	-69.824219
2024-02-03 23:56:24.489	-0.408691	-0.37793	0.748291	62.255856	54.321285	-72.387695
2024-02-03 23:56:24.500	-0.37793	-0.313477	0.740723	52.36816	48.950191	-74.829102
2024-02-03 23:56:24.510	-0.348145	-0.22583	0.78125	43.334957	35.705566	-72.32666
2024-02-03 23:56:24.520	-0.293213	-0.106445	0.890625	39.550781	21.179197	-61.096188
2024-02-03 23:56:24.530	-0.244629	-0.005127	1.031738	47.363277	14.09912	-46.56982
2024-02-03 23:56:24.540	-0.258301	0.055908	1.118652	62.499996	16.357422	-33.02002
2024-02-03 23:56:24.549	-0.31543	0.074219	1.164063	83.129875	21.850584	-19.592285
2024-02-03 23:56:24.559	-0.358643	0.040771	1.228027	108.764641	21.667479	-7.568359
2024-02-03 23:56:24.569	-0.367188	-0.038086	1.311035	131.713867	18.615723	1.525879
2024-02-03 23:56:24.579	-0.37207	-0.116699	1.366699	145.019531	16.845703	7.690429
2024-02-03 23:56:24.590	-0.421875	-0.196289	1.365723	152.709961	14.526366	8.911133
2024-02-03 23:56:24.600	-0.523926	-0.257568	1.331299	155.212402	11.535644	5.065917
2024-02-03 23:56:24.610	-0.606689	-0.28418	1.23999	155.029297	3.112793	-4.089355
2024-02-03 23:56:24.620	-0.612793	-0.279053	1.13208	155.944824	-5.554199	-18.066406
2024-02-03 23:56:24.630	-0.572021	-0.241211	1.046387	155.334473	-7.080078	-33.203125
2024-02-03 23:56:24.639	-0.529541	-0.157715	0.942139	154.602051	1.159668	-46.264645
2024-02-03 23:56:24.649	-0.458984	-0.045654	0.86792	155.944824	14.343261	-54.016109
2024-02-03 23:56:24.659	-0.379395	0.093018	0.822266	157.470703	24.414061	-54.748531
2024-02-03 23:56:24.670	-0.340088	0.189941	0.779297	158.935547	30.883787	-50.354
2024-02-03 23:56:24.680	-0.329102	0.20874	0.724121	156.799316	35.888672	-42.968746
2024-02-03 23:56:24.690	-0.248047	0.183838	0.638916	142.883301	37.414551	-34.118652
2024-02-03 23:56:24.700	-0.02832	0.236084	0.442627	113.159172	34.545898	-21.362303
2024-02-03 23:56:24.709	0.202148	0.367432	0.256348	80.200195	27.587889	-5.676269
2024-02-03 23:56:24.719	0.250488	0.479248	0.145996	56.213375	19.40918	7.263183
2024-02-03 23:56:24.729	0.213623	0.517334	0.111328	46.813961	7.263183	15.624999
2024-02-03 23:56:24.739	0.175049	0.453857	0.159424	50.048824	-12.145995	21.240232
2024-02-03 23:56:24.750	0.088135	0.279785	0.366211	66.162109	-34.484863	18.432617
2024-02-03 23:56:24.760	-0.096436	0.043213	0.861328	85.571281	-51.330563	-0.549316
2024-02-03 23:56:24.770	-0.382324	-0.140137	1.531738	92.224113	-70.43457	-32.226563
2024-02-03 23:56:24.780	-0.561279	-0.106689	1.983887	81.542961	-116.760246	-64.086914
2024-02-03 23:56:24.790	-0.443604	0.063477	1.99707	73.303223	-184.448227	-79.711914
2024-02-03 23:56:24.799	-0.361816	0.281738	1.766846	75.012207	-212.402328	-64.331055
2024-02-03 23:56:24.809	-0.629395	0.472412	1.80835	90.393059	-215.270981	-27.526854
2024-02-03 23:56:24.819	-0.752197	0.709473	1.935303	128.845215	-224.060043	22.705076
2024-02-03 23:56:24.829	-0.685547	1.009033	2.007568	172.668442	-212.097153	78.308105
2024-02-03 23:56:24.840	-0.619141	1.222168	2.018311	198.791489	-177.9785	135.498047
2024-02-03 23:56:24.850	-0.538086	1.320557	1.93457	205.566391	-129.577637	191.223129
2024-02-03 23:56:24.860	-0.520264	1.13501	1.794922	206.054672	-86.303703	229.003891
2024-02-03 23:56:24.870	-0.397949	0.773438	1.512695	213.378891	-46.630856	212.219223
2024-02-03 23:56:24.880	-0.21167	0.37915	1.127686	206.176743	9.216309	143.615723
2024-02-03 23:56:24.889	-0.16626	0.167236	0.763184	171.325668	64.941406	58.349606
2024-02-03 23:56:24.899	-0.221924	0.308594	0.374023	120.36132	92.8955	-0.427246
2024-02-03 23:56:24.909	-0.108398	0.49292	0.125732	79.345703	106.140129	-27.465818
2024-02-03 23:56:24.920	0.017578	0.506348	0.066895	44.616695	125.061028	-34.667969
2024-02-03 23:56:24.930	-0.0354	0.481934	-0.149414	3.662109	134.338379	-36.071777
2024-02-03 23:56:24.940	-0.006592	0.467041	-0.27832	-37.597656	118.896477	-36.865234
2024-02-03 23:56:24.950	0.051514	0.316406	-0.013916	-71.838379	100.158684	-28.259275
2024-02-03 23:56:24.959	0.014404	0.130127	0.19458	-103.088371	86.364738	-18.371582
2024-02-03 23:56:24.969	-0.006104	-0.004639	0.191895	-131.04248	68.481445	-15.014647
2024-02-03 23:56:24.979	0.034912	-0.091309	0.155762	-162.902817	48.034664	-16.662598
2024-02-03 23:56:24.989	0.029541	-0.128662	0.220459	-201.538071	30.273436	-23.986814
2024-02-03 23:56:25.000	-0.028564	-0.152588	0.230713	-232.116684	19.714355	-34.545898
2024-02-03 23:56:25.010	-0.105713	-0.230469	0.086182	-239.440903	16.235352	-49.743649
2024-02-03 23:56:25.020	-0.137695	-0.335449	-0.137207	-232.849106	12.20703	-64.575195
2024-02-03 23:56:25.030	-0.046875	-0.432617	-0.230225	-226.440414	6.958007	-69.091797
2024-02-03 23:56:25.040	0.106934	-0.467041	-0.157715	-223.815903	13.671874	-57.128902
2024-02-03 23:56:25.049	0.120605	-0.411133	-0.130127	-214.538559	33.691406	-36.682129
2024-02-03 23:56:25.059	0.005859	-0.387695	-0.073242	-190.612778	56.27441	-16.418457
2024-02-03 23:56:25.069	-0.12207	-0.359619	0.102295	-168.273911	89.294426	8.422852
2024-02-03 23:56:25.079	-0.247559	-0.318115	0.263428	-148.4375	131.713867	32.104492
2024-02-03 23:56:25.090	-0.47168	-0.307373	0.530029	-126.342766	184.875473	40.161129
2024-02-03 23:56:25.100	-0.715332	-0.290039	0.934814	-109.985344	230.895981	35.15625
2024-02-03 23:56:25.110	-0.910645	-0.291992	1.241211	-106.140129	265.380859	18.493652
2024-02-03 23:56:25.120	-0.906494	-0.288818	1.125488	-110.900871	279.418945	-11.108397
2024-02-03 23:56:25.130	-0.793945	-0.325195	1.056641	-104.73632	271.54541	-42.724606
2024-02-03 23:56:25.139	-0.72583	-0.297607	1.091064	-104.553215	257.141113	-56.884762
2024-02-03 23:56:25.149	-0.693848	-0.240234	0.953613	-109.130852	233.215317	-50.659176
2024-02-03 23:56:25.159	-0.666016	-0.259766	0.831055	-102.844231	199.829086	-31.188963
2024-02-03 23:56:25.170	-0.679199	-0.310791	0.797119	-95.275871	154.846191	-3.173828
2024-02-03 23:56:25.180	-0.737549	-0.326904	0.78125	-99.304192	92.834465	27.404783
2024-02-03 23:56:25.190	-0.803223	-0.293701	0.747803	-109.741203	25.573729	52.551266
2024-02-03 23:56:25.200	-0.894287	-0.232422	0.796387	-117.675774	-30.456541	62.683102
2024-02-03 23:56:25.210	-0.986572	-0.17627	0.930664	-122.619621	-73.852539	59.570309
2024-02-03 23:56:25.220	-1.090088	-0.123535	1.142578	-128.90625	-102.47802	53.161617
2024-02-03 23:56:25.229	-1.168213	-0.047852	1.269531	-138.183594	-116.821281	48.706051
2024-02-03 23:56:25.239	-1.19751	0.027344	1.271973	-137.878418	-130.249023	48.278805
2024-02-03 23:56:25.250	-1.227051	0.031006	1.345215	-121.459953	-147.888184	52.185055
2024-02-03 23:56:25.260	-1.234131	-0.040283	1.481445	-102.233879	-159.545898	63.476559
2024-02-03 23:56:25.270	-1.261963	-0.135742	1.575439	-90.698235	-161.010727	84.96093
2024-02-03 23:56:25.280	-1.354492	-0.20752	1.619141	-86.425774	-151.306152	114.868156
2024-02-03 23:56:25.290	-1.408447	-0.256836	1.587891	-84.045403	-142.456055	149.230957
2024-02-03 23:56:25.299	-1.404297	-0.349365	1.697998	-75.500488	-137.756348	190.612778
2024-02-03 23:56:25.309	-1.417725	-0.445313	1.623047	-75.256348	-110.961906	244.567856
2024-02-03 23:56:25.319	-1.403809	-0.437988	1.336914	-91.491692	-83.06884	301.025391
2024-02-03 23:56:25.329	-1.357422	-0.365234	1.149414	-107.788078	-70.129395	346.374481
2024-02-03 23:56:25.340	-1.375732	-0.312012	1.022949	-111.022942	-56.518551	379.02829
2024-02-03 23:56:25.350	-1.417725	-0.276367	0.831055	-103.820793	-43.701168	402.099579
2024-02-03 23:56:25.360	-1.444824	-0.253906	0.613525	-87.585442	-30.944822	418.395966
2024-02-03 23:56:25.370	-1.452881	-0.253906	0.43457	-67.016602	-17.76123	425.537079
2024-02-03 23:56:25.380	-1.396973	-0.360107	0.351807	-44.799801	-7.93457	424.499481
2024-02-03 23:56:25.389	-1.363525	-0.521484	0.345215	-38.635254	11.352538	420.165985
2024-02-03 23:56:25.399	-1.268066	-0.629395	0.379639	-48.583981	45.776363	406.677216
2024-02-03 23:56:25.409	-1.041992	-0.65918	0.477295	-56.03027	87.707512	371.582001
2024-02-03 23:56:25.420	-0.799072	-0.601318	0.605469	-51.696774	122.619621	319.580078
2024-02-03 23:56:25.430	-0.564697	-0.556396	0.758301	-35.583496	145.080566	268.920898
2024-02-03 23:56:25.440	-0.435547	-0.532959	0.918457	-29.113768	152.954102	231.079086
2024-02-03 23:56:25.450	-0.37915	-0.466797	0.984131	-42.297359	141.723633	207.641586
2024-02-03 23:56:25.459	-0.329102	-0.382324	0.992432	-62.438961	118.652336	191.833481
2024-02-03 23:56:25.469	-0.278076	-0.3125	0.972656	-85.510246	91.796867	175.903305
2024-02-03 23:56:25.479	-0.256592	-0.22583	1.013184	-112.30468	60.791012	157.653809
2024-02-03 23:56:25.489	-0.271973	-0.101807	1.155273	-137.451172	27.832029	139.953613
2024-02-03 23:56:25.500	-0.211182	0.04126	1.172607	-158.935547	-2.868652	125.671379
2024-02-03 23:56:25.510	-0.138916	0.156738	1.018066	-175.903305	-27.770994	115.966789
2024-02-03 23:56:25.520	-0.061768	0.263184	0.678467	-190.246567	-42.297359	107.604973
2024-02-03 23:56:25.530	-0.00708	0.381104	0.219971	-197.692856	-45.715328	100.097649
2024-02-03 23:56:25.540	-0.01416	0.303711	0.020264	-189.45311	-45.776363	97.595207
2024-02-03 23:56:25.549	-0.012451	0.033691	0.060303	-183.166489	-36.560059	112.121574
2024-02-03 23:56:25.559	-0.106689	-0.196777	0.134521	-188.598618	-4.638672	145.629883
2024-02-03 23:56:25.569	-0.245361	-0.305664	0.140625	-192.138657	35.095215	184.509262
2024-02-03 23:56:25.579	-0.362305	-0.321533	0.123047	-190.795883	69.335938	219.909653
2024-02-03 23:56:25.590	-0.52832	-0.306641	0.166504	-192.382797	97.228996	249.511703
